[    0.000000] Booting Linux on physical CPU 0x0000000000 [0x411fd070]
[    0.000000] Linux version 5.15.10 (wq7@wq7-virtual-machine) (aarch64-linux-gnu-gcc (Ubuntu 11.4.0-1ubuntu1~22.04) 11.4.0, GNU ld (GNU Binutils for Ubuntu) 2.38) #9 SMP PREEMPT Mon Mar 16 23:06:44 CST 2026
[    0.000000] Machine model: linux,dummy-virt
[    0.000000] efi: UEFI not found.
[    0.000000] NUMA: No NUMA configuration found
[    0.000000] NUMA: Faking a node at [mem 0x0000000040000000-0x000000005fffffff]
[    0.000000] NUMA: NODE_DATA [mem 0x5fef0c00-0x5fef2fff]
[    0.000000] Zone ranges:
[    0.000000]   DMA      [mem 0x0000000040000000-0x000000005fffffff]
[    0.000000]   DMA32    empty
[    0.000000]   Normal   empty
[    0.000000] Movable zone start for each node
[    0.000000] Early memory node ranges
[    0.000000]   node   0: [mem 0x0000000040000000-0x000000005fffffff]
[    0.000000] Initmem setup node 0 [mem 0x0000000040000000-0x000000005fffffff]
[    0.000000] cma: Reserved 32 MiB at 0x000000005d400000
[    0.000000] psci: probing for conduit method from DT.
[    0.000000] psci: PSCIv0.2 detected in firmware.
[    0.000000] psci: Using standard PSCI v0.2 function IDs
[    0.000000] psci: Trusted OS migration not required
[    0.000000] percpu: Embedded 27 pages/cpu s72200 r8192 d30200 u110592
[    0.000000] Detected PIPT I-cache on CPU0
[    0.000000] CPU features: detected: Spectre-v2
[    0.000000] CPU features: detected: Spectre-v3a
[    0.000000] CPU features: detected: Spectre-v4
[    0.000000] CPU features: kernel page table isolation forced ON by KASLR
[    0.000000] CPU features: detected: Kernel page table isolation (KPTI)
[    0.000000] CPU features: detected: ARM erratum 834220
[    0.000000] CPU features: detected: ARM erratum 832075
[    0.000000] CPU features: detected: ARM errata 1165522, 1319367, or 1530923
[    0.000000] Built 1 zonelists, mobility grouping on.  Total pages: 129024
[    0.000000] Policy zone: DMA
[    0.000000] Kernel command line: console=ttyAMA0 rdinit=/init day32_verify_len=256 day32_verify_seed=0x41 day32_perf_len=256 day32_perf_seed=0x41 day32_perf_iter=1000 day32_perf_warmup=100 day32_dma_lite_len=64 day32_dma_lite_iter=32 day32_dma_lite_warmup=4 day32_profile_mode=full day32_run_dma_lite=1
[    0.000000] Unknown kernel command line parameters "day32_verify_len=256 day32_verify_seed=0x41 day32_perf_len=256 day32_perf_seed=0x41 day32_perf_iter=1000 day32_perf_warmup=100 day32_dma_lite_len=64 day32_dma_lite_iter=32 day32_dma_lite_warmup=4 day32_profile_mode=full day32_run_dma_lite=1", will be passed to user space.
[    0.000000] Dentry cache hash table entries: 65536 (order: 7, 524288 bytes, linear)
[    0.000000] Inode-cache hash table entries: 32768 (order: 6, 262144 bytes, linear)
[    0.000000] mem auto-init: stack:off, heap alloc:off, heap free:off
[    0.000000] Memory: 449996K/524288K available (10688K kernel code, 3264K rwdata, 6640K rodata, 7168K init, 444K bss, 41524K reserved, 32768K cma-reserved)
[    0.000000] SLUB: HWalign=64, Order=0-3, MinObjects=0, CPUs=1, Nodes=1
[    0.000000] ftrace: allocating 38233 entries in 150 pages
[    0.000000] ftrace: allocated 150 pages with 4 groups
[    0.000000] trace event string verifier disabled
[    0.000000] rcu: Preemptible hierarchical RCU implementation.
[    0.000000] rcu: 	RCU event tracing is enabled.
[    0.000000] rcu: 	RCU restricting CPUs from NR_CPUS=256 to nr_cpu_ids=1.
[    0.000000] 	Trampoline variant of Tasks RCU enabled.
[    0.000000] 	Rude variant of Tasks RCU enabled.
[    0.000000] rcu: RCU calculated value of scheduler-enlistment delay is 25 jiffies.
[    0.000000] rcu: Adjusting geometry for rcu_fanout_leaf=16, nr_cpu_ids=1
[    0.000000] NR_IRQS: 64, nr_irqs: 64, preallocated irqs: 0
[    0.000000] Root IRQ handler: gic_handle_irq
[    0.000000] GICv2m: range[mem 0x08020000-0x08020fff], SPI[80:143]
[    0.000000] random: get_random_bytes called from start_kernel+0x514/0x700 with crng_init=0
[    0.000000] arch_timer: cp15 timer(s) running at 62.50MHz (virt).
[    0.000000] clocksource: arch_sys_counter: mask: 0xffffffffffffff max_cycles: 0x1cd42e208c, max_idle_ns: 881590405314 ns
[    0.000049] sched_clock: 56 bits at 62MHz, resolution 16ns, wraps every 4398046511096ns
[    0.002574] Console: colour dummy device 80x25
[    0.003937] Calibrating delay loop (skipped), value calculated using timer frequency.. 125.00 BogoMIPS (lpj=250000)
[    0.004054] pid_max: default: 32768 minimum: 301
[    0.004582] LSM: Security Framework initializing
[    0.005210] Mount-cache hash table entries: 1024 (order: 1, 8192 bytes, linear)
[    0.005240] Mountpoint-cache hash table entries: 1024 (order: 1, 8192 bytes, linear)
[    0.023862] /cpus/cpu-map: empty cluster
[    0.028936] rcu: Hierarchical SRCU implementation.
[    0.031815] EFI services will not be available.
[    0.032272] smp: Bringing up secondary CPUs ...
[    0.032338] smp: Brought up 1 node, 1 CPU
[    0.032359] SMP: Total of 1 processors activated.
[    0.032408] CPU features: detected: 32-bit EL0 Support
[    0.032425] CPU features: detected: 32-bit EL1 Support
[    0.032467] CPU features: detected: CRC32 instructions
[    0.051638] CPU: All CPU(s) started at EL1
[    0.051937] alternatives: patching kernel code
[    0.061025] devtmpfs: initialized
[    0.066016] KASLR enabled
[    0.066613] clocksource: jiffies: mask: 0xffffffff max_cycles: 0xffffffff, max_idle_ns: 7645041785100000 ns
[    0.066737] futex hash table entries: 256 (order: 2, 16384 bytes, linear)
[    0.069850] pinctrl core: initialized pinctrl subsystem
[    0.076093] DMI not present or invalid.
[    0.082549] DMA: preallocated 128 KiB GFP_KERNEL pool for atomic allocations
[    0.082812] DMA: preallocated 128 KiB GFP_KERNEL|GFP_DMA pool for atomic allocations
[    0.083021] DMA: preallocated 128 KiB GFP_KERNEL|GFP_DMA32 pool for atomic allocations
[    0.085772] thermal_sys: Registered thermal governor 'step_wise'
[    0.085804] thermal_sys: Registered thermal governor 'power_allocator'
[    0.086760] cpuidle: using governor menu
[    0.087337] hw-breakpoint: found 6 breakpoint and 4 watchpoint registers.
[    0.087601] ASID allocator initialised with 32768 entries
[    0.090610] Serial: AMBA PL011 UART driver
[    0.128237] 9000000.pl011: ttyAMA0 at MMIO 0x9000000 (irq = 47, base_baud = 0) is a PL011 rev1
[    0.139235] printk: console [ttyAMA0] enabled
[    0.154346] HugeTLB registered 1.00 GiB page size, pre-allocated 0 pages
[    0.154492] HugeTLB registered 32.0 MiB page size, pre-allocated 0 pages
[    0.154609] HugeTLB registered 2.00 MiB page size, pre-allocated 0 pages
[    0.154722] HugeTLB registered 64.0 KiB page size, pre-allocated 0 pages
[    0.162554] cryptd: max_cpu_qlen set to 1000
[    0.168050] ACPI: Interpreter disabled.
[    0.172733] iommu: Default domain type: Translated 
[    0.172901] iommu: DMA domain TLB invalidation policy: strict mode 
[    0.173868] vgaarb: loaded
[    0.174604] SCSI subsystem initialized
[    0.175602] pps_core: LinuxPPS API ver. 1 registered
[    0.175708] pps_core: Software ver. 5.3.6 - Copyright 2005-2007 Rodolfo Giometti <giometti@linux.it>
[    0.176169] EDAC MC: Ver: 3.0.0
[    0.180286] FPGA manager framework
[    0.183088] clocksource: Switched to clocksource arch_sys_counter
[    0.211353] VFS: Disk quotas dquot_6.6.0
[    0.211612] VFS: Dquot-cache hash table entries: 512 (order 0, 4096 bytes)
[    0.212572] pnp: PnP ACPI: disabled
[    0.231897] PCI: CLS 0 bytes, default 64
[    0.235673] hw perfevents: enabled with armv8_pmuv3 PMU driver, 5 counters available
[    0.236178] kvm [1]: HYP mode not available
[    0.236988] Unpacking initramfs...
[    0.292719] Initialise system trusted keyrings
[    0.294405] workingset: timestamp_bits=42 max_order=17 bucket_order=0
[    0.305739] squashfs: version 4.0 (2009/01/31) Phillip Lougher
[    0.325441] Freeing initrd memory: 1932K
[    0.332700] Key type asymmetric registered
[    0.332898] Asymmetric key parser 'x509' registered
[    0.333166] Block layer SCSI generic (bsg) driver version 0.4 loaded (major 246)
[    0.333375] io scheduler mq-deadline registered
[    0.333491] io scheduler kyber registered
[    0.352729] pl061_gpio 9030000.pl061: PL061 GPIO chip registered
[    0.355494] pci-host-generic 4010000000.pcie: host bridge /pcie@10000000 ranges:
[    0.356081] pci-host-generic 4010000000.pcie:       IO 0x003eff0000..0x003effffff -> 0x0000000000
[    0.356787] pci-host-generic 4010000000.pcie:      MEM 0x0010000000..0x003efeffff -> 0x0010000000
[    0.356994] pci-host-generic 4010000000.pcie:      MEM 0x8000000000..0xffffffffff -> 0x8000000000
[    0.357484] pci-host-generic 4010000000.pcie: Memory resource size exceeds max for 32 bits
[    0.357942] pci-host-generic 4010000000.pcie: ECAM at [mem 0x4010000000-0x401fffffff] for [bus 00-ff]
[    0.358680] pci-host-generic 4010000000.pcie: PCI host bridge to bus 0000:00
[    0.358905] pci_bus 0000:00: root bus resource [bus 00-ff]
[    0.359034] pci_bus 0000:00: root bus resource [io  0x0000-0xffff]
[    0.359195] pci_bus 0000:00: root bus resource [mem 0x10000000-0x3efeffff]
[    0.359320] pci_bus 0000:00: root bus resource [mem 0x8000000000-0xffffffffff]
[    0.360239] pci 0000:00:00.0: [1b36:0008] type 00 class 0x060000
[    0.362584] pci 0000:00:01.0: [1af4:1000] type 00 class 0x020000
[    0.362850] pci 0000:00:01.0: reg 0x10: [io  0x0000-0x001f]
[    0.362973] pci 0000:00:01.0: reg 0x14: [mem 0x00000000-0x00000fff]
[    0.363135] pci 0000:00:01.0: reg 0x20: [mem 0x00000000-0x00003fff 64bit pref]
[    0.363346] pci 0000:00:01.0: reg 0x30: [mem 0x00000000-0x0007ffff pref]
[    0.363787] pci 0000:00:02.0: [1234:11e8] type 00 class 0x00ff00
[    0.363920] pci 0000:00:02.0: reg 0x10: [mem 0x00000000-0x000fffff]
[    0.365826] pci 0000:00:02.0: BAR 0: assigned [mem 0x10000000-0x100fffff]
[    0.366109] pci 0000:00:01.0: BAR 6: assigned [mem 0x10100000-0x1017ffff pref]
[    0.366338] pci 0000:00:01.0: BAR 4: assigned [mem 0x8000000000-0x8000003fff 64bit pref]
[    0.366526] pci 0000:00:01.0: BAR 1: assigned [mem 0x10180000-0x10180fff]
[    0.366653] pci 0000:00:01.0: BAR 0: assigned [io  0x1000-0x101f]
[    0.368718] EINJ: ACPI disabled.
[    0.403984] Serial: 8250/16550 driver, 4 ports, IRQ sharing enabled
[    0.408536] SuperH (H)SCI(F) driver initialized
[    0.409567] msm_serial: driver initialized
[    0.412787] cacheinfo: Unable to detect cache hierarchy for CPU 0
[    0.423859] loop: module loaded
[    0.428649] physmap-flash 0.flash: physmap platform flash device: [mem 0x00000000-0x03ffffff]
[    0.429771] 0.flash: Found 2 x16 devices at 0x0 in 32-bit bank. Manufacturer ID 0x000000 Chip ID 0x000000
[    0.430215] Intel/Sharp Extended Query Table at 0x0031
[    0.430799] Using buffer write method
[    0.431264] physmap-flash 0.flash: physmap platform flash device: [mem 0x04000000-0x07ffffff]
[    0.432241] 0.flash: Found 2 x16 devices at 0x0 in 32-bit bank. Manufacturer ID 0x000000 Chip ID 0x000000
[    0.432550] Intel/Sharp Extended Query Table at 0x0031
[    0.433037] Using buffer write method
[    0.433181] Concatenating MTD devices:
[    0.433262] (0): "0.flash"
[    0.433318] (1): "0.flash"
[    0.433373] into device "0.flash"
[    0.449645] VFIO - User Level meta-driver version: 0.3
[    0.453686] rtc-pl031 9010000.pl031: registered as rtc0
[    0.454136] rtc-pl031 9010000.pl031: setting system clock to 2026-03-22T14:20:42 UTC (1774189242)
[    0.455628] i2c_dev: i2c /dev entries driver
[    0.464425] sdhci: Secure Digital Host Controller Interface driver
[    0.464559] sdhci: Copyright(c) Pierre Ossman
[    0.465992] Synopsys Designware Multimedia Card Interface Driver
[    0.467769] sdhci-pltfm: SDHCI platform and OF driver helper
[    0.470815] ledtrig-cpu: registered to indicate activity on CPUs
[    0.481125] Loading compiled-in X.509 certificates
[    0.488426] uart-pl011 9000000.pl011: no DMA platform data
[    0.522821] Freeing unused kernel memory: 7168K
[    0.524497] Run /init as init process
===DAY32:BOOT===
[day32-guest] verify_len=256 verify_seed=0x41 perf_len=256 perf_iter=1000 perf_warmup=100 profile_mode=full run_dma_lite=1
===DAY32:LSPCI_NN:BEGIN===
00:00.0 Class [0600]: Device [1b36:0008]
00:01.0 Class [0200]: Device [1af4:1000]
00:02.0 Class [00ff]: Device [1234:11e8] (rev 10)
===DAY32:LSPCI_NN:END===
===DAY32:LSPCI_VV_NN:BEGIN===
00:00.0 Class [0600]: Device [1b36:0008]
	Subsystem: Device [1af4:1100]
	Control: I/O- Mem- BusMaster- SpecCycle- MemWINV- VGASnoop- ParErr- Stepping- SERR- FastB2B- DisINTx-
	Status: Cap- 66MHz- UDF- FastB2B- ParErr- DEVSEL=fast >TAbort- <TAbort- <MAbort- >SERR- <PERR- INTx-

00:01.0 Class [0200]: Device [1af4:1000]
	Subsystem: Device [1af4:0001]
	Control: I/O- Mem- BusMaster- SpecCycle- MemWINV- VGASnoop- ParErr- Stepping- SERR- FastB2B- DisINTx-
	Status: Cap+ 66MHz- UDF- FastB2B- ParErr- DEVSEL=fast >TAbort- <TAbort- <MAbort- >SERR- <PERR- INTx-
	Interrupt: pin A routed to IRQ 0
	Region 0: I/O ports at 1000 [disabled] [size=32]
	Region 1: Memory at 10180000 (32-bit, non-prefetchable) [disabled] [size=4K]
	Region 4: Memory at 8000000000 (64-bit, prefetchable) [disabled] [size=16K]
	Expansion ROM at 10100000 [virtual] [disabled] [size=512K]
	Capabilities: [98] MSI-X: Enable- Count=4 Masked-
		Vector table: BAR=1 offset=00000000
		PBA: BAR=1 offset=00000800
	Capabilities: [84] Vendor Specific Information: VirtIO: <unknown>
		BAR=0 offset=00000000 size=00000000
	Capabilities: [70] Vendor Specific Information: VirtIO: Notify
		BAR=4 offset=00003000 size=00001000 multiplier=00000004
	Capabilities: [60] Vendor Specific Information: VirtIO: DeviceCfg
		BAR=4 offset=00002000 size=00001000
	Capabilities: [50] Vendor Specific Information: VirtIO: ISR
		BAR=4 offset=00001000 size=00001000
	Capabilities: [40] Vendor Specific Information: VirtIO: CommonCfg
		BAR=4 offset=00000000 size=00001000

00:02.0 Class [00ff]: Device [1234:11e8] (rev 10)
	Subsystem: Device [1af4:1100]
	Control: I/O- Mem- BusMaster- SpecCycle- MemWINV- VGASnoop- ParErr- Stepping- SERR- FastB2B- DisINTx-
	Status: Cap+ 66MHz- UDF- FastB2B- ParErr- DEVSEL=fast >TAbort- <TAbort- <MAbort- >SERR- <PERR- INTx-
	Interrupt: pin A routed to IRQ 0
	Region 0: Memory at 10000000 (32-bit, non-prefetchable) [disabled] [size=1M]
	Capabilities: [40] MSI: Enable- Count=1/1 Maskable- 64bit+
		Address: 0000000000000000  Data: 0000

===DAY32:LSPCI_VV_NN:END===
[    0.745825] day32_edu_perf: loading out-of-tree module taints kernel.
[    0.752713] day32_edu_perf 0000:00:02.0: probe enter: 1234:11e8
[    0.753163] day32_edu_perf 0000:00:02.0: enabling device (0000 -> 0002)
[    0.753631] day32_edu_perf 0000:00:02.0: dma mask set to 32 bits
[    0.754013] day32_edu_perf 0000:00:02.0: BAR0: start=0x10000000 len=0x100000 flags=0x40200
[    0.754252] day32_edu_perf 0000:00:02.0: ident=0x010000ed liveness=0x00000000
[    0.754639] day32_edu_perf 0000:00:02.0: dma_alloc_coherent ok: virt=ffff10d642a48000 dma=0x42a48000 bytes=4096
[    0.756583] day32_edu_perf 0000:00:02.0: MSI vector=50 enabled=1
[    0.757011] day32_edu_perf 0000:00:02.0: probe success
[    0.757369] day32_edu_perf: init ok
===DAY32:TOOL_INFO:BEGIN===
tool_api_version=1
vendor=0x1234 device=0x11e8
irq_vector=50 irq_count=0 msi_enabled=1
last_irq_status=0x00000000 last_ack_value=0x00000000
bar0_start=0x10000000 bar0_len=0x100000
dma_handle=0x42a48000 dma_bytes=4096 dma_mask_bits=32
map_bytes=4096 src_off=0 dst_off=2048 max_verify_len=2048
total_run_calls=0 total_run_ok=0 total_run_fail=0 last_run_ns=0
run_len=0 run_seed=0x0 run_ok=0 run_error=0
last_irq_delta=0 last_dma_cmd=0x00000000
mmap_ok=0 mmap_error=0 mmap_len=0 mmap_pgoff=0
===DAY32:TOOL_INFO:END===
===DAY32:DEVICE_STATE_BEFORE:BEGIN===
vendor=0x1234 device=0x11e8
bar0_start=0x10000000 bar0_len=0x100000
irq_vector=50 irq_count=0 msi_enabled=1
last_irq_status=0x00000000 last_ack_value=0x00000000
dma_handle=0x42a48000 dma_bytes=4096 dma_mask_bits=32
map_bytes=4096 src_off=0 dst_off=2048 max_verify_len=2048
total_run_calls=0 total_run_ok=0 total_run_fail=0 last_run_ns=0
run_len=0 run_seed=0x0 run_ok=0 run_error=0
la===DAY32:DEVICE_STATE_BEFORE:END===
===DAY32:MMAP_VERIFY:BEGIN===
[    1.787165] day32_edu_perf 0000:00:02.0: mmap ok: len=4096 pgoff=0 dma=0x42a48000
verify_len=256
verify_seed=0x41
verify_ok=1
mismatch_index=-1
mismatch_expected=0x00
mismatch_actual=0x00
run_ok=1
run_error=0
irq_delta=2
last_run_ns=206588592
last_dma_cmd=0x00000007
mmap_ok=1
mmap_error=0
mmap_len=4096
mmap_pgoff=0
===DAY32:MMAP_VERIFY:END===
===DAY32:BENCH_MMAP_BASELINE:BEGIN===
[    2.003006] day32_edu_perf 0000:00:02.0: mmap ok: len=4096 pgoff=0 dma=0x42a48000
[    2.003609] day32_edu_perf 0000:00:02.0: mmap ok: len=4096 pgoff=0 dma=0x42a48000
[    2.003886] day32_edu_perf 0000:00:02.0: mmap ok: len=4096 pgoff=0 dma=0x42a48000
[    2.004134] day32_edu_perf 0000:00:02.0: mmap ok: len=4096 pgoff=0 dma=0x42a48000
[    2.004370] day32_edu_perf 0000:00:02.0: mmap ok: len=4096 pgoff=0 dma=0x42a48000
[    2.004600] day32_edu_perf 0000:00:02.0: mmap ok: len=4096 pgoff=0 dma=0x42a48000
[    2.004829] day32_edu_perf 0000:00:02.0: mmap ok: len=4096 pgoff=0 dma=0x42a48000
[    2.005058] day32_edu_perf 0000:00:02.0: mmap ok: len=4096 pgoff=0 dma=0x42a48000
[    2.005324] day32_edu_perf 0000:00:02.0: mmap ok: len=4096 pgoff=0 dma=0x42a48000
[    2.005566] day32_edu_perf 0000:00:02.0: mmap ok: len=4096 pgoff=0 dma=0x42a48000
[    2.005796] day32_edu_perf 0000:00:02.0: mmap ok: len=4096 pgoff=0 dma=0x42a48000
[    2.006025] day32_edu_perf 0000:00:02.0: mmap ok: len=4096 pgoff=0 dma=0x42a48000
[    2.006648] day32_edu_perf 0000:00:02.0: mmap ok: len=4096 pgoff=0 dma=0x42a48000
[    2.006930] day32_edu_perf 0000:00:02.0: mmap ok: len=4096 pgoff=0 dma=0x42a48000
[    2.007185] day32_edu_perf 0000:00:02.0: mmap ok: len=4096 pgoff=0 dma=0x42a48000
[    2.007496] day32_edu_perf 0000:00:02.0: mmap ok: len=4096 pgoff=0 dma=0x42a48000
[    2.007755] day32_edu_perf 0000:00:02.0: mmap ok: len=4096 pgoff=0 dma=0x42a48000
[    2.007997] day32_edu_perf 0000:00:02.0: mmap ok: len=4096 pgoff=0 dma=0x42a48000
[    2.008228] day32_edu_perf 0000:00:02.0: mmap ok: len=4096 pgoff=0 dma=0x42a48000
[    2.008461] day32_edu_perf 0000:00:02.0: mmap ok: len=4096 pgoff=0 dma=0x42a48000
[    2.008693] day32_edu_perf 0000:00:02.0: mmap ok: len=4096 pgoff=0 dma=0x42a48000
[    2.008924] day32_edu_perf 0000:00:02.0: mmap ok: len=4096 pgoff=0 dma=0x42a48000
[    2.009154] day32_edu_perf 0000:00:02.0: mmap ok: len=4096 pgoff=0 dma=0x42a48000
[    2.009384] day32_edu_perf 0000:00:02.0: mmap ok: len=4096 pgoff=0 dma=0x42a48000
[    2.009663] day32_edu_perf 0000:00:02.0: mmap ok: len=4096 pgoff=0 dma=0x42a48000
[    2.009902] day32_edu_perf 0000:00:02.0: mmap ok: len=4096 pgoff=0 dma=0x42a48000
[    2.010133] day32_edu_perf 0000:00:02.0: mmap ok: len=4096 pgoff=0 dma=0x42a48000
[    2.010413] day32_edu_perf 0000:00:02.0: mmap ok: len=4096 pgoff=0 dma=0x42a48000
[    2.010990] day32_edu_perf 0000:00:02.0: mmap ok: len=4096 pgoff=0 dma=0x42a48000
[    2.011258] day32_edu_perf 0000:00:02.0: mmap ok: len=4096 pgoff=0 dma=0x42a48000
[    2.011555] day32_edu_perf 0000:00:02.0: mmap ok: len=4096 pgoff=0 dma=0x42a48000
[    2.011814] day32_edu_perf 0000:00:02.0: mmap ok: len=4096 pgoff=0 dma=0x42a48000
[    2.012122] day32_edu_perf 0000:00:02.0: mmap ok: len=4096 pgoff=0 dma=0x42a48000
[    2.012364] day32_edu_perf 0000:00:02.0: mmap ok: len=4096 pgoff=0 dma=0x42a48000
[    2.012601] day32_edu_perf 0000:00:02.0: mmap ok: len=4096 pgoff=0 dma=0x42a48000
[    2.012831] day32_edu_perf 0000:00:02.0: mmap ok: len=4096 pgoff=0 dma=0x42a48000
[    2.013061] day32_edu_perf 0000:00:02.0: mmap ok: len=4096 pgoff=0 dma=0x42a48000
[    2.013290] day32_edu_perf 0000:00:02.0: mmap ok: len=4096 pgoff=0 dma=0x42a48000
[    2.013518] day32_edu_perf 0000:00:02.0: mmap ok: len=4096 pgoff=0 dma=0x42a48000
[    2.013775] day32_edu_perf 0000:00:02.0: mmap ok: len=4096 pgoff=0 dma=0x42a48000
[    2.014019] day32_edu_perf 0000:00:02.0: mmap ok: len=4096 pgoff=0 dma=0x42a48000
[    2.014251] day32_edu_perf 0000:00:02.0: mmap ok: len=4096 pgoff=0 dma=0x42a48000
[    2.014811] day32_edu_perf 0000:00:02.0: mmap ok: len=4096 pgoff=0 dma=0x42a48000
[    2.015116] day32_edu_perf 0000:00:02.0: mmap ok: len=4096 pgoff=0 dma=0x42a48000
[    2.015358] day32_edu_perf 0000:00:02.0: mmap ok: len=4096 pgoff=0 dma=0x42a48000
[    2.015590] day32_edu_perf 0000:00:02.0: mmap ok: len=4096 pgoff=0 dma=0x42a48000
[    2.015893] day32_edu_perf 0000:00:02.0: mmap ok: len=4096 pgoff=0 dma=0x42a48000
[    2.016132] day32_edu_perf 0000:00:02.0: mmap ok: len=4096 pgoff=0 dma=0x42a48000
[    2.016362] day32_edu_perf 0000:00:02.0: mmap ok: len=4096 pgoff=0 dma=0x42a48000
[    2.016592] day32_edu_perf 0000:00:02.0: mmap ok: len=4096 pgoff=0 dma=0x42a48000
[    2.016822] day32_edu_perf 0000:00:02.0: mmap ok: len=4096 pgoff=0 dma=0x42a48000
[    2.017049] day32_edu_perf 0000:00:02.0: mmap ok: len=4096 pgoff=0 dma=0x42a48000
[    2.017278] day32_edu_perf 0000:00:02.0: mmap ok: len=4096 pgoff=0 dma=0x42a48000
[    2.017504] day32_edu_perf 0000:00:02.0: mmap ok: len=4096 pgoff=0 dma=0x42a48000
[    2.017756] day32_edu_perf 0000:00:02.0: mmap ok: len=4096 pgoff=0 dma=0x42a48000
[    2.018005] day32_edu_perf 0000:00:02.0: mmap ok: len=4096 pgoff=0 dma=0x42a48000
[    2.018235] day32_edu_perf 0000:00:02.0: mmap ok: len=4096 pgoff=0 dma=0x42a48000
[    2.018463] day32_edu_perf 0000:00:02.0: mmap ok: len=4096 pgoff=0 dma=0x42a48000
[    2.018736] day32_edu_perf 0000:00:02.0: mmap ok: len=4096 pgoff=0 dma=0x42a48000
[    2.019211] day32_edu_perf 0000:00:02.0: mmap ok: len=4096 pgoff=0 dma=0x42a48000
[    2.019460] day32_edu_perf 0000:00:02.0: mmap ok: len=4096 pgoff=0 dma=0x42a48000
[    2.019720] day32_edu_perf 0000:00:02.0: mmap ok: len=4096 pgoff=0 dma=0x42a48000
[    2.019981] day32_edu_perf 0000:00:02.0: mmap ok: len=4096 pgoff=0 dma=0x42a48000
[    2.020213] day32_edu_perf 0000:00:02.0: mmap ok: len=4096 pgoff=0 dma=0x42a48000
[    2.020439] day32_edu_perf 0000:00:02.0: mmap ok: len=4096 pgoff=0 dma=0x42a48000
[    2.020673] day32_edu_perf 0000:00:02.0: mmap ok: len=4096 pgoff=0 dma=0x42a48000
[    2.020905] day32_edu_perf 0000:00:02.0: mmap ok: len=4096 pgoff=0 dma=0x42a48000
[    2.021135] day32_edu_perf 0000:00:02.0: mmap ok: len=4096 pgoff=0 dma=0x42a48000
[    2.021364] day32_edu_perf 0000:00:02.0: mmap ok: len=4096 pgoff=0 dma=0x42a48000
[    2.021591] day32_edu_perf 0000:00:02.0: mmap ok: len=4096 pgoff=0 dma=0x42a48000
[    2.021852] day32_edu_perf 0000:00:02.0: mmap ok: len=4096 pgoff=0 dma=0x42a48000
[    2.022093] day32_edu_perf 0000:00:02.0: mmap ok: len=4096 pgoff=0 dma=0x42a48000
[    2.022324] day32_edu_perf 0000:00:02.0: mmap ok: len=4096 pgoff=0 dma=0x42a48000
[    2.022553] day32_edu_perf 0000:00:02.0: mmap ok: len=4096 pgoff=0 dma=0x42a48000
[    2.022854] day32_edu_perf 0000:00:02.0: mmap ok: len=4096 pgoff=0 dma=0x42a48000
[    2.023151] day32_edu_perf 0000:00:02.0: mmap ok: len=4096 pgoff=0 dma=0x42a48000
[    2.023387] day32_edu_perf 0000:00:02.0: mmap ok: len=4096 pgoff=0 dma=0x42a48000
[    2.023667] day32_edu_perf 0000:00:02.0: mmap ok: len=4096 pgoff=0 dma=0x42a48000
[    2.023913] day32_edu_perf 0000:00:02.0: mmap ok: len=4096 pgoff=0 dma=0x42a48000
[    2.024145] day32_edu_perf 0000:00:02.0: mmap ok: len=4096 pgoff=0 dma=0x42a48000
[    2.024373] day32_edu_perf 0000:00:02.0: mmap ok: len=4096 pgoff=0 dma=0x42a48000
[    2.024601] day32_edu_perf 0000:00:02.0: mmap ok: len=4096 pgoff=0 dma=0x42a48000
[    2.024834] day32_edu_perf 0000:00:02.0: mmap ok: len=4096 pgoff=0 dma=0x42a48000
[    2.025063] day32_edu_perf 0000:00:02.0: mmap ok: len=4096 pgoff=0 dma=0x42a48000
[    2.025291] day32_edu_perf 0000:00:02.0: mmap ok: len=4096 pgoff=0 dma=0x42a48000
[    2.025547] day32_edu_perf 0000:00:02.0: mmap ok: len=4096 pgoff=0 dma=0x42a48000
[    2.025792] day32_edu_perf 0000:00:02.0: mmap ok: len=4096 pgoff=0 dma=0x42a48000
[    2.026023] day32_edu_perf 0000:00:02.0: mmap ok: len=4096 pgoff=0 dma=0x42a48000
[    2.026250] day32_edu_perf 0000:00:02.0: mmap ok: len=4096 pgoff=0 dma=0x42a48000
[    2.026476] day32_edu_perf 0000:00:02.0: mmap ok: len=4096 pgoff=0 dma=0x42a48000
[    2.026712] day32_edu_perf 0000:00:02.0: mmap ok: len=4096 pgoff=0 dma=0x42a48000
[    2.026989] day32_edu_perf 0000:00:02.0: mmap ok: len=4096 pgoff=0 dma=0x42a48000
[    2.027430] day32_edu_perf 0000:00:02.0: mmap ok: len=4096 pgoff=0 dma=0x42a48000
[    2.027704] day32_edu_perf 0000:00:02.0: mmap ok: len=4096 pgoff=0 dma=0x42a48000
[    2.027938] day32_edu_perf 0000:00:02.0: mmap ok: len=4096 pgoff=0 dma=0x42a48000
[    2.028285] day32_edu_perf 0000:00:02.0: mmap ok: len=4096 pgoff=0 dma=0x42a48000
[    2.028526] day32_edu_perf 0000:00:02.0: mmap ok: len=4096 pgoff=0 dma=0x42a48000
[    2.028755] day32_edu_perf 0000:00:02.0: mmap ok: len=4096 pgoff=0 dma=0x42a48000
[    2.028984] day32_edu_perf 0000:00:02.0: mmap ok: len=4096 pgoff=0 dma=0x42a48000
[    2.029219] day32_edu_perf 0000:00:02.0: mmap ok: len=4096 pgoff=0 dma=0x42a48000
[    2.029448] day32_edu_perf 0000:00:02.0: mmap ok: len=4096 pgoff=0 dma=0x42a48000
[    2.029756] day32_edu_perf 0000:00:02.0: mmap ok: len=4096 pgoff=0 dma=0x42a48000
[    2.030001] day32_edu_perf 0000:00:02.0: mmap ok: len=4096 pgoff=0 dma=0x42a48000
[    2.030232] day32_edu_perf 0000:00:02.0: mmap ok: len=4096 pgoff=0 dma=0x42a48000
[    2.030461] day32_edu_perf 0000:00:02.0: mmap ok: len=4096 pgoff=0 dma=0x42a48000
[    2.030689] day32_edu_perf 0000:00:02.0: mmap ok: len=4096 pgoff=0 dma=0x42a48000
[    2.030917] day32_edu_perf 0000:00:02.0: mmap ok: len=4096 pgoff=0 dma=0x42a48000
[    2.031243] day32_edu_perf 0000:00:02.0: mmap ok: len=4096 pgoff=0 dma=0x42a48000
[    2.032174] day32_edu_perf 0000:00:02.0: mmap ok: len=4096 pgoff=0 dma=0x42a48000
[    2.032573] day32_edu_perf 0000:00:02.0: mmap ok: len=4096 pgoff=0 dma=0x42a48000
[    2.032823] day32_edu_perf 0000:00:02.0: mmap ok: len=4096 pgoff=0 dma=0x42a48000
[    2.033089] day32_edu_perf 0000:00:02.0: mmap ok: len=4096 pgoff=0 dma=0x42a48000
[    2.033331] day32_edu_perf 0000:00:02.0: mmap ok: len=4096 pgoff=0 dma=0x42a48000
[    2.033562] day32_edu_perf 0000:00:02.0: mmap ok: len=4096 pgoff=0 dma=0x42a48000
[    2.033793] day32_edu_perf 0000:00:02.0: mmap ok: len=4096 pgoff=0 dma=0x42a48000
[    2.034023] day32_edu_perf 0000:00:02.0: mmap ok: len=4096 pgoff=0 dma=0x42a48000
[    2.034254] day32_edu_perf 0000:00:02.0: mmap ok: len=4096 pgoff=0 dma=0x42a48000
[    2.034485] day32_edu_perf 0000:00:02.0: mmap ok: len=4096 pgoff=0 dma=0x42a48000
[    2.034715] day32_edu_perf 0000:00:02.0: mmap ok: len=4096 pgoff=0 dma=0x42a48000
[    2.034982] day32_edu_perf 0000:00:02.0: mmap ok: len=4096 pgoff=0 dma=0x42a48000
[    2.035231] day32_edu_perf 0000:00:02.0: mmap ok: len=4096 pgoff=0 dma=0x42a48000
[    2.035598] day32_edu_perf 0000:00:02.0: mmap ok: len=4096 pgoff=0 dma=0x42a48000
[    2.036011] day32_edu_perf 0000:00:02.0: mmap ok: len=4096 pgoff=0 dma=0x42a48000
[    2.036265] day32_edu_perf 0000:00:02.0: mmap ok: len=4096 pgoff=0 dma=0x42a48000
[    2.036500] day32_edu_perf 0000:00:02.0: mmap ok: len=4096 pgoff=0 dma=0x42a48000
[    2.036771] day32_edu_perf 0000:00:02.0: mmap ok: len=4096 pgoff=0 dma=0x42a48000
[    2.037043] day32_edu_perf 0000:00:02.0: mmap ok: len=4096 pgoff=0 dma=0x42a48000
[    2.037309] day32_edu_perf 0000:00:02.0: mmap ok: len=4096 pgoff=0 dma=0x42a48000
[    2.037678] day32_edu_perf 0000:00:02.0: mmap ok: len=4096 pgoff=0 dma=0x42a48000
[    2.038056] day32_edu_perf 0000:00:02.0: mmap ok: len=4096 pgoff=0 dma=0x42a48000
[    2.038375] day32_edu_perf 0000:00:02.0: mmap ok: len=4096 pgoff=0 dma=0x42a48000
[    2.038693] day32_edu_perf 0000:00:02.0: mmap ok: len=4096 pgoff=0 dma=0x42a48000
[    2.039051] day32_edu_perf 0000:00:02.0: mmap ok: len=4096 pgoff=0 dma=0x42a48000
[    2.039374] day32_edu_perf 0000:00:02.0: mmap ok: len=4096 pgoff=0 dma=0x42a48000
[    2.039850] day32_edu_perf 0000:00:02.0: mmap ok: len=4096 pgoff=0 dma=0x42a48000
[    2.040207] day32_edu_perf 0000:00:02.0: mmap ok: len=4096 pgoff=0 dma=0x42a48000
[    2.040529] day32_edu_perf 0000:00:02.0: mmap ok: len=4096 pgoff=0 dma=0x42a48000
[    2.040947] day32_edu_perf 0000:00:02.0: mmap ok: len=4096 pgoff=0 dma=0x42a48000
[    2.041319] day32_edu_perf 0000:00:02.0: mmap ok: len=4096 pgoff=0 dma=0x42a48000
[    2.041671] day32_edu_perf 0000:00:02.0: mmap ok: len=4096 pgoff=0 dma=0x42a48000
[    2.042010] day32_edu_perf 0000:00:02.0: mmap ok: len=4096 pgoff=0 dma=0x42a48000
[    2.042347] day32_edu_perf 0000:00:02.0: mmap ok: len=4096 pgoff=0 dma=0x42a48000
[    2.042694] day32_edu_perf 0000:00:02.0: mmap ok: len=4096 pgoff=0 dma=0x42a48000
[    2.043042] day32_edu_perf 0000:00:02.0: mmap ok: len=4096 pgoff=0 dma=0x42a48000
[    2.043364] day32_edu_perf 0000:00:02.0: mmap ok: len=4096 pgoff=0 dma=0x42a48000
[    2.043674] day32_edu_perf 0000:00:02.0: mmap ok: len=4096 pgoff=0 dma=0x42a48000
[    2.044256] day32_edu_perf 0000:00:02.0: mmap ok: len=4096 pgoff=0 dma=0x42a48000
[    2.044582] day32_edu_perf 0000:00:02.0: mmap ok: len=4096 pgoff=0 dma=0x42a48000
[    2.044924] day32_edu_perf 0000:00:02.0: mmap ok: len=4096 pgoff=0 dma=0x42a48000
[    2.045249] day32_edu_perf 0000:00:02.0: mmap ok: len=4096 pgoff=0 dma=0x42a48000
[    2.045565] day32_edu_perf 0000:00:02.0: mmap ok: len=4096 pgoff=0 dma=0x42a48000
[    2.045930] day32_edu_perf 0000:00:02.0: mmap ok: len=4096 pgoff=0 dma=0x42a48000
[    2.046281] day32_edu_perf 0000:00:02.0: mmap ok: len=4096 pgoff=0 dma=0x42a48000
[    2.046610] day32_edu_perf 0000:00:02.0: mmap ok: len=4096 pgoff=0 dma=0x42a48000
[    2.046983] day32_edu_perf 0000:00:02.0: mmap ok: len=4096 pgoff=0 dma=0x42a48000
[    2.047319] day32_edu_perf 0000:00:02.0: mmap ok: len=4096 pgoff=0 dma=0x42a48000
[    2.047657] day32_edu_perf 0000:00:02.0: mmap ok: len=4096 pgoff=0 dma=0x42a48000
[    2.048069] day32_edu_perf 0000:00:02.0: mmap ok: len=4096 pgoff=0 dma=0x42a48000
[    2.048495] day32_edu_perf 0000:00:02.0: mmap ok: len=4096 pgoff=0 dma=0x42a48000
[    2.048852] day32_edu_perf 0000:00:02.0: mmap ok: len=4096 pgoff=0 dma=0x42a48000
[    2.049234] day32_edu_perf 0000:00:02.0: mmap ok: len=4096 pgoff=0 dma=0x42a48000
[    2.049605] day32_edu_perf 0000:00:02.0: mmap ok: len=4096 pgoff=0 dma=0x42a48000
[    2.049969] day32_edu_perf 0000:00:02.0: mmap ok: len=4096 pgoff=0 dma=0x42a48000
[    2.050327] day32_edu_perf 0000:00:02.0: mmap ok: len=4096 pgoff=0 dma=0x42a48000
[    2.050668] day32_edu_perf 0000:00:02.0: mmap ok: len=4096 pgoff=0 dma=0x42a48000
[    2.051033] day32_edu_perf 0000:00:02.0: mmap ok: len=4096 pgoff=0 dma=0x42a48000
[    2.051388] day32_edu_perf 0000:00:02.0: mmap ok: len=4096 pgoff=0 dma=0x42a48000
[    2.051708] day32_edu_perf 0000:00:02.0: mmap ok: len=4096 pgoff=0 dma=0x42a48000
[    2.052058] day32_edu_perf 0000:00:02.0: mmap ok: len=4096 pgoff=0 dma=0x42a48000
[    2.052638] day32_edu_perf 0000:00:02.0: mmap ok: len=4096 pgoff=0 dma=0x42a48000
[    2.052971] day32_edu_perf 0000:00:02.0: mmap ok: len=4096 pgoff=0 dma=0x42a48000
[    2.053290] day32_edu_perf 0000:00:02.0: mmap ok: len=4096 pgoff=0 dma=0x42a48000
[    2.053673] day32_edu_perf 0000:00:02.0: mmap ok: len=4096 pgoff=0 dma=0x42a48000
[    2.054040] day32_edu_perf 0000:00:02.0: mmap ok: len=4096 pgoff=0 dma=0x42a48000
[    2.054388] day32_edu_perf 0000:00:02.0: mmap ok: len=4096 pgoff=0 dma=0x42a48000
[    2.054725] day32_edu_perf 0000:00:02.0: mmap ok: len=4096 pgoff=0 dma=0x42a48000
[    2.055085] day32_edu_perf 0000:00:02.0: mmap ok: len=4096 pgoff=0 dma=0x42a48000
[    2.055413] day32_edu_perf 0000:00:02.0: mmap ok: len=4096 pgoff=0 dma=0x42a48000
[    2.055723] day32_edu_perf 0000:00:02.0: mmap ok: len=4096 pgoff=0 dma=0x42a48000
[    2.056078] day32_edu_perf 0000:00:02.0: mmap ok: len=4096 pgoff=0 dma=0x42a48000
[    2.056622] day32_edu_perf 0000:00:02.0: mmap ok: len=4096 pgoff=0 dma=0x42a48000
[    2.056967] day32_edu_perf 0000:00:02.0: mmap ok: len=4096 pgoff=0 dma=0x42a48000
[    2.057343] day32_edu_perf 0000:00:02.0: mmap ok: len=4096 pgoff=0 dma=0x42a48000
[    2.057665] day32_edu_perf 0000:00:02.0: mmap ok: len=4096 pgoff=0 dma=0x42a48000
[    2.058003] day32_edu_perf 0000:00:02.0: mmap ok: len=4096 pgoff=0 dma=0x42a48000
[    2.058373] day32_edu_perf 0000:00:02.0: mmap ok: len=4096 pgoff=0 dma=0x42a48000
[    2.058733] day32_edu_perf 0000:00:02.0: mmap ok: len=4096 pgoff=0 dma=0x42a48000
[    2.059073] day32_edu_perf 0000:00:02.0: mmap ok: len=4096 pgoff=0 dma=0x42a48000
[    2.059425] day32_edu_perf 0000:00:02.0: mmap ok: len=4096 pgoff=0 dma=0x42a48000
[    2.059770] day32_edu_perf 0000:00:02.0: mmap ok: len=4096 pgoff=0 dma=0x42a48000
[    2.060144] day32_edu_perf 0000:00:02.0: mmap ok: len=4096 pgoff=0 dma=0x42a48000
[    2.060612] day32_edu_perf 0000:00:02.0: mmap ok: len=4096 pgoff=0 dma=0x42a48000
[    2.061154] day32_edu_perf 0000:00:02.0: mmap ok: len=4096 pgoff=0 dma=0x42a48000
[    2.061467] day32_edu_perf 0000:00:02.0: mmap ok: len=4096 pgoff=0 dma=0x42a48000
[    2.061854] day32_edu_perf 0000:00:02.0: mmap ok: len=4096 pgoff=0 dma=0x42a48000
[    2.062230] day32_edu_perf 0000:00:02.0: mmap ok: len=4096 pgoff=0 dma=0x42a48000
[    2.062481] day32_edu_perf 0000:00:02.0: mmap ok: len=4096 pgoff=0 dma=0x42a48000
[    2.062743] day32_edu_perf 0000:00:02.0: mmap ok: len=4096 pgoff=0 dma=0x42a48000
[    2.063006] day32_edu_perf 0000:00:02.0: mmap ok: len=4096 pgoff=0 dma=0x42a48000
[    2.063276] day32_edu_perf 0000:00:02.0: mmap ok: len=4096 pgoff=0 dma=0x42a48000
[    2.063534] day32_edu_perf 0000:00:02.0: mmap ok: len=4096 pgoff=0 dma=0x42a48000
[    2.063770] day32_edu_perf 0000:00:02.0: mmap ok: len=4096 pgoff=0 dma=0x42a48000
[    2.064002] day32_edu_perf 0000:00:02.0: mmap ok: len=4096 pgoff=0 dma=0x42a48000
[    2.064231] day32_edu_perf 0000:00:02.0: mmap ok: len=4096 pgoff=0 dma=0x42a48000
[    2.064541] day32_edu_perf 0000:00:02.0: mmap ok: len=4096 pgoff=0 dma=0x42a48000
[    2.074329] day32_edu_perf 0000:00:02.0: mmap ok: len=4096 pgoff=0 dma=0x42a48000
[    2.074595] day32_edu_perf 0000:00:02.0: mmap ok: len=4096 pgoff=0 dma=0x42a48000
[    2.074879] day32_edu_perf 0000:00:02.0: mmap ok: len=4096 pgoff=0 dma=0x42a48000
[    2.075120] day32_edu_perf 0000:00:02.0: mmap ok: len=4096 pgoff=0 dma=0x42a48000
[    2.075418] day32_edu_perf 0000:00:02.0: mmap ok: len=4096 pgoff=0 dma=0x42a48000
[    2.075676] day32_edu_perf 0000:00:02.0: mmap ok: len=4096 pgoff=0 dma=0x42a48000
[    2.075910] day32_edu_perf 0000:00:02.0: mmap ok: len=4096 pgoff=0 dma=0x42a48000
[    2.076138] day32_edu_perf 0000:00:02.0: mmap ok: len=4096 pgoff=0 dma=0x42a48000
[    2.076416] day32_edu_perf 0000:00:02.0: mmap ok: len=4096 pgoff=0 dma=0x42a48000
[    2.076650] day32_edu_perf 0000:00:02.0: mmap ok: len=4096 pgoff=0 dma=0x42a48000
[    2.076928] day32_edu_perf 0000:00:02.0: mmap ok: len=4096 pgoff=0 dma=0x42a48000
[    2.077353] day32_edu_perf 0000:00:02.0: mmap ok: len=4096 pgoff=0 dma=0x42a48000
[    2.077624] day32_edu_perf 0000:00:02.0: mmap ok: len=4096 pgoff=0 dma=0x42a48000
[    2.077871] day32_edu_perf 0000:00:02.0: mmap ok: len=4096 pgoff=0 dma=0x42a48000
[    2.078131] day32_edu_perf 0000:00:02.0: mmap ok: len=4096 pgoff=0 dma=0x42a48000
[    2.078407] day32_edu_perf 0000:00:02.0: mmap ok: len=4096 pgoff=0 dma=0x42a48000
[    2.078694] day32_edu_perf 0000:00:02.0: mmap ok: len=4096 pgoff=0 dma=0x42a48000
[    2.078943] day32_edu_perf 0000:00:02.0: mmap ok: len=4096 pgoff=0 dma=0x42a48000
[    2.079173] day32_edu_perf 0000:00:02.0: mmap ok: len=4096 pgoff=0 dma=0x42a48000
[    2.079401] day32_edu_perf 0000:00:02.0: mmap ok: len=4096 pgoff=0 dma=0x42a48000
[    2.079629] day32_edu_perf 0000:00:02.0: mmap ok: len=4096 pgoff=0 dma=0x42a48000
[    2.079856] day32_edu_perf 0000:00:02.0: mmap ok: len=4096 pgoff=0 dma=0x42a48000
[    2.080083] day32_edu_perf 0000:00:02.0: mmap ok: len=4096 pgoff=0 dma=0x42a48000
[    2.080310] day32_edu_perf 0000:00:02.0: mmap ok: len=4096 pgoff=0 dma=0x42a48000
[    2.080581] day32_edu_perf 0000:00:02.0: mmap ok: len=4096 pgoff=0 dma=0x42a48000
[    2.080854] day32_edu_perf 0000:00:02.0: mmap ok: len=4096 pgoff=0 dma=0x42a48000
[    2.081114] day32_edu_perf 0000:00:02.0: mmap ok: len=4096 pgoff=0 dma=0x42a48000
[    2.081522] day32_edu_perf 0000:00:02.0: mmap ok: len=4096 pgoff=0 dma=0x42a48000
[    2.081808] day32_edu_perf 0000:00:02.0: mmap ok: len=4096 pgoff=0 dma=0x42a48000
[    2.082055] day32_edu_perf 0000:00:02.0: mmap ok: len=4096 pgoff=0 dma=0x42a48000
[    2.082287] day32_edu_perf 0000:00:02.0: mmap ok: len=4096 pgoff=0 dma=0x42a48000
[    2.082514] day32_edu_perf 0000:00:02.0: mmap ok: len=4096 pgoff=0 dma=0x42a48000
[    2.082788] day32_edu_perf 0000:00:02.0: mmap ok: len=4096 pgoff=0 dma=0x42a48000
[    2.083034] day32_edu_perf 0000:00:02.0: mmap ok: len=4096 pgoff=0 dma=0x42a48000
[    2.083264] day32_edu_perf 0000:00:02.0: mmap ok: len=4096 pgoff=0 dma=0x42a48000
[    2.083491] day32_edu_perf 0000:00:02.0: mmap ok: len=4096 pgoff=0 dma=0x42a48000
[    2.083813] day32_edu_perf 0000:00:02.0: mmap ok: len=4096 pgoff=0 dma=0x42a48000
[    2.084052] day32_edu_perf 0000:00:02.0: mmap ok: len=4096 pgoff=0 dma=0x42a48000
[    2.084281] day32_edu_perf 0000:00:02.0: mmap ok: len=4096 pgoff=0 dma=0x42a48000
[    2.084540] day32_edu_perf 0000:00:02.0: mmap ok: len=4096 pgoff=0 dma=0x42a48000
[    2.084777] day32_edu_perf 0000:00:02.0: mmap ok: len=4096 pgoff=0 dma=0x42a48000
[    2.085005] day32_edu_perf 0000:00:02.0: mmap ok: len=4096 pgoff=0 dma=0x42a48000
[    2.085274] day32_edu_perf 0000:00:02.0: mmap ok: len=4096 pgoff=0 dma=0x42a48000
[    2.085681] day32_edu_perf 0000:00:02.0: mmap ok: len=4096 pgoff=0 dma=0x42a48000
[    2.085925] day32_edu_perf 0000:00:02.0: mmap ok: len=4096 pgoff=0 dma=0x42a48000
[    2.086170] day32_edu_perf 0000:00:02.0: mmap ok: len=4096 pgoff=0 dma=0x42a48000
[    2.086400] day32_edu_perf 0000:00:02.0: mmap ok: len=4096 pgoff=0 dma=0x42a48000
[    2.086709] day32_edu_perf 0000:00:02.0: mmap ok: len=4096 pgoff=0 dma=0x42a48000
[    2.086979] day32_edu_perf 0000:00:02.0: mmap ok: len=4096 pgoff=0 dma=0x42a48000
[    2.087241] day32_edu_perf 0000:00:02.0: mmap ok: len=4096 pgoff=0 dma=0x42a48000
[    2.087511] day32_edu_perf 0000:00:02.0: mmap ok: len=4096 pgoff=0 dma=0x42a48000
[    2.087742] day32_edu_perf 0000:00:02.0: mmap ok: len=4096 pgoff=0 dma=0x42a48000
[    2.087968] day32_edu_perf 0000:00:02.0: mmap ok: len=4096 pgoff=0 dma=0x42a48000
[    2.088195] day32_edu_perf 0000:00:02.0: mmap ok: len=4096 pgoff=0 dma=0x42a48000
[    2.088477] day32_edu_perf 0000:00:02.0: mmap ok: len=4096 pgoff=0 dma=0x42a48000
[    2.088716] day32_edu_perf 0000:00:02.0: mmap ok: len=4096 pgoff=0 dma=0x42a48000
[    2.088960] day32_edu_perf 0000:00:02.0: mmap ok: len=4096 pgoff=0 dma=0x42a48000
[    2.089197] day32_edu_perf 0000:00:02.0: mmap ok: len=4096 pgoff=0 dma=0x42a48000
[    2.089656] day32_edu_perf 0000:00:02.0: mmap ok: len=4096 pgoff=0 dma=0x42a48000
[    2.089934] day32_edu_perf 0000:00:02.0: mmap ok: len=4096 pgoff=0 dma=0x42a48000
[    2.090188] day32_edu_perf 0000:00:02.0: mmap ok: len=4096 pgoff=0 dma=0x42a48000
[    2.090421] day32_edu_perf 0000:00:02.0: mmap ok: len=4096 pgoff=0 dma=0x42a48000
[    2.090707] day32_edu_perf 0000:00:02.0: mmap ok: len=4096 pgoff=0 dma=0x42a48000
[    2.090938] day32_edu_perf 0000:00:02.0: mmap ok: len=4096 pgoff=0 dma=0x42a48000
[    2.091170] day32_edu_perf 0000:00:02.0: mmap ok: len=4096 pgoff=0 dma=0x42a48000
[    2.091399] day32_edu_perf 0000:00:02.0: mmap ok: len=4096 pgoff=0 dma=0x42a48000
[    2.091633] day32_edu_perf 0000:00:02.0: mmap ok: len=4096 pgoff=0 dma=0x42a48000
[    2.091860] day32_edu_perf 0000:00:02.0: mmap ok: len=4096 pgoff=0 dma=0x42a48000
[    2.092105] day32_edu_perf 0000:00:02.0: mmap ok: len=4096 pgoff=0 dma=0x42a48000
[    2.092371] day32_edu_perf 0000:00:02.0: mmap ok: len=4096 pgoff=0 dma=0x42a48000
[    2.092624] day32_edu_perf 0000:00:02.0: mmap ok: len=4096 pgoff=0 dma=0x42a48000
[    2.092875] day32_edu_perf 0000:00:02.0: mmap ok: len=4096 pgoff=0 dma=0x42a48000
[    2.093105] day32_edu_perf 0000:00:02.0: mmap ok: len=4096 pgoff=0 dma=0x42a48000
[    2.093331] day32_edu_perf 0000:00:02.0: mmap ok: len=4096 pgoff=0 dma=0x42a48000
[    2.093558] day32_edu_perf 0000:00:02.0: mmap ok: len=4096 pgoff=0 dma=0x42a48000
[    2.093785] day32_edu_perf 0000:00:02.0: mmap ok: len=4096 pgoff=0 dma=0x42a48000
[    2.094019] day32_edu_perf 0000:00:02.0: mmap ok: len=4096 pgoff=0 dma=0x42a48000
[    2.094246] day32_edu_perf 0000:00:02.0: mmap ok: len=4096 pgoff=0 dma=0x42a48000
[    2.094510] day32_edu_perf 0000:00:02.0: mmap ok: len=4096 pgoff=0 dma=0x42a48000
[    2.094755] day32_edu_perf 0000:00:02.0: mmap ok: len=4096 pgoff=0 dma=0x42a48000
[    2.094985] day32_edu_perf 0000:00:02.0: mmap ok: len=4096 pgoff=0 dma=0x42a48000
[    2.095212] day32_edu_perf 0000:00:02.0: mmap ok: len=4096 pgoff=0 dma=0x42a48000
[    2.095438] day32_edu_perf 0000:00:02.0: mmap ok: len=4096 pgoff=0 dma=0x42a48000
[    2.095664] day32_edu_perf 0000:00:02.0: mmap ok: len=4096 pgoff=0 dma=0x42a48000
[    2.095890] day32_edu_perf 0000:00:02.0: mmap ok: len=4096 pgoff=0 dma=0x42a48000
[    2.096116] day32_edu_perf 0000:00:02.0: mmap ok: len=4096 pgoff=0 dma=0x42a48000
[    2.096343] day32_edu_perf 0000:00:02.0: mmap ok: len=4096 pgoff=0 dma=0x42a48000
[    2.096606] day32_edu_perf 0000:00:02.0: mmap ok: len=4096 pgoff=0 dma=0x42a48000
[    2.096838] day32_edu_perf 0000:00:02.0: mmap ok: len=4096 pgoff=0 dma=0x42a48000
[    2.097065] day32_edu_perf 0000:00:02.0: mmap ok: len=4096 pgoff=0 dma=0x42a48000
[    2.097290] day32_edu_perf 0000:00:02.0: mmap ok: len=4096 pgoff=0 dma=0x42a48000
[    2.097517] day32_edu_perf 0000:00:02.0: mmap ok: len=4096 pgoff=0 dma=0x42a48000
[    2.098006] day32_edu_perf 0000:00:02.0: mmap ok: len=4096 pgoff=0 dma=0x42a48000
[    2.098356] day32_edu_perf 0000:00:02.0: mmap ok: len=4096 pgoff=0 dma=0x42a48000
[    2.098995] day32_edu_perf 0000:00:02.0: mmap ok: len=4096 pgoff=0 dma=0x42a48000
[    2.099519] day32_edu_perf 0000:00:02.0: mmap ok: len=4096 pgoff=0 dma=0x42a48000
[    2.099939] day32_edu_perf 0000:00:02.0: mmap ok: len=4096 pgoff=0 dma=0x42a48000
[    2.100269] day32_edu_perf 0000:00:02.0: mmap ok: len=4096 pgoff=0 dma=0x42a48000
[    2.100515] day32_edu_perf 0000:00:02.0: mmap ok: len=4096 pgoff=0 dma=0x42a48000
[    2.100982] day32_edu_perf 0000:00:02.0: mmap ok: len=4096 pgoff=0 dma=0x42a48000
[    2.101256] day32_edu_perf 0000:00:02.0: mmap ok: len=4096 pgoff=0 dma=0x42a48000
[    2.101506] day32_edu_perf 0000:00:02.0: mmap ok: len=4096 pgoff=0 dma=0x42a48000
[    2.101749] day32_edu_perf 0000:00:02.0: mmap ok: len=4096 pgoff=0 dma=0x42a48000
[    2.101984] day32_edu_perf 0000:00:02.0: mmap ok: len=4096 pgoff=0 dma=0x42a48000
[    2.102214] day32_edu_perf 0000:00:02.0: mmap ok: len=4096 pgoff=0 dma=0x42a48000
[    2.102488] day32_edu_perf 0000:00:02.0: mmap ok: len=4096 pgoff=0 dma=0x42a48000
[    2.102813] day32_edu_perf 0000:00:02.0: mmap ok: len=4096 pgoff=0 dma=0x42a48000
[    2.103046] day32_edu_perf 0000:00:02.0: mmap ok: len=4096 pgoff=0 dma=0x42a48000
[    2.103278] day32_edu_perf 0000:00:02.0: mmap ok: len=4096 pgoff=0 dma=0x42a48000
[    2.103509] day32_edu_perf 0000:00:02.0: mmap ok: len=4096 pgoff=0 dma=0x42a48000
[    2.103786] day32_edu_perf 0000:00:02.0: mmap ok: len=4096 pgoff=0 dma=0x42a48000
[    2.104041] day32_edu_perf 0000:00:02.0: mmap ok: len=4096 pgoff=0 dma=0x42a48000
[    2.104319] day32_edu_perf 0000:00:02.0: mmap ok: len=4096 pgoff=0 dma=0x42a48000
[    2.104555] day32_edu_perf 0000:00:02.0: mmap ok: len=4096 pgoff=0 dma=0x42a48000
[    2.104796] day32_edu_perf 0000:00:02.0: mmap ok: len=4096 pgoff=0 dma=0x42a48000
[    2.105030] day32_edu_perf 0000:00:02.0: mmap ok: len=4096 pgoff=0 dma=0x42a48000
[    2.105260] day32_edu_perf 0000:00:02.0: mmap ok: len=4096 pgoff=0 dma=0x42a48000
[    2.105489] day32_edu_perf 0000:00:02.0: mmap ok: len=4096 pgoff=0 dma=0x42a48000
[    2.105723] day32_edu_perf 0000:00:02.0: mmap ok: len=4096 pgoff=0 dma=0x42a48000
[    2.105954] day32_edu_perf 0000:00:02.0: mmap ok: len=4096 pgoff=0 dma=0x42a48000
[    2.106276] day32_edu_perf 0000:00:02.0: mmap ok: len=4096 pgoff=0 dma=0x42a48000
[    2.106764] day32_edu_perf 0000:00:02.0: mmap ok: len=4096 pgoff=0 dma=0x42a48000
[    2.107029] day32_edu_perf 0000:00:02.0: mmap ok: len=4096 pgoff=0 dma=0x42a48000
[    2.107275] day32_edu_perf 0000:00:02.0: mmap ok: len=4096 pgoff=0 dma=0x42a48000
[    2.107520] day32_edu_perf 0000:00:02.0: mmap ok: len=4096 pgoff=0 dma=0x42a48000
[    2.107754] day32_edu_perf 0000:00:02.0: mmap ok: len=4096 pgoff=0 dma=0x42a48000
[    2.107984] day32_edu_perf 0000:00:02.0: mmap ok: len=4096 pgoff=0 dma=0x42a48000
[    2.108431] day32_edu_perf 0000:00:02.0: mmap ok: len=4096 pgoff=0 dma=0x42a48000
[    2.108686] day32_edu_perf 0000:00:02.0: mmap ok: len=4096 pgoff=0 dma=0x42a48000
[    2.108921] day32_edu_perf 0000:00:02.0: mmap ok: len=4096 pgoff=0 dma=0x42a48000
[    2.109155] day32_edu_perf 0000:00:02.0: mmap ok: len=4096 pgoff=0 dma=0x42a48000
[    2.109390] day32_edu_perf 0000:00:02.0: mmap ok: len=4096 pgoff=0 dma=0x42a48000
[    2.109622] day32_edu_perf 0000:00:02.0: mmap ok: len=4096 pgoff=0 dma=0x42a48000
[    2.109852] day32_edu_perf 0000:00:02.0: mmap ok: len=4096 pgoff=0 dma=0x42a48000
[    2.110083] day32_edu_perf 0000:00:02.0: mmap ok: len=4096 pgoff=0 dma=0x42a48000
[    2.110468] day32_edu_perf 0000:00:02.0: mmap ok: len=4096 pgoff=0 dma=0x42a48000
[    2.110812] day32_edu_perf 0000:00:02.0: mmap ok: len=4096 pgoff=0 dma=0x42a48000
[    2.111163] day32_edu_perf 0000:00:02.0: mmap ok: len=4096 pgoff=0 dma=0x42a48000
[    2.111493] day32_edu_perf 0000:00:02.0: mmap ok: len=4096 pgoff=0 dma=0x42a48000
[    2.111742] day32_edu_perf 0000:00:02.0: mmap ok: len=4096 pgoff=0 dma=0x42a48000
[    2.111974] day32_edu_perf 0000:00:02.0: mmap ok: len=4096 pgoff=0 dma=0x42a48000
[    2.112250] day32_edu_perf 0000:00:02.0: mmap ok: len=4096 pgoff=0 dma=0x42a48000
[    2.112491] day32_edu_perf 0000:00:02.0: mmap ok: len=4096 pgoff=0 dma=0x42a48000
[    2.112726] day32_edu_perf 0000:00:02.0: mmap ok: len=4096 pgoff=0 dma=0x42a48000
[    2.112955] day32_edu_perf 0000:00:02.0: mmap ok: len=4096 pgoff=0 dma=0x42a48000
[    2.113184] day32_edu_perf 0000:00:02.0: mmap ok: len=4096 pgoff=0 dma=0x42a48000
[    2.113414] day32_edu_perf 0000:00:02.0: mmap ok: len=4096 pgoff=0 dma=0x42a48000
[    2.113643] day32_edu_perf 0000:00:02.0: mmap ok: len=4096 pgoff=0 dma=0x42a48000
[    2.113872] day32_edu_perf 0000:00:02.0: mmap ok: len=4096 pgoff=0 dma=0x42a48000
[    2.114100] day32_edu_perf 0000:00:02.0: mmap ok: len=4096 pgoff=0 dma=0x42a48000
[    2.114384] day32_edu_perf 0000:00:02.0: mmap ok: len=4096 pgoff=0 dma=0x42a48000
[    2.114855] day32_edu_perf 0000:00:02.0: mmap ok: len=4096 pgoff=0 dma=0x42a48000
[    2.115121] day32_edu_perf 0000:00:02.0: mmap ok: len=4096 pgoff=0 dma=0x42a48000
[    2.115360] day32_edu_perf 0000:00:02.0: mmap ok: len=4096 pgoff=0 dma=0x42a48000
[    2.115590] day32_edu_perf 0000:00:02.0: mmap ok: len=4096 pgoff=0 dma=0x42a48000
[    2.115820] day32_edu_perf 0000:00:02.0: mmap ok: len=4096 pgoff=0 dma=0x42a48000
[    2.116265] day32_edu_perf 0000:00:02.0: mmap ok: len=4096 pgoff=0 dma=0x42a48000
[    2.116515] day32_edu_perf 0000:00:02.0: mmap ok: len=4096 pgoff=0 dma=0x42a48000
[    2.116746] day32_edu_perf 0000:00:02.0: mmap ok: len=4096 pgoff=0 dma=0x42a48000
[    2.116976] day32_edu_perf 0000:00:02.0: mmap ok: len=4096 pgoff=0 dma=0x42a48000
[    2.117210] day32_edu_perf 0000:00:02.0: mmap ok: len=4096 pgoff=0 dma=0x42a48000
[    2.117441] day32_edu_perf 0000:00:02.0: mmap ok: len=4096 pgoff=0 dma=0x42a48000
[    2.117670] day32_edu_perf 0000:00:02.0: mmap ok: len=4096 pgoff=0 dma=0x42a48000
[    2.117932] day32_edu_perf 0000:00:02.0: mmap ok: len=4096 pgoff=0 dma=0x42a48000
[    2.118178] day32_edu_perf 0000:00:02.0: mmap ok: len=4096 pgoff=0 dma=0x42a48000
[    2.118409] day32_edu_perf 0000:00:02.0: mmap ok: len=4096 pgoff=0 dma=0x42a48000
[    2.118749] day32_edu_perf 0000:00:02.0: mmap ok: len=4096 pgoff=0 dma=0x42a48000
[    2.119034] day32_edu_perf 0000:00:02.0: mmap ok: len=4096 pgoff=0 dma=0x42a48000
[    2.119278] day32_edu_perf 0000:00:02.0: mmap ok: len=4096 pgoff=0 dma=0x42a48000
[    2.119511] day32_edu_perf 0000:00:02.0: mmap ok: len=4096 pgoff=0 dma=0x42a48000
[    2.119741] day32_edu_perf 0000:00:02.0: mmap ok: len=4096 pgoff=0 dma=0x42a48000
[    2.120020] day32_edu_perf 0000:00:02.0: mmap ok: len=4096 pgoff=0 dma=0x42a48000
[    2.120260] day32_edu_perf 0000:00:02.0: mmap ok: len=4096 pgoff=0 dma=0x42a48000
[    2.120493] day32_edu_perf 0000:00:02.0: mmap ok: len=4096 pgoff=0 dma=0x42a48000
[    2.120724] day32_edu_perf 0000:00:02.0: mmap ok: len=4096 pgoff=0 dma=0x42a48000
[    2.120953] day32_edu_perf 0000:00:02.0: mmap ok: len=4096 pgoff=0 dma=0x42a48000
[    2.121182] day32_edu_perf 0000:00:02.0: mmap ok: len=4096 pgoff=0 dma=0x42a48000
[    2.121410] day32_edu_perf 0000:00:02.0: mmap ok: len=4096 pgoff=0 dma=0x42a48000
[    2.121639] day32_edu_perf 0000:00:02.0: mmap ok: len=4096 pgoff=0 dma=0x42a48000
[    2.121866] day32_edu_perf 0000:00:02.0: mmap ok: len=4096 pgoff=0 dma=0x42a48000
[    2.122137] day32_edu_perf 0000:00:02.0: mmap ok: len=4096 pgoff=0 dma=0x42a48000
[    2.122369] day32_edu_perf 0000:00:02.0: mmap ok: len=4096 pgoff=0 dma=0x42a48000
[    2.122596] day32_edu_perf 0000:00:02.0: mmap ok: len=4096 pgoff=0 dma=0x42a48000
[    2.122919] day32_edu_perf 0000:00:02.0: mmap ok: len=4096 pgoff=0 dma=0x42a48000
[    2.123496] day32_edu_perf 0000:00:02.0: mmap ok: len=4096 pgoff=0 dma=0x42a48000
[    2.123754] day32_edu_perf 0000:00:02.0: mmap ok: len=4096 pgoff=0 dma=0x42a48000
[    2.124019] day32_edu_perf 0000:00:02.0: mmap ok: len=4096 pgoff=0 dma=0x42a48000
[    2.124256] day32_edu_perf 0000:00:02.0: mmap ok: len=4096 pgoff=0 dma=0x42a48000
[    2.124492] day32_edu_perf 0000:00:02.0: mmap ok: len=4096 pgoff=0 dma=0x42a48000
[    2.124727] day32_edu_perf 0000:00:02.0: mmap ok: len=4096 pgoff=0 dma=0x42a48000
[    2.124957] day32_edu_perf 0000:00:02.0: mmap ok: len=4096 pgoff=0 dma=0x42a48000
[    2.125188] day32_edu_perf 0000:00:02.0: mmap ok: len=4096 pgoff=0 dma=0x42a48000
[    2.125418] day32_edu_perf 0000:00:02.0: mmap ok: len=4096 pgoff=0 dma=0x42a48000
[    2.125649] day32_edu_perf 0000:00:02.0: mmap ok: len=4096 pgoff=0 dma=0x42a48000
[    2.125881] day32_edu_perf 0000:00:02.0: mmap ok: len=4096 pgoff=0 dma=0x42a48000
[    2.126212] day32_edu_perf 0000:00:02.0: mmap ok: len=4096 pgoff=0 dma=0x42a48000
[    2.126448] day32_edu_perf 0000:00:02.0: mmap ok: len=4096 pgoff=0 dma=0x42a48000
[    2.126678] day32_edu_perf 0000:00:02.0: mmap ok: len=4096 pgoff=0 dma=0x42a48000
[    2.126948] day32_edu_perf 0000:00:02.0: mmap ok: len=4096 pgoff=0 dma=0x42a48000
[    2.127379] day32_edu_perf 0000:00:02.0: mmap ok: len=4096 pgoff=0 dma=0x42a48000
[    2.127632] day32_edu_perf 0000:00:02.0: mmap ok: len=4096 pgoff=0 dma=0x42a48000
[    2.127867] day32_edu_perf 0000:00:02.0: mmap ok: len=4096 pgoff=0 dma=0x42a48000
[    2.128150] day32_edu_perf 0000:00:02.0: mmap ok: len=4096 pgoff=0 dma=0x42a48000
[    2.128386] day32_edu_perf 0000:00:02.0: mmap ok: len=4096 pgoff=0 dma=0x42a48000
[    2.128617] day32_edu_perf 0000:00:02.0: mmap ok: len=4096 pgoff=0 dma=0x42a48000
[    2.128845] day32_edu_perf 0000:00:02.0: mmap ok: len=4096 pgoff=0 dma=0x42a48000
[    2.129079] day32_edu_perf 0000:00:02.0: mmap ok: len=4096 pgoff=0 dma=0x42a48000
[    2.129310] day32_edu_perf 0000:00:02.0: mmap ok: len=4096 pgoff=0 dma=0x42a48000
[    2.129540] day32_edu_perf 0000:00:02.0: mmap ok: len=4096 pgoff=0 dma=0x42a48000
[    2.129768] day32_edu_perf 0000:00:02.0: mmap ok: len=4096 pgoff=0 dma=0x42a48000
[    2.130084] day32_edu_perf 0000:00:02.0: mmap ok: len=4096 pgoff=0 dma=0x42a48000
[    2.130331] day32_edu_perf 0000:00:02.0: mmap ok: len=4096 pgoff=0 dma=0x42a48000
[    2.130565] day32_edu_perf 0000:00:02.0: mmap ok: len=4096 pgoff=0 dma=0x42a48000
[    2.130795] day32_edu_perf 0000:00:02.0: mmap ok: len=4096 pgoff=0 dma=0x42a48000
[    2.131037] day32_edu_perf 0000:00:02.0: mmap ok: len=4096 pgoff=0 dma=0x42a48000
[    2.131603] day32_edu_perf 0000:00:02.0: mmap ok: len=4096 pgoff=0 dma=0x42a48000
[    2.131966] day32_edu_perf 0000:00:02.0: mmap ok: len=4096 pgoff=0 dma=0x42a48000
[    2.132222] day32_edu_perf 0000:00:02.0: mmap ok: len=4096 pgoff=0 dma=0x42a48000
[    2.132456] day32_edu_perf 0000:00:02.0: mmap ok: len=4096 pgoff=0 dma=0x42a48000
[    2.132694] day32_edu_perf 0000:00:02.0: mmap ok: len=4096 pgoff=0 dma=0x42a48000
[    2.133003] day32_edu_perf 0000:00:02.0: mmap ok: len=4096 pgoff=0 dma=0x42a48000
[    2.133282] day32_edu_perf 0000:00:02.0: mmap ok: len=4096 pgoff=0 dma=0x42a48000
[    2.133517] day32_edu_perf 0000:00:02.0: mmap ok: len=4096 pgoff=0 dma=0x42a48000
[    2.133746] day32_edu_perf 0000:00:02.0: mmap ok: len=4096 pgoff=0 dma=0x42a48000
[    2.133999] day32_edu_perf 0000:00:02.0: mmap ok: len=4096 pgoff=0 dma=0x42a48000
[    2.134240] day32_edu_perf 0000:00:02.0: mmap ok: len=4096 pgoff=0 dma=0x42a48000
[    2.134469] day32_edu_perf 0000:00:02.0: mmap ok: len=4096 pgoff=0 dma=0x42a48000
[    2.134697] day32_edu_perf 0000:00:02.0: mmap ok: len=4096 pgoff=0 dma=0x42a48000
[    2.134927] day32_edu_perf 0000:00:02.0: mmap ok: len=4096 pgoff=0 dma=0x42a48000
[    2.135156] day32_edu_perf 0000:00:02.0: mmap ok: len=4096 pgoff=0 dma=0x42a48000
[    2.135463] day32_edu_perf 0000:00:02.0: mmap ok: len=4096 pgoff=0 dma=0x42a48000
[    2.135882] day32_edu_perf 0000:00:02.0: mmap ok: len=4096 pgoff=0 dma=0x42a48000
[    2.136159] day32_edu_perf 0000:00:02.0: mmap ok: len=4096 pgoff=0 dma=0x42a48000
[    2.136401] day32_edu_perf 0000:00:02.0: mmap ok: len=4096 pgoff=0 dma=0x42a48000
[    2.136634] day32_edu_perf 0000:00:02.0: mmap ok: len=4096 pgoff=0 dma=0x42a48000
[    2.136864] day32_edu_perf 0000:00:02.0: mmap ok: len=4096 pgoff=0 dma=0x42a48000
[    2.137093] day32_edu_perf 0000:00:02.0: mmap ok: len=4096 pgoff=0 dma=0x42a48000
[    2.137327] day32_edu_perf 0000:00:02.0: mmap ok: len=4096 pgoff=0 dma=0x42a48000
[    2.137558] day32_edu_perf 0000:00:02.0: mmap ok: len=4096 pgoff=0 dma=0x42a48000
[    2.137787] day32_edu_perf 0000:00:02.0: mmap ok: len=4096 pgoff=0 dma=0x42a48000
[    2.138085] day32_edu_perf 0000:00:02.0: mmap ok: len=4096 pgoff=0 dma=0x42a48000
[    2.138333] day32_edu_perf 0000:00:02.0: mmap ok: len=4096 pgoff=0 dma=0x42a48000
[    2.138563] day32_edu_perf 0000:00:02.0: mmap ok: len=4096 pgoff=0 dma=0x42a48000
[    2.138792] day32_edu_perf 0000:00:02.0: mmap ok: len=4096 pgoff=0 dma=0x42a48000
[    2.139024] day32_edu_perf 0000:00:02.0: mmap ok: len=4096 pgoff=0 dma=0x42a48000
[    2.139256] day32_edu_perf 0000:00:02.0: mmap ok: len=4096 pgoff=0 dma=0x42a48000
[    2.139573] day32_edu_perf 0000:00:02.0: mmap ok: len=4096 pgoff=0 dma=0x42a48000
[    2.140034] day32_edu_perf 0000:00:02.0: mmap ok: len=4096 pgoff=0 dma=0x42a48000
[    2.140295] day32_edu_perf 0000:00:02.0: mmap ok: len=4096 pgoff=0 dma=0x42a48000
[    2.140528] day32_edu_perf 0000:00:02.0: mmap ok: len=4096 pgoff=0 dma=0x42a48000
[    2.140759] day32_edu_perf 0000:00:02.0: mmap ok: len=4096 pgoff=0 dma=0x42a48000
[    2.140987] day32_edu_perf 0000:00:02.0: mmap ok: len=4096 pgoff=0 dma=0x42a48000
[    2.141221] day32_edu_perf 0000:00:02.0: mmap ok: len=4096 pgoff=0 dma=0x42a48000
[    2.141451] day32_edu_perf 0000:00:02.0: mmap ok: len=4096 pgoff=0 dma=0x42a48000
[    2.141681] day32_edu_perf 0000:00:02.0: mmap ok: len=4096 pgoff=0 dma=0x42a48000
[    2.141909] day32_edu_perf 0000:00:02.0: mmap ok: len=4096 pgoff=0 dma=0x42a48000
[    2.142221] day32_edu_perf 0000:00:02.0: mmap ok: len=4096 pgoff=0 dma=0x42a48000
[    2.142463] day32_edu_perf 0000:00:02.0: mmap ok: len=4096 pgoff=0 dma=0x42a48000
[    2.142693] day32_edu_perf 0000:00:02.0: mmap ok: len=4096 pgoff=0 dma=0x42a48000
[    2.142922] day32_edu_perf 0000:00:02.0: mmap ok: len=4096 pgoff=0 dma=0x42a48000
[    2.143155] day32_edu_perf 0000:00:02.0: mmap ok: len=4096 pgoff=0 dma=0x42a48000
[    2.143385] day32_edu_perf 0000:00:02.0: mmap ok: len=4096 pgoff=0 dma=0x42a48000
[    2.143660] day32_edu_perf 0000:00:02.0: mmap ok: len=4096 pgoff=0 dma=0x42a48000
[    2.144096] day32_edu_perf 0000:00:02.0: mmap ok: len=4096 pgoff=0 dma=0x42a48000
[    2.144366] day32_edu_perf 0000:00:02.0: mmap ok: len=4096 pgoff=0 dma=0x42a48000
[    2.144608] day32_edu_perf 0000:00:02.0: mmap ok: len=4096 pgoff=0 dma=0x42a48000
[    2.144847] day32_edu_perf 0000:00:02.0: mmap ok: len=4096 pgoff=0 dma=0x42a48000
[    2.145078] day32_edu_perf 0000:00:02.0: mmap ok: len=4096 pgoff=0 dma=0x42a48000
[    2.145308] day32_edu_perf 0000:00:02.0: mmap ok: len=4096 pgoff=0 dma=0x42a48000
[    2.145543] day32_edu_perf 0000:00:02.0: mmap ok: len=4096 pgoff=0 dma=0x42a48000
[    2.145774] day32_edu_perf 0000:00:02.0: mmap ok: len=4096 pgoff=0 dma=0x42a48000
[    2.146037] day32_edu_perf 0000:00:02.0: mmap ok: len=4096 pgoff=0 dma=0x42a48000
[    2.146281] day32_edu_perf 0000:00:02.0: mmap ok: len=4096 pgoff=0 dma=0x42a48000
[    2.146510] day32_edu_perf 0000:00:02.0: mmap ok: len=4096 pgoff=0 dma=0x42a48000
[    2.146739] day32_edu_perf 0000:00:02.0: mmap ok: len=4096 pgoff=0 dma=0x42a48000
[    2.146966] day32_edu_perf 0000:00:02.0: mmap ok: len=4096 pgoff=0 dma=0x42a48000
[    2.147194] day32_edu_perf 0000:00:02.0: mmap ok: len=4096 pgoff=0 dma=0x42a48000
[    2.147423] day32_edu_perf 0000:00:02.0: mmap ok: len=4096 pgoff=0 dma=0x42a48000
[    2.147653] day32_edu_perf 0000:00:02.0: mmap ok: len=4096 pgoff=0 dma=0x42a48000
[    2.148054] day32_edu_perf 0000:00:02.0: mmap ok: len=4096 pgoff=0 dma=0x42a48000
[    2.149096] day32_edu_perf 0000:00:02.0: mmap ok: len=4096 pgoff=0 dma=0x42a48000
[    2.149388] day32_edu_perf 0000:00:02.0: mmap ok: len=4096 pgoff=0 dma=0x42a48000
[    2.149636] day32_edu_perf 0000:00:02.0: mmap ok: len=4096 pgoff=0 dma=0x42a48000
[    2.149883] day32_edu_perf 0000:00:02.0: mmap ok: len=4096 pgoff=0 dma=0x42a48000
[    2.150129] day32_edu_perf 0000:00:02.0: mmap ok: len=4096 pgoff=0 dma=0x42a48000
[    2.150365] day32_edu_perf 0000:00:02.0: mmap ok: len=4096 pgoff=0 dma=0x42a48000
[    2.150596] day32_edu_perf 0000:00:02.0: mmap ok: len=4096 pgoff=0 dma=0x42a48000
[    2.150856] day32_edu_perf 0000:00:02.0: mmap ok: len=4096 pgoff=0 dma=0x42a48000
[    2.151102] day32_edu_perf 0000:00:02.0: mmap ok: len=4096 pgoff=0 dma=0x42a48000
[    2.151335] day32_edu_perf 0000:00:02.0: mmap ok: len=4096 pgoff=0 dma=0x42a48000
[    2.151565] day32_edu_perf 0000:00:02.0: mmap ok: len=4096 pgoff=0 dma=0x42a48000
[    2.151794] day32_edu_perf 0000:00:02.0: mmap ok: len=4096 pgoff=0 dma=0x42a48000
[    2.152068] day32_edu_perf 0000:00:02.0: mmap ok: len=4096 pgoff=0 dma=0x42a48000
[    2.152472] day32_edu_perf 0000:00:02.0: mmap ok: len=4096 pgoff=0 dma=0x42a48000
[    2.152723] day32_edu_perf 0000:00:02.0: mmap ok: len=4096 pgoff=0 dma=0x42a48000
[    2.152993] day32_edu_perf 0000:00:02.0: mmap ok: len=4096 pgoff=0 dma=0x42a48000
[    2.153231] day32_edu_perf 0000:00:02.0: mmap ok: len=4096 pgoff=0 dma=0x42a48000
[    2.153461] day32_edu_perf 0000:00:02.0: mmap ok: len=4096 pgoff=0 dma=0x42a48000
[    2.153695] day32_edu_perf 0000:00:02.0: mmap ok: len=4096 pgoff=0 dma=0x42a48000
[    2.153928] day32_edu_perf 0000:00:02.0: mmap ok: len=4096 pgoff=0 dma=0x42a48000
[    2.154161] day32_edu_perf 0000:00:02.0: mmap ok: len=4096 pgoff=0 dma=0x42a48000
[    2.154391] day32_edu_perf 0000:00:02.0: mmap ok: len=4096 pgoff=0 dma=0x42a48000
[    2.154619] day32_edu_perf 0000:00:02.0: mmap ok: len=4096 pgoff=0 dma=0x42a48000
[    2.154912] day32_edu_perf 0000:00:02.0: mmap ok: len=4096 pgoff=0 dma=0x42a48000
[    2.155173] day32_edu_perf 0000:00:02.0: mmap ok: len=4096 pgoff=0 dma=0x42a48000
[    2.155408] day32_edu_perf 0000:00:02.0: mmap ok: len=4096 pgoff=0 dma=0x42a48000
[    2.155639] day32_edu_perf 0000:00:02.0: mmap ok: len=4096 pgoff=0 dma=0x42a48000
[    2.155872] day32_edu_perf 0000:00:02.0: mmap ok: len=4096 pgoff=0 dma=0x42a48000
[    2.156133] day32_edu_perf 0000:00:02.0: mmap ok: len=4096 pgoff=0 dma=0x42a48000
[    2.156553] day32_edu_perf 0000:00:02.0: mmap ok: len=4096 pgoff=0 dma=0x42a48000
[    2.156827] day32_edu_perf 0000:00:02.0: mmap ok: len=4096 pgoff=0 dma=0x42a48000
[    2.157075] day32_edu_perf 0000:00:02.0: mmap ok: len=4096 pgoff=0 dma=0x42a48000
[    2.157330] day32_edu_perf 0000:00:02.0: mmap ok: len=4096 pgoff=0 dma=0x42a48000
[    2.157564] day32_edu_perf 0000:00:02.0: mmap ok: len=4096 pgoff=0 dma=0x42a48000
[    2.157799] day32_edu_perf 0000:00:02.0: mmap ok: len=4096 pgoff=0 dma=0x42a48000
[    2.158030] day32_edu_perf 0000:00:02.0: mmap ok: len=4096 pgoff=0 dma=0x42a48000
[    2.158262] day32_edu_perf 0000:00:02.0: mmap ok: len=4096 pgoff=0 dma=0x42a48000
[    2.158492] day32_edu_perf 0000:00:02.0: mmap ok: len=4096 pgoff=0 dma=0x42a48000
[    2.158722] day32_edu_perf 0000:00:02.0: mmap ok: len=4096 pgoff=0 dma=0x42a48000
[    2.159034] day32_edu_perf 0000:00:02.0: mmap ok: len=4096 pgoff=0 dma=0x42a48000
[    2.159278] day32_edu_perf 0000:00:02.0: mmap ok: len=4096 pgoff=0 dma=0x42a48000
[    2.159513] day32_edu_perf 0000:00:02.0: mmap ok: len=4096 pgoff=0 dma=0x42a48000
[    2.159743] day32_edu_perf 0000:00:02.0: mmap ok: len=4096 pgoff=0 dma=0x42a48000
[    2.159979] day32_edu_perf 0000:00:02.0: mmap ok: len=4096 pgoff=0 dma=0x42a48000
[    2.160211] day32_edu_perf 0000:00:02.0: mmap ok: len=4096 pgoff=0 dma=0x42a48000
[    2.160487] day32_edu_perf 0000:00:02.0: mmap ok: len=4096 pgoff=0 dma=0x42a48000
[    2.160908] day32_edu_perf 0000:00:02.0: mmap ok: len=4096 pgoff=0 dma=0x42a48000
[    2.161184] day32_edu_perf 0000:00:02.0: mmap ok: len=4096 pgoff=0 dma=0x42a48000
[    2.161445] day32_edu_perf 0000:00:02.0: mmap ok: len=4096 pgoff=0 dma=0x42a48000
[    2.161691] day32_edu_perf 0000:00:02.0: mmap ok: len=4096 pgoff=0 dma=0x42a48000
[    2.161923] day32_edu_perf 0000:00:02.0: mmap ok: len=4096 pgoff=0 dma=0x42a48000
[    2.162151] day32_edu_perf 0000:00:02.0: mmap ok: len=4096 pgoff=0 dma=0x42a48000
[    2.162381] day32_edu_perf 0000:00:02.0: mmap ok: len=4096 pgoff=0 dma=0x42a48000
[    2.162669] day32_edu_perf 0000:00:02.0: mmap ok: len=4096 pgoff=0 dma=0x42a48000
[    2.162923] day32_edu_perf 0000:00:02.0: mmap ok: len=4096 pgoff=0 dma=0x42a48000
[    2.163156] day32_edu_perf 0000:00:02.0: mmap ok: len=4096 pgoff=0 dma=0x42a48000
[    2.163385] day32_edu_perf 0000:00:02.0: mmap ok: len=4096 pgoff=0 dma=0x42a48000
[    2.163613] day32_edu_perf 0000:00:02.0: mmap ok: len=4096 pgoff=0 dma=0x42a48000
[    2.163847] day32_edu_perf 0000:00:02.0: mmap ok: len=4096 pgoff=0 dma=0x42a48000
[    2.164077] day32_edu_perf 0000:00:02.0: mmap ok: len=4096 pgoff=0 dma=0x42a48000
[    2.164305] day32_edu_perf 0000:00:02.0: mmap ok: len=4096 pgoff=0 dma=0x42a48000
[    2.164702] day32_edu_perf 0000:00:02.0: mmap ok: len=4096 pgoff=0 dma=0x42a48000
[    2.165120] day32_edu_perf 0000:00:02.0: mmap ok: len=4096 pgoff=0 dma=0x42a48000
[    2.165374] day32_edu_perf 0000:00:02.0: mmap ok: len=4096 pgoff=0 dma=0x42a48000
[    2.165612] day32_edu_perf 0000:00:02.0: mmap ok: len=4096 pgoff=0 dma=0x42a48000
[    2.165843] day32_edu_perf 0000:00:02.0: mmap ok: len=4096 pgoff=0 dma=0x42a48000
[    2.166072] day32_edu_perf 0000:00:02.0: mmap ok: len=4096 pgoff=0 dma=0x42a48000
[    2.166307] day32_edu_perf 0000:00:02.0: mmap ok: len=4096 pgoff=0 dma=0x42a48000
[    2.166539] day32_edu_perf 0000:00:02.0: mmap ok: len=4096 pgoff=0 dma=0x42a48000
[    2.166813] day32_edu_perf 0000:00:02.0: mmap ok: len=4096 pgoff=0 dma=0x42a48000
[    2.167049] day32_edu_perf 0000:00:02.0: mmap ok: len=4096 pgoff=0 dma=0x42a48000
[    2.167280] day32_edu_perf 0000:00:02.0: mmap ok: len=4096 pgoff=0 dma=0x42a48000
[    2.167510] day32_edu_perf 0000:00:02.0: mmap ok: len=4096 pgoff=0 dma=0x42a48000
[    2.167738] day32_edu_perf 0000:00:02.0: mmap ok: len=4096 pgoff=0 dma=0x42a48000
[    2.167968] day32_edu_perf 0000:00:02.0: mmap ok: len=4096 pgoff=0 dma=0x42a48000
[    2.168196] day32_edu_perf 0000:00:02.0: mmap ok: len=4096 pgoff=0 dma=0x42a48000
[    2.168425] day32_edu_perf 0000:00:02.0: mmap ok: len=4096 pgoff=0 dma=0x42a48000
[    2.168728] day32_edu_perf 0000:00:02.0: mmap ok: len=4096 pgoff=0 dma=0x42a48000
[    2.169203] day32_edu_perf 0000:00:02.0: mmap ok: len=4096 pgoff=0 dma=0x42a48000
[    2.169465] day32_edu_perf 0000:00:02.0: mmap ok: len=4096 pgoff=0 dma=0x42a48000
[    2.169704] day32_edu_perf 0000:00:02.0: mmap ok: len=4096 pgoff=0 dma=0x42a48000
[    2.169938] day32_edu_perf 0000:00:02.0: mmap ok: len=4096 pgoff=0 dma=0x42a48000
[    2.170177] day32_edu_perf 0000:00:02.0: mmap ok: len=4096 pgoff=0 dma=0x42a48000
[    2.170416] day32_edu_perf 0000:00:02.0: mmap ok: len=4096 pgoff=0 dma=0x42a48000
[    2.170715] day32_edu_perf 0000:00:02.0: mmap ok: len=4096 pgoff=0 dma=0x42a48000
[    2.170971] day32_edu_perf 0000:00:02.0: mmap ok: len=4096 pgoff=0 dma=0x42a48000
[    2.171205] day32_edu_perf 0000:00:02.0: mmap ok: len=4096 pgoff=0 dma=0x42a48000
[    2.171437] day32_edu_perf 0000:00:02.0: mmap ok: len=4096 pgoff=0 dma=0x42a48000
[    2.171671] day32_edu_perf 0000:00:02.0: mmap ok: len=4096 pgoff=0 dma=0x42a48000
[    2.171906] day32_edu_perf 0000:00:02.0: mmap ok: len=4096 pgoff=0 dma=0x42a48000
[    2.172136] day32_edu_perf 0000:00:02.0: mmap ok: len=4096 pgoff=0 dma=0x42a48000
[    2.172365] day32_edu_perf 0000:00:02.0: mmap ok: len=4096 pgoff=0 dma=0x42a48000
[    2.172593] day32_edu_perf 0000:00:02.0: mmap ok: len=4096 pgoff=0 dma=0x42a48000
[    2.172955] day32_edu_perf 0000:00:02.0: mmap ok: len=4096 pgoff=0 dma=0x42a48000
[    2.173503] day32_edu_perf 0000:00:02.0: mmap ok: len=4096 pgoff=0 dma=0x42a48000
[    2.173763] day32_edu_perf 0000:00:02.0: mmap ok: len=4096 pgoff=0 dma=0x42a48000
[    2.174008] day32_edu_perf 0000:00:02.0: mmap ok: len=4096 pgoff=0 dma=0x42a48000
[    2.174242] day32_edu_perf 0000:00:02.0: mmap ok: len=4096 pgoff=0 dma=0x42a48000
[    2.174474] day32_edu_perf 0000:00:02.0: mmap ok: len=4096 pgoff=0 dma=0x42a48000
[    2.174787] day32_edu_perf 0000:00:02.0: mmap ok: len=4096 pgoff=0 dma=0x42a48000
[    2.175031] day32_edu_perf 0000:00:02.0: mmap ok: len=4096 pgoff=0 dma=0x42a48000
[    2.175263] day32_edu_perf 0000:00:02.0: mmap ok: len=4096 pgoff=0 dma=0x42a48000
[    2.175491] day32_edu_perf 0000:00:02.0: mmap ok: len=4096 pgoff=0 dma=0x42a48000
[    2.175725] day32_edu_perf 0000:00:02.0: mmap ok: len=4096 pgoff=0 dma=0x42a48000
[    2.175959] day32_edu_perf 0000:00:02.0: mmap ok: len=4096 pgoff=0 dma=0x42a48000
[    2.176188] day32_edu_perf 0000:00:02.0: mmap ok: len=4096 pgoff=0 dma=0x42a48000
[    2.176417] day32_edu_perf 0000:00:02.0: mmap ok: len=4096 pgoff=0 dma=0x42a48000
[    2.176679] day32_edu_perf 0000:00:02.0: mmap ok: len=4096 pgoff=0 dma=0x42a48000
[    2.176925] day32_edu_perf 0000:00:02.0: mmap ok: len=4096 pgoff=0 dma=0x42a48000
[    2.177159] day32_edu_perf 0000:00:02.0: mmap ok: len=4096 pgoff=0 dma=0x42a48000
[    2.177528] day32_edu_perf 0000:00:02.0: mmap ok: len=4096 pgoff=0 dma=0x42a48000
[    2.178336] day32_edu_perf 0000:00:02.0: mmap ok: len=4096 pgoff=0 dma=0x42a48000
[    2.178597] day32_edu_perf 0000:00:02.0: mmap ok: len=4096 pgoff=0 dma=0x42a48000
[    2.178835] day32_edu_perf 0000:00:02.0: mmap ok: len=4096 pgoff=0 dma=0x42a48000
[    2.179133] day32_edu_perf 0000:00:02.0: mmap ok: len=4096 pgoff=0 dma=0x42a48000
[    2.179577] day32_edu_perf 0000:00:02.0: mmap ok: len=4096 pgoff=0 dma=0x42a48000
[    2.179821] day32_edu_perf 0000:00:02.0: mmap ok: len=4096 pgoff=0 dma=0x42a48000
[    2.180079] day32_edu_perf 0000:00:02.0: mmap ok: len=4096 pgoff=0 dma=0x42a48000
[    2.180316] day32_edu_perf 0000:00:02.0: mmap ok: len=4096 pgoff=0 dma=0x42a48000
[    2.180547] day32_edu_perf 0000:00:02.0: mmap ok: len=4096 pgoff=0 dma=0x42a48000
[    2.180777] day32_edu_perf 0000:00:02.0: mmap ok: len=4096 pgoff=0 dma=0x42a48000
[    2.181008] day32_edu_perf 0000:00:02.0: mmap ok: len=4096 pgoff=0 dma=0x42a48000
[    2.181344] day32_edu_perf 0000:00:02.0: mmap ok: len=4096 pgoff=0 dma=0x42a48000
[    2.181609] day32_edu_perf 0000:00:02.0: mmap ok: len=4096 pgoff=0 dma=0x42a48000
[    2.181881] day32_edu_perf 0000:00:02.0: mmap ok: len=4096 pgoff=0 dma=0x42a48000
[    2.182167] day32_edu_perf 0000:00:02.0: mmap ok: len=4096 pgoff=0 dma=0x42a48000
[    2.182403] day32_edu_perf 0000:00:02.0: mmap ok: len=4096 pgoff=0 dma=0x42a48000
[    2.182633] day32_edu_perf 0000:00:02.0: mmap ok: len=4096 pgoff=0 dma=0x42a48000
[    2.182863] day32_edu_perf 0000:00:02.0: mmap ok: len=4096 pgoff=0 dma=0x42a48000
[    2.183104] day32_edu_perf 0000:00:02.0: mmap ok: len=4096 pgoff=0 dma=0x42a48000
[    2.183337] day32_edu_perf 0000:00:02.0: mmap ok: len=4096 pgoff=0 dma=0x42a48000
[    2.183567] day32_edu_perf 0000:00:02.0: mmap ok: len=4096 pgoff=0 dma=0x42a48000
[    2.183795] day32_edu_perf 0000:00:02.0: mmap ok: len=4096 pgoff=0 dma=0x42a48000
[    2.184066] day32_edu_perf 0000:00:02.0: mmap ok: len=4096 pgoff=0 dma=0x42a48000
[    2.184300] day32_edu_perf 0000:00:02.0: mmap ok: len=4096 pgoff=0 dma=0x42a48000
[    2.184529] day32_edu_perf 0000:00:02.0: mmap ok: len=4096 pgoff=0 dma=0x42a48000
[    2.184756] day32_edu_perf 0000:00:02.0: mmap ok: len=4096 pgoff=0 dma=0x42a48000
[    2.184986] day32_edu_perf 0000:00:02.0: mmap ok: len=4096 pgoff=0 dma=0x42a48000
[    2.185219] day32_edu_perf 0000:00:02.0: mmap ok: len=4096 pgoff=0 dma=0x42a48000
[    2.185502] day32_edu_perf 0000:00:02.0: mmap ok: len=4096 pgoff=0 dma=0x42a48000
[    2.185742] day32_edu_perf 0000:00:02.0: mmap ok: len=4096 pgoff=0 dma=0x42a48000
[    2.186013] day32_edu_perf 0000:00:02.0: mmap ok: len=4096 pgoff=0 dma=0x42a48000
[    2.186255] day32_edu_perf 0000:00:02.0: mmap ok: len=4096 pgoff=0 dma=0x42a48000
[    2.186487] day32_edu_perf 0000:00:02.0: mmap ok: len=4096 pgoff=0 dma=0x42a48000
[    2.186717] day32_edu_perf 0000:00:02.0: mmap ok: len=4096 pgoff=0 dma=0x42a48000
[    2.186947] day32_edu_perf 0000:00:02.0: mmap ok: len=4096 pgoff=0 dma=0x42a48000
[    2.187181] day32_edu_perf 0000:00:02.0: mmap ok: len=4096 pgoff=0 dma=0x42a48000
[    2.187411] day32_edu_perf 0000:00:02.0: mmap ok: len=4096 pgoff=0 dma=0x42a48000
[    2.187641] day32_edu_perf 0000:00:02.0: mmap ok: len=4096 pgoff=0 dma=0x42a48000
[    2.187890] day32_edu_perf 0000:00:02.0: mmap ok: len=4096 pgoff=0 dma=0x42a48000
[    2.188139] day32_edu_perf 0000:00:02.0: mmap ok: len=4096 pgoff=0 dma=0x42a48000
[    2.188369] day32_edu_perf 0000:00:02.0: mmap ok: len=4096 pgoff=0 dma=0x42a48000
[    2.188598] day32_edu_perf 0000:00:02.0: mmap ok: len=4096 pgoff=0 dma=0x42a48000
[    2.188826] day32_edu_perf 0000:00:02.0: mmap ok: len=4096 pgoff=0 dma=0x42a48000
[    2.189055] day32_edu_perf 0000:00:02.0: mmap ok: len=4096 pgoff=0 dma=0x42a48000
[    2.189283] day32_edu_perf 0000:00:02.0: mmap ok: len=4096 pgoff=0 dma=0x42a48000
[    2.189550] day32_edu_perf 0000:00:02.0: mmap ok: len=4096 pgoff=0 dma=0x42a48000
[    2.190379] day32_edu_perf 0000:00:02.0: mmap ok: len=4096 pgoff=0 dma=0x42a48000
[    2.190654] day32_edu_perf 0000:00:02.0: mmap ok: len=4096 pgoff=0 dma=0x42a48000
[    2.190950] day32_edu_perf 0000:00:02.0: mmap ok: len=4096 pgoff=0 dma=0x42a48000
[    2.191252] day32_edu_perf 0000:00:02.0: mmap ok: len=4096 pgoff=0 dma=0x42a48000
[    2.191496] day32_edu_perf 0000:00:02.0: mmap ok: len=4096 pgoff=0 dma=0x42a48000
[    2.191732] day32_edu_perf 0000:00:02.0: mmap ok: len=4096 pgoff=0 dma=0x42a48000
[    2.191964] day32_edu_perf 0000:00:02.0: mmap ok: len=4096 pgoff=0 dma=0x42a48000
[    2.192196] day32_edu_perf 0000:00:02.0: mmap ok: len=4096 pgoff=0 dma=0x42a48000
[    2.192428] day32_edu_perf 0000:00:02.0: mmap ok: len=4096 pgoff=0 dma=0x42a48000
[    2.192658] day32_edu_perf 0000:00:02.0: mmap ok: len=4096 pgoff=0 dma=0x42a48000
[    2.192890] day32_edu_perf 0000:00:02.0: mmap ok: len=4096 pgoff=0 dma=0x42a48000
[    2.193312] day32_edu_perf 0000:00:02.0: mmap ok: len=4096 pgoff=0 dma=0x42a48000
[    2.193605] day32_edu_perf 0000:00:02.0: mmap ok: len=4096 pgoff=0 dma=0x42a48000
[    2.193986] day32_edu_perf 0000:00:02.0: mmap ok: len=4096 pgoff=0 dma=0x42a48000
[    2.194239] day32_edu_perf 0000:00:02.0: mmap ok: len=4096 pgoff=0 dma=0x42a48000
[    2.194484] day32_edu_perf 0000:00:02.0: mmap ok: len=4096 pgoff=0 dma=0x42a48000
[    2.194717] day32_edu_perf 0000:00:02.0: mmap ok: len=4096 pgoff=0 dma=0x42a48000
[    2.194991] day32_edu_perf 0000:00:02.0: mmap ok: len=4096 pgoff=0 dma=0x42a48000
[    2.195391] day32_edu_perf 0000:00:02.0: mmap ok: len=4096 pgoff=0 dma=0x42a48000
[    2.195636] day32_edu_perf 0000:00:02.0: mmap ok: len=4096 pgoff=0 dma=0x42a48000
[    2.195876] day32_edu_perf 0000:00:02.0: mmap ok: len=4096 pgoff=0 dma=0x42a48000
[    2.196115] day32_edu_perf 0000:00:02.0: mmap ok: len=4096 pgoff=0 dma=0x42a48000
[    2.196347] day32_edu_perf 0000:00:02.0: mmap ok: len=4096 pgoff=0 dma=0x42a48000
[    2.196578] day32_edu_perf 0000:00:02.0: mmap ok: len=4096 pgoff=0 dma=0x42a48000
[    2.196808] day32_edu_perf 0000:00:02.0: mmap ok: len=4096 pgoff=0 dma=0x42a48000
[    2.197106] day32_edu_perf 0000:00:02.0: mmap ok: len=4096 pgoff=0 dma=0x42a48000
[    2.197358] day32_edu_perf 0000:00:02.0: mmap ok: len=4096 pgoff=0 dma=0x42a48000
[    2.197591] day32_edu_perf 0000:00:02.0: mmap ok: len=4096 pgoff=0 dma=0x42a48000
[    2.197891] day32_edu_perf 0000:00:02.0: mmap ok: len=4096 pgoff=0 dma=0x42a48000
[    2.198190] day32_edu_perf 0000:00:02.0: mmap ok: len=4096 pgoff=0 dma=0x42a48000
[    2.198438] day32_edu_perf 0000:00:02.0: mmap ok: len=4096 pgoff=0 dma=0x42a48000
[    2.198674] day32_edu_perf 0000:00:02.0: mmap ok: len=4096 pgoff=0 dma=0x42a48000
[    2.198903] day32_edu_perf 0000:00:02.0: mmap ok: len=4096 pgoff=0 dma=0x42a48000
[    2.199175] day32_edu_perf 0000:00:02.0: mmap ok: len=4096 pgoff=0 dma=0x42a48000
[    2.199412] day32_edu_perf 0000:00:02.0: mmap ok: len=4096 pgoff=0 dma=0x42a48000
[    2.199647] day32_edu_perf 0000:00:02.0: mmap ok: len=4096 pgoff=0 dma=0x42a48000
[    2.199876] day32_edu_perf 0000:00:02.0: mmap ok: len=4096 pgoff=0 dma=0x42a48000
[    2.200105] day32_edu_perf 0000:00:02.0: mmap ok: len=4096 pgoff=0 dma=0x42a48000
[    2.200335] day32_edu_perf 0000:00:02.0: mmap ok: len=4096 pgoff=0 dma=0x42a48000
[    2.200564] day32_edu_perf 0000:00:02.0: mmap ok: len=4096 pgoff=0 dma=0x42a48000
[    2.200792] day32_edu_perf 0000:00:02.0: mmap ok: len=4096 pgoff=0 dma=0x42a48000
[    2.201049] day32_edu_perf 0000:00:02.0: mmap ok: len=4096 pgoff=0 dma=0x42a48000
[    2.201289] day32_edu_perf 0000:00:02.0: mmap ok: len=4096 pgoff=0 dma=0x42a48000
[    2.201518] day32_edu_perf 0000:00:02.0: mmap ok: len=4096 pgoff=0 dma=0x42a48000
[    2.201746] day32_edu_perf 0000:00:02.0: mmap ok: len=4096 pgoff=0 dma=0x42a48000
[    2.202022] day32_edu_perf 0000:00:02.0: mmap ok: len=4096 pgoff=0 dma=0x42a48000
[    2.202543] day32_edu_perf 0000:00:02.0: mmap ok: len=4096 pgoff=0 dma=0x42a48000
[    2.202813] day32_edu_perf 0000:00:02.0: mmap ok: len=4096 pgoff=0 dma=0x42a48000
[    2.203050] day32_edu_perf 0000:00:02.0: mmap ok: len=4096 pgoff=0 dma=0x42a48000
[    2.203420] day32_edu_perf 0000:00:02.0: mmap ok: len=4096 pgoff=0 dma=0x42a48000
[    2.203715] day32_edu_perf 0000:00:02.0: mmap ok: len=4096 pgoff=0 dma=0x42a48000
[    2.203954] day32_edu_perf 0000:00:02.0: mmap ok: len=4096 pgoff=0 dma=0x42a48000
[    2.204187] day32_edu_perf 0000:00:02.0: mmap ok: len=4096 pgoff=0 dma=0x42a48000
[    2.204418] day32_edu_perf 0000:00:02.0: mmap ok: len=4096 pgoff=0 dma=0x42a48000
[    2.204654] day32_edu_perf 0000:00:02.0: mmap ok: len=4096 pgoff=0 dma=0x42a48000
[    2.204887] day32_edu_perf 0000:00:02.0: mmap ok: len=4096 pgoff=0 dma=0x42a48000
[    2.205118] day32_edu_perf 0000:00:02.0: mmap ok: len=4096 pgoff=0 dma=0x42a48000
[    2.205410] day32_edu_perf 0000:00:02.0: mmap ok: len=4096 pgoff=0 dma=0x42a48000
[    2.205665] day32_edu_perf 0000:00:02.0: mmap ok: len=4096 pgoff=0 dma=0x42a48000
[    2.205898] day32_edu_perf 0000:00:02.0: mmap ok: len=4096 pgoff=0 dma=0x42a48000
[    2.206209] day32_edu_perf 0000:00:02.0: mmap ok: len=4096 pgoff=0 dma=0x42a48000
[    2.206500] day32_edu_perf 0000:00:02.0: mmap ok: len=4096 pgoff=0 dma=0x42a48000
[    2.206738] day32_edu_perf 0000:00:02.0: mmap ok: len=4096 pgoff=0 dma=0x42a48000
[    2.206969] day32_edu_perf 0000:00:02.0: mmap ok: len=4096 pgoff=0 dma=0x42a48000
[    2.207305] day32_edu_perf 0000:00:02.0: mmap ok: len=4096 pgoff=0 dma=0x42a48000
[    2.207552] day32_edu_perf 0000:00:02.0: mmap ok: len=4096 pgoff=0 dma=0x42a48000
[    2.207782] day32_edu_perf 0000:00:02.0: mmap ok: len=4096 pgoff=0 dma=0x42a48000
[    2.208012] day32_edu_perf 0000:00:02.0: mmap ok: len=4096 pgoff=0 dma=0x42a48000
[    2.208255] day32_edu_perf 0000:00:02.0: mmap ok: len=4096 pgoff=0 dma=0x42a48000
[    2.208489] day32_edu_perf 0000:00:02.0: mmap ok: len=4096 pgoff=0 dma=0x42a48000
[    2.208719] day32_edu_perf 0000:00:02.0: mmap ok: len=4096 pgoff=0 dma=0x42a48000
[    2.208949] day32_edu_perf 0000:00:02.0: mmap ok: len=4096 pgoff=0 dma=0x42a48000
[    2.209180] day32_edu_perf 0000:00:02.0: mmap ok: len=4096 pgoff=0 dma=0x42a48000
[    2.209447] day32_edu_perf 0000:00:02.0: mmap ok: len=4096 pgoff=0 dma=0x42a48000
[    2.209681] day32_edu_perf 0000:00:02.0: mmap ok: len=4096 pgoff=0 dma=0x42a48000
[    2.209911] day32_edu_perf 0000:00:02.0: mmap ok: len=4096 pgoff=0 dma=0x42a48000
[    2.210141] day32_edu_perf 0000:00:02.0: mmap ok: len=4096 pgoff=0 dma=0x42a48000
[    2.210774] day32_edu_perf 0000:00:02.0: mmap ok: len=4096 pgoff=0 dma=0x42a48000
[    2.211484] day32_edu_perf 0000:00:02.0: mmap ok: len=4096 pgoff=0 dma=0x42a48000
[    2.211756] day32_edu_perf 0000:00:02.0: mmap ok: len=4096 pgoff=0 dma=0x42a48000
[    2.211993] day32_edu_perf 0000:00:02.0: mmap ok: len=4096 pgoff=0 dma=0x42a48000
[    2.212223] day32_edu_perf 0000:00:02.0: mmap ok: len=4096 pgoff=0 dma=0x42a48000
[    2.212450] day32_edu_perf 0000:00:02.0: mmap ok: len=4096 pgoff=0 dma=0x42a48000
[    2.212678] day32_edu_perf 0000:00:02.0: mmap ok: len=4096 pgoff=0 dma=0x42a48000
[    2.212969] day32_edu_perf 0000:00:02.0: mmap ok: len=4096 pgoff=0 dma=0x42a48000
[    2.213329] day32_edu_perf 0000:00:02.0: mmap ok: len=4096 pgoff=0 dma=0x42a48000
[    2.213627] day32_edu_perf 0000:00:02.0: mmap ok: len=4096 pgoff=0 dma=0x42a48000
[    2.213920] day32_edu_perf 0000:00:02.0: mmap ok: len=4096 pgoff=0 dma=0x42a48000
[    2.214210] day32_edu_perf 0000:00:02.0: mmap ok: len=4096 pgoff=0 dma=0x42a48000
[    2.214531] day32_edu_perf 0000:00:02.0: mmap ok: len=4096 pgoff=0 dma=0x42a48000
[    2.214900] day32_edu_perf 0000:00:02.0: mmap ok: len=4096 pgoff=0 dma=0x42a48000
[    2.215146] day32_edu_perf 0000:00:02.0: mmap ok: len=4096 pgoff=0 dma=0x42a48000
[    2.215389] day32_edu_perf 0000:00:02.0: mmap ok: len=4096 pgoff=0 dma=0x42a48000
[    2.215623] day32_edu_perf 0000:00:02.0: mmap ok: len=4096 pgoff=0 dma=0x42a48000
[    2.215856] day32_edu_perf 0000:00:02.0: mmap ok: len=4096 pgoff=0 dma=0x42a48000
[    2.216087] day32_edu_perf 0000:00:02.0: mmap ok: len=4096 pgoff=0 dma=0x42a48000
[    2.216326] day32_edu_perf 0000:00:02.0: mmap ok: len=4096 pgoff=0 dma=0x42a48000
[    2.216560] day32_edu_perf 0000:00:02.0: mmap ok: len=4096 pgoff=0 dma=0x42a48000
[    2.216831] day32_edu_perf 0000:00:02.0: mmap ok: len=4096 pgoff=0 dma=0x42a48000
[    2.217067] day32_edu_perf 0000:00:02.0: mmap ok: len=4096 pgoff=0 dma=0x42a48000
[    2.217299] day32_edu_perf 0000:00:02.0: mmap ok: len=4096 pgoff=0 dma=0x42a48000
[    2.217528] day32_edu_perf 0000:00:02.0: mmap ok: len=4096 pgoff=0 dma=0x42a48000
[    2.217761] day32_edu_perf 0000:00:02.0: mmap ok: len=4096 pgoff=0 dma=0x42a48000
[    2.217992] day32_edu_perf 0000:00:02.0: mmap ok: len=4096 pgoff=0 dma=0x42a48000
[    2.218221] day32_edu_perf 0000:00:02.0: mmap ok: len=4096 pgoff=0 dma=0x42a48000
[    2.218450] day32_edu_perf 0000:00:02.0: mmap ok: len=4096 pgoff=0 dma=0x42a48000
[    2.218764] day32_edu_perf 0000:00:02.0: mmap ok: len=4096 pgoff=0 dma=0x42a48000
[    2.219451] day32_edu_perf 0000:00:02.0: mmap ok: len=4096 pgoff=0 dma=0x42a48000
[    2.219735] day32_edu_perf 0000:00:02.0: mmap ok: len=4096 pgoff=0 dma=0x42a48000
[    2.220042] day32_edu_perf 0000:00:02.0: mmap ok: len=4096 pgoff=0 dma=0x42a48000
[    2.220289] day32_edu_perf 0000:00:02.0: mmap ok: len=4096 pgoff=0 dma=0x42a48000
[    2.220521] day32_edu_perf 0000:00:02.0: mmap ok: len=4096 pgoff=0 dma=0x42a48000
[    2.220752] day32_edu_perf 0000:00:02.0: mmap ok: len=4096 pgoff=0 dma=0x42a48000
[    2.220980] day32_edu_perf 0000:00:02.0: mmap ok: len=4096 pgoff=0 dma=0x42a48000
[    2.221210] day32_edu_perf 0000:00:02.0: mmap ok: len=4096 pgoff=0 dma=0x42a48000
[    2.221447] day32_edu_perf 0000:00:02.0: mmap ok: len=4096 pgoff=0 dma=0x42a48000
[    2.221754] day32_edu_perf 0000:00:02.0: mmap ok: len=4096 pgoff=0 dma=0x42a48000
[    2.221994] day32_edu_perf 0000:00:02.0: mmap ok: len=4096 pgoff=0 dma=0x42a48000
[    2.222225] day32_edu_perf 0000:00:02.0: mmap ok: len=4096 pgoff=0 dma=0x42a48000
[    2.222476] day32_edu_perf 0000:00:02.0: mmap ok: len=4096 pgoff=0 dma=0x42a48000
[    2.222726] day32_edu_perf 0000:00:02.0: mmap ok: len=4096 pgoff=0 dma=0x42a48000
[    2.223130] day32_edu_perf 0000:00:02.0: mmap ok: len=4096 pgoff=0 dma=0x42a48000
[    2.223382] day32_edu_perf 0000:00:02.0: mmap ok: len=4096 pgoff=0 dma=0x42a48000
[    2.223659] day32_edu_perf 0000:00:02.0: mmap ok: len=4096 pgoff=0 dma=0x42a48000
[    2.223906] day32_edu_perf 0000:00:02.0: mmap ok: len=4096 pgoff=0 dma=0x42a48000
[    2.224139] day32_edu_perf 0000:00:02.0: mmap ok: len=4096 pgoff=0 dma=0x42a48000
[    2.224370] day32_edu_perf 0000:00:02.0: mmap ok: len=4096 pgoff=0 dma=0x42a48000
[    2.224606] day32_edu_perf 0000:00:02.0: mmap ok: len=4096 pgoff=0 dma=0x42a48000
[    2.224839] day32_edu_perf 0000:00:02.0: mmap ok: len=4096 pgoff=0 dma=0x42a48000
[    2.225069] day32_edu_perf 0000:00:02.0: mmap ok: len=4096 pgoff=0 dma=0x42a48000
[    2.225300] day32_edu_perf 0000:00:02.0: mmap ok: len=4096 pgoff=0 dma=0x42a48000
[    2.225531] day32_edu_perf 0000:00:02.0: mmap ok: len=4096 pgoff=0 dma=0x42a48000
[    2.225808] day32_edu_perf 0000:00:02.0: mmap ok: len=4096 pgoff=0 dma=0x42a48000
[    2.226043] day32_edu_perf 0000:00:02.0: mmap ok: len=4096 pgoff=0 dma=0x42a48000
[    2.226273] day32_edu_perf 0000:00:02.0: mmap ok: len=4096 pgoff=0 dma=0x42a48000
[    2.226503] day32_edu_perf 0000:00:02.0: mmap ok: len=4096 pgoff=0 dma=0x42a48000
[    2.226732] day32_edu_perf 0000:00:02.0: mmap ok: len=4096 pgoff=0 dma=0x42a48000
[    2.227010] day32_edu_perf 0000:00:02.0: mmap ok: len=4096 pgoff=0 dma=0x42a48000
[    2.227449] day32_edu_perf 0000:00:02.0: mmap ok: len=4096 pgoff=0 dma=0x42a48000
[    2.227740] day32_edu_perf 0000:00:02.0: mmap ok: len=4096 pgoff=0 dma=0x42a48000
[    2.227982] day32_edu_perf 0000:00:02.0: mmap ok: len=4096 pgoff=0 dma=0x42a48000
[    2.228215] day32_edu_perf 0000:00:02.0: mmap ok: len=4096 pgoff=0 dma=0x42a48000
[    2.228445] day32_edu_perf 0000:00:02.0: mmap ok: len=4096 pgoff=0 dma=0x42a48000
[    2.228685] day32_edu_perf 0000:00:02.0: mmap ok: len=4096 pgoff=0 dma=0x42a48000
[    2.228919] day32_edu_perf 0000:00:02.0: mmap ok: len=4096 pgoff=0 dma=0x42a48000
[    2.229151] day32_edu_perf 0000:00:02.0: mmap ok: len=4096 pgoff=0 dma=0x42a48000
[    2.229380] day32_edu_perf 0000:00:02.0: mmap ok: len=4096 pgoff=0 dma=0x42a48000
[    2.229641] day32_edu_perf 0000:00:02.0: mmap ok: len=4096 pgoff=0 dma=0x42a48000
[    2.229885] day32_edu_perf 0000:00:02.0: mmap ok: len=4096 pgoff=0 dma=0x42a48000
[    2.230116] day32_edu_perf 0000:00:02.0: mmap ok: len=4096 pgoff=0 dma=0x42a48000
[    2.230345] day32_edu_perf 0000:00:02.0: mmap ok: len=4096 pgoff=0 dma=0x42a48000
[    2.230573] day32_edu_perf 0000:00:02.0: mmap ok: len=4096 pgoff=0 dma=0x42a48000
[    2.230802] day32_edu_perf 0000:00:02.0: mmap ok: len=4096 pgoff=0 dma=0x42a48000
[    2.231035] day32_edu_perf 0000:00:02.0: mmap ok: len=4096 pgoff=0 dma=0x42a48000
[    2.231636] day32_edu_perf 0000:00:02.0: mmap ok: len=4096 pgoff=0 dma=0x42a48000
[    2.231891] day32_edu_perf 0000:00:02.0: mmap ok: len=4096 pgoff=0 dma=0x42a48000
[    2.232137] day32_edu_perf 0000:00:02.0: mmap ok: len=4096 pgoff=0 dma=0x42a48000
[    2.232372] day32_edu_perf 0000:00:02.0: mmap ok: len=4096 pgoff=0 dma=0x42a48000
[    2.232604] day32_edu_perf 0000:00:02.0: mmap ok: len=4096 pgoff=0 dma=0x42a48000
[    2.232833] day32_edu_perf 0000:00:02.0: mmap ok: len=4096 pgoff=0 dma=0x42a48000
[    2.233063] day32_edu_perf 0000:00:02.0: mmap ok: len=4096 pgoff=0 dma=0x42a48000
[    2.233300] day32_edu_perf 0000:00:02.0: mmap ok: len=4096 pgoff=0 dma=0x42a48000
[    2.233609] day32_edu_perf 0000:00:02.0: mmap ok: len=4096 pgoff=0 dma=0x42a48000
[    2.233861] day32_edu_perf 0000:00:02.0: mmap ok: len=4096 pgoff=0 dma=0x42a48000
[    2.234099] day32_edu_perf 0000:00:02.0: mmap ok: len=4096 pgoff=0 dma=0x42a48000
[    2.234331] day32_edu_perf 0000:00:02.0: mmap ok: len=4096 pgoff=0 dma=0x42a48000
[    2.234566] day32_edu_perf 0000:00:02.0: mmap ok: len=4096 pgoff=0 dma=0x42a48000
[    2.234799] day32_edu_perf 0000:00:02.0: mmap ok: len=4096 pgoff=0 dma=0x42a48000
[    2.235029] day32_edu_perf 0000:00:02.0: mmap ok: len=4096 pgoff=0 dma=0x42a48000
[    2.235353] day32_edu_perf 0000:00:02.0: mmap ok: len=4096 pgoff=0 dma=0x42a48000
[    2.235830] day32_edu_perf 0000:00:02.0: mmap ok: len=4096 pgoff=0 dma=0x42a48000
[    2.236089] day32_edu_perf 0000:00:02.0: mmap ok: len=4096 pgoff=0 dma=0x42a48000
[    2.236335] day32_edu_perf 0000:00:02.0: mmap ok: len=4096 pgoff=0 dma=0x42a48000
[    2.236572] day32_edu_perf 0000:00:02.0: mmap ok: len=4096 pgoff=0 dma=0x42a48000
[    2.236804] day32_edu_perf 0000:00:02.0: mmap ok: len=4096 pgoff=0 dma=0x42a48000
[    2.237033] day32_edu_perf 0000:00:02.0: mmap ok: len=4096 pgoff=0 dma=0x42a48000
[    2.237358] day32_edu_perf 0000:00:02.0: mmap ok: len=4096 pgoff=0 dma=0x42a48000
[    2.237626] day32_edu_perf 0000:00:02.0: mmap ok: len=4096 pgoff=0 dma=0x42a48000
[    2.237862] day32_edu_perf 0000:00:02.0: mmap ok: len=4096 pgoff=0 dma=0x42a48000
[    2.238092] day32_edu_perf 0000:00:02.0: mmap ok: len=4096 pgoff=0 dma=0x42a48000
[    2.238321] day32_edu_perf 0000:00:02.0: mmap ok: len=4096 pgoff=0 dma=0x42a48000
[    2.238556] day32_edu_perf 0000:00:02.0: mmap ok: len=4096 pgoff=0 dma=0x42a48000
[    2.238785] day32_edu_perf 0000:00:02.0: mmap ok: len=4096 pgoff=0 dma=0x42a48000
[    2.239018] day32_edu_perf 0000:00:02.0: mmap ok: len=4096 pgoff=0 dma=0x42a48000
[    2.239248] day32_edu_perf 0000:00:02.0: mmap ok: len=4096 pgoff=0 dma=0x42a48000
[    2.239563] day32_edu_perf 0000:00:02.0: mmap ok: len=4096 pgoff=0 dma=0x42a48000
[    2.240013] day32_edu_perf 0000:00:02.0: mmap ok: len=4096 pgoff=0 dma=0x42a48000
[    2.240506] day32_edu_perf 0000:00:02.0: mmap ok: len=4096 pgoff=0 dma=0x42a48000
[    2.240762] day32_edu_perf 0000:00:02.0: mmap ok: len=4096 pgoff=0 dma=0x42a48000
[    2.240998] day32_edu_perf 0000:00:02.0: mmap ok: len=4096 pgoff=0 dma=0x42a48000
[    2.241228] day32_edu_perf 0000:00:02.0: mmap ok: len=4096 pgoff=0 dma=0x42a48000
[    2.241462] day32_edu_perf 0000:00:02.0: mmap ok: len=4096 pgoff=0 dma=0x42a48000
[    2.241690] day32_edu_perf 0000:00:02.0: mmap ok: len=4096 pgoff=0 dma=0x42a48000
[    2.241916] day32_edu_perf 0000:00:02.0: mmap ok: len=4096 pgoff=0 dma=0x42a48000
[    2.242263] day32_edu_perf 0000:00:02.0: mmap ok: len=4096 pgoff=0 dma=0x42a48000
[    2.242517] day32_edu_perf 0000:00:02.0: mmap ok: len=4096 pgoff=0 dma=0x42a48000
[    2.242754] day32_edu_perf 0000:00:02.0: mmap ok: len=4096 pgoff=0 dma=0x42a48000
[    2.242986] day32_edu_perf 0000:00:02.0: mmap ok: len=4096 pgoff=0 dma=0x42a48000
[    2.243217] day32_edu_perf 0000:00:02.0: mmap ok: len=4096 pgoff=0 dma=0x42a48000
[    2.243448] day32_edu_perf 0000:00:02.0: mmap ok: len=4096 pgoff=0 dma=0x42a48000
[    2.243772] day32_edu_perf 0000:00:02.0: mmap ok: len=4096 pgoff=0 dma=0x42a48000
[    2.244554] day32_edu_perf 0000:00:02.0: mmap ok: len=4096 pgoff=0 dma=0x42a48000
[    2.244864] day32_edu_perf 0000:00:02.0: mmap ok: len=4096 pgoff=0 dma=0x42a48000
[    2.245129] day32_edu_perf 0000:00:02.0: mmap ok: len=4096 pgoff=0 dma=0x42a48000
[    2.245418] day32_edu_perf 0000:00:02.0: mmap ok: len=4096 pgoff=0 dma=0x42a48000
[    2.245687] day32_edu_perf 0000:00:02.0: mmap ok: len=4096 pgoff=0 dma=0x42a48000
[    2.245924] day32_edu_perf 0000:00:02.0: mmap ok: len=4096 pgoff=0 dma=0x42a48000
[    2.246156] day32_edu_perf 0000:00:02.0: mmap ok: len=4096 pgoff=0 dma=0x42a48000
[    2.246387] day32_edu_perf 0000:00:02.0: mmap ok: len=4096 pgoff=0 dma=0x42a48000
[    2.246626] day32_edu_perf 0000:00:02.0: mmap ok: len=4096 pgoff=0 dma=0x42a48000
[    2.246873] day32_edu_perf 0000:00:02.0: mmap ok: len=4096 pgoff=0 dma=0x42a48000
[    2.247108] day32_edu_perf 0000:00:02.0: mmap ok: len=4096 pgoff=0 dma=0x42a48000
[    2.247339] day32_edu_perf 0000:00:02.0: mmap ok: len=4096 pgoff=0 dma=0x42a48000
[    2.247612] day32_edu_perf 0000:00:02.0: mmap ok: len=4096 pgoff=0 dma=0x42a48000
[    2.247889] day32_edu_perf 0000:00:02.0: mmap ok: len=4096 pgoff=0 dma=0x42a48000
[    2.248336] day32_edu_perf 0000:00:02.0: mmap ok: len=4096 pgoff=0 dma=0x42a48000
[    2.248597] day32_edu_perf 0000:00:02.0: mmap ok: len=4096 pgoff=0 dma=0x42a48000
[    2.248835] day32_edu_perf 0000:00:02.0: mmap ok: len=4096 pgoff=0 dma=0x42a48000
[    2.249066] day32_edu_perf 0000:00:02.0: mmap ok: len=4096 pgoff=0 dma=0x42a48000
[    2.249296] day32_edu_perf 0000:00:02.0: mmap ok: len=4096 pgoff=0 dma=0x42a48000
[    2.249605] day32_edu_perf 0000:00:02.0: mmap ok: len=4096 pgoff=0 dma=0x42a48000
[    2.249845] day32_edu_perf 0000:00:02.0: mmap ok: len=4096 pgoff=0 dma=0x42a48000
[    2.250077] day32_edu_perf 0000:00:02.0: mmap ok: len=4096 pgoff=0 dma=0x42a48000
[    2.250306] day32_edu_perf 0000:00:02.0: mmap ok: len=4096 pgoff=0 dma=0x42a48000
[    2.250538] day32_edu_perf 0000:00:02.0: mmap ok: len=4096 pgoff=0 dma=0x42a48000
[    2.250768] day32_edu_perf 0000:00:02.0: mmap ok: len=4096 pgoff=0 dma=0x42a48000
[    2.250998] day32_edu_perf 0000:00:02.0: mmap ok: len=4096 pgoff=0 dma=0x42a48000
[    2.251228] day32_edu_perf 0000:00:02.0: mmap ok: len=4096 pgoff=0 dma=0x42a48000
[    2.251493] day32_edu_perf 0000:00:02.0: mmap ok: len=4096 pgoff=0 dma=0x42a48000
[    2.251749] day32_edu_perf 0000:00:02.0: mmap ok: len=4096 pgoff=0 dma=0x42a48000
[    2.252055] day32_edu_perf 0000:00:02.0: mmap ok: len=4096 pgoff=0 dma=0x42a48000
[    2.252583] day32_edu_perf 0000:00:02.0: mmap ok: len=4096 pgoff=0 dma=0x42a48000
[    2.252852] day32_edu_perf 0000:00:02.0: mmap ok: len=4096 pgoff=0 dma=0x42a48000
[    2.253160] day32_edu_perf 0000:00:02.0: mmap ok: len=4096 pgoff=0 dma=0x42a48000
[    2.253410] day32_edu_perf 0000:00:02.0: mmap ok: len=4096 pgoff=0 dma=0x42a48000
[    2.253642] day32_edu_perf 0000:00:02.0: mmap ok: len=4096 pgoff=0 dma=0x42a48000
[    2.253875] day32_edu_perf 0000:00:02.0: mmap ok: len=4096 pgoff=0 dma=0x42a48000
[    2.254109] day32_edu_perf 0000:00:02.0: mmap ok: len=4096 pgoff=0 dma=0x42a48000
[    2.254341] day32_edu_perf 0000:00:02.0: mmap ok: len=4096 pgoff=0 dma=0x42a48000
[    2.254573] day32_edu_perf 0000:00:02.0: mmap ok: len=4096 pgoff=0 dma=0x42a48000
[    2.254804] day32_edu_perf 0000:00:02.0: mmap ok: len=4096 pgoff=0 dma=0x42a48000
[    2.255062] day32_edu_perf 0000:00:02.0: mmap ok: len=4096 pgoff=0 dma=0x42a48000
[    2.255307] day32_edu_perf 0000:00:02.0: mmap ok: len=4096 pgoff=0 dma=0x42a48000
[    2.255539] day32_edu_perf 0000:00:02.0: mmap ok: len=4096 pgoff=0 dma=0x42a48000
[    2.255767] day32_edu_perf 0000:00:02.0: mmap ok: len=4096 pgoff=0 dma=0x42a48000
[    2.255997] day32_edu_perf 0000:00:02.0: mmap ok: len=4096 pgoff=0 dma=0x42a48000
[    2.256360] day32_edu_perf 0000:00:02.0: mmap ok: len=4096 pgoff=0 dma=0x42a48000
[    2.256781] day32_edu_perf 0000:00:02.0: mmap ok: len=4096 pgoff=0 dma=0x42a48000
[    2.257089] day32_edu_perf 0000:00:02.0: mmap ok: len=4096 pgoff=0 dma=0x42a48000
[    2.257354] day32_edu_perf 0000:00:02.0: mmap ok: len=4096 pgoff=0 dma=0x42a48000
[    2.257589] day32_edu_perf 0000:00:02.0: mmap ok: len=4096 pgoff=0 dma=0x42a48000
[    2.257820] day32_edu_perf 0000:00:02.0: mmap ok: len=4096 pgoff=0 dma=0x42a48000
[    2.258050] day32_edu_perf 0000:00:02.0: mmap ok: len=4096 pgoff=0 dma=0x42a48000
[    2.258284] day32_edu_perf 0000:00:02.0: mmap ok: len=4096 pgoff=0 dma=0x42a48000
[    2.258515] day32_edu_perf 0000:00:02.0: mmap ok: len=4096 pgoff=0 dma=0x42a48000
[    2.258744] day32_edu_perf 0000:00:02.0: mmap ok: len=4096 pgoff=0 dma=0x42a48000
[    2.258972] day32_edu_perf 0000:00:02.0: mmap ok: len=4096 pgoff=0 dma=0x42a48000
[    2.259242] day32_edu_perf 0000:00:02.0: mmap ok: len=4096 pgoff=0 dma=0x42a48000
[    2.259482] day32_edu_perf 0000:00:02.0: mmap ok: len=4096 pgoff=0 dma=0x42a48000
[    2.259712] day32_edu_perf 0000:00:02.0: mmap ok: len=4096 pgoff=0 dma=0x42a48000
[    2.259941] day32_edu_perf 0000:00:02.0: mmap ok: len=4096 pgoff=0 dma=0x42a48000
[    2.260170] day32_edu_perf 0000:00:02.0: mmap ok: len=4096 pgoff=0 dma=0x42a48000
[    2.260442] day32_edu_perf 0000:00:02.0: mmap ok: len=4096 pgoff=0 dma=0x42a48000
[    2.260824] day32_edu_perf 0000:00:02.0: mmap ok: len=4096 pgoff=0 dma=0x42a48000
[    2.261126] day32_edu_perf 0000:00:02.0: mmap ok: len=4096 pgoff=0 dma=0x42a48000
[    2.261387] day32_edu_perf 0000:00:02.0: mmap ok: len=4096 pgoff=0 dma=0x42a48000
[    2.261621] day32_edu_perf 0000:00:02.0: mmap ok: len=4096 pgoff=0 dma=0x42a48000
[    2.261849] day32_edu_perf 0000:00:02.0: mmap ok: len=4096 pgoff=0 dma=0x42a48000
[    2.262079] day32_edu_perf 0000:00:02.0: mmap ok: len=4096 pgoff=0 dma=0x42a48000
[    2.262312] day32_edu_perf 0000:00:02.0: mmap ok: len=4096 pgoff=0 dma=0x42a48000
[    2.262543] day32_edu_perf 0000:00:02.0: mmap ok: len=4096 pgoff=0 dma=0x42a48000
[    2.262772] day32_edu_perf 0000:00:02.0: mmap ok: len=4096 pgoff=0 dma=0x42a48000
[    2.263001] day32_edu_perf 0000:00:02.0: mmap ok: len=4096 pgoff=0 dma=0x42a48000
[    2.263270] day32_edu_perf 0000:00:02.0: mmap ok: len=4096 pgoff=0 dma=0x42a48000
[    2.263504] day32_edu_perf 0000:00:02.0: mmap ok: len=4096 pgoff=0 dma=0x42a48000
[    2.263732] day32_edu_perf 0000:00:02.0: mmap ok: len=4096 pgoff=0 dma=0x42a48000
[    2.263959] day32_edu_perf 0000:00:02.0: mmap ok: len=4096 pgoff=0 dma=0x42a48000
[    2.264189] day32_edu_perf 0000:00:02.0: mmap ok: len=4096 pgoff=0 dma=0x42a48000
[    2.264471] day32_edu_perf 0000:00:02.0: mmap ok: len=4096 pgoff=0 dma=0x42a48000
[    2.265012] day32_edu_perf 0000:00:02.0: mmap ok: len=4096 pgoff=0 dma=0x42a48000
[    2.265304] day32_edu_perf 0000:00:02.0: mmap ok: len=4096 pgoff=0 dma=0x42a48000
[    2.265551] day32_edu_perf 0000:00:02.0: mmap ok: len=4096 pgoff=0 dma=0x42a48000
[    2.265784] day32_edu_perf 0000:00:02.0: mmap ok: len=4096 pgoff=0 dma=0x42a48000
[    2.266012] day32_edu_perf 0000:00:02.0: mmap ok: len=4096 pgoff=0 dma=0x42a48000
[    2.266243] day32_edu_perf 0000:00:02.0: mmap ok: len=4096 pgoff=0 dma=0x42a48000
[    2.266479] day32_edu_perf 0000:00:02.0: mmap ok: len=4096 pgoff=0 dma=0x42a48000
[    2.266712] day32_edu_perf 0000:00:02.0: mmap ok: len=4096 pgoff=0 dma=0x42a48000
[    2.266941] day32_edu_perf 0000:00:02.0: mmap ok: len=4096 pgoff=0 dma=0x42a48000
[    2.267211] day32_edu_perf 0000:00:02.0: mmap ok: len=4096 pgoff=0 dma=0x42a48000
[    2.267445] day32_edu_perf 0000:00:02.0: mmap ok: len=4096 pgoff=0 dma=0x42a48000
[    2.267675] day32_edu_perf 0000:00:02.0: mmap ok: len=4096 pgoff=0 dma=0x42a48000
[    2.267906] day32_edu_perf 0000:00:02.0: mmap ok: len=4096 pgoff=0 dma=0x42a48000
[    2.268134] day32_edu_perf 0000:00:02.0: mmap ok: len=4096 pgoff=0 dma=0x42a48000
[    2.268363] day32_edu_perf 0000:00:02.0: mmap ok: len=4096 pgoff=0 dma=0x42a48000
[    2.268644] day32_edu_perf 0000:00:02.0: mmap ok: len=4096 pgoff=0 dma=0x42a48000
[    2.269253] day32_edu_perf 0000:00:02.0: mmap ok: len=4096 pgoff=0 dma=0x42a48000
[    2.269518] day32_edu_perf 0000:00:02.0: mmap ok: len=4096 pgoff=0 dma=0x42a48000
[    2.269758] day32_edu_perf 0000:00:02.0: mmap ok: len=4096 pgoff=0 dma=0x42a48000
[    2.269993] day32_edu_perf 0000:00:02.0: mmap ok: len=4096 pgoff=0 dma=0x42a48000
[    2.270223] day32_edu_perf 0000:00:02.0: mmap ok: len=4096 pgoff=0 dma=0x42a48000
[    2.270457] day32_edu_perf 0000:00:02.0: mmap ok: len=4096 pgoff=0 dma=0x42a48000
[    2.270691] day32_edu_perf 0000:00:02.0: mmap ok: len=4096 pgoff=0 dma=0x42a48000
[    2.270922] day32_edu_perf 0000:00:02.0: mmap ok: len=4096 pgoff=0 dma=0x42a48000
[    2.271341] day32_edu_perf 0000:00:02.0: mmap ok: len=4096 pgoff=0 dma=0x42a48000
[    2.271592] day32_edu_perf 0000:00:02.0: mmap ok: len=4096 pgoff=0 dma=0x42a48000
[    2.271824] day32_edu_perf 0000:00:02.0: mmap ok: len=4096 pgoff=0 dma=0x42a48000
[    2.272061] day32_edu_perf 0000:00:02.0: mmap ok: len=4096 pgoff=0 dma=0x42a48000
[    2.272297] day32_edu_perf 0000:00:02.0: mmap ok: len=4096 pgoff=0 dma=0x42a48000
[    2.272528] day32_edu_perf 0000:00:02.0: mmap ok: len=4096 pgoff=0 dma=0x42a48000
[    2.272775] day32_edu_perf 0000:00:02.0: mmap ok: len=4096 pgoff=0 dma=0x42a48000
[    2.273114] day32_edu_perf 0000:00:02.0: mmap ok: len=4096 pgoff=0 dma=0x42a48000
[    2.273389] day32_edu_perf 0000:00:02.0: mmap ok: len=4096 pgoff=0 dma=0x42a48000
[    2.273678] day32_edu_perf 0000:00:02.0: mmap ok: len=4096 pgoff=0 dma=0x42a48000
[    2.273935] day32_edu_perf 0000:00:02.0: mmap ok: len=4096 pgoff=0 dma=0x42a48000
[    2.274209] day32_edu_perf 0000:00:02.0: mmap ok: len=4096 pgoff=0 dma=0x42a48000
[    2.274444] day32_edu_perf 0000:00:02.0: mmap ok: len=4096 pgoff=0 dma=0x42a48000
[    2.274674] day32_edu_perf 0000:00:02.0: mmap ok: len=4096 pgoff=0 dma=0x42a48000
[    2.274904] day32_edu_perf 0000:00:02.0: mmap ok: len=4096 pgoff=0 dma=0x42a48000
[    2.275164] day32_edu_perf 0000:00:02.0: mmap ok: len=4096 pgoff=0 dma=0x42a48000
[    2.275406] day32_edu_perf 0000:00:02.0: mmap ok: len=4096 pgoff=0 dma=0x42a48000
[    2.275638] day32_edu_perf 0000:00:02.0: mmap ok: len=4096 pgoff=0 dma=0x42a48000
[    2.275868] day32_edu_perf 0000:00:02.0: mmap ok: len=4096 pgoff=0 dma=0x42a48000
[    2.276096] day32_edu_perf 0000:00:02.0: mmap ok: len=4096 pgoff=0 dma=0x42a48000
[    2.276326] day32_edu_perf 0000:00:02.0: mmap ok: len=4096 pgoff=0 dma=0x42a48000
[    2.276554] day32_edu_perf 0000:00:02.0: mmap ok: len=4096 pgoff=0 dma=0x42a48000
[    2.276782] day32_edu_perf 0000:00:02.0: mmap ok: len=4096 pgoff=0 dma=0x42a48000
[    2.277178] day32_edu_perf 0000:00:02.0: mmap ok: len=4096 pgoff=0 dma=0x42a48000
[    2.278196] day32_edu_perf 0000:00:02.0: mmap ok: len=4096 pgoff=0 dma=0x42a48000
[    2.278488] day32_edu_perf 0000:00:02.0: mmap ok: len=4096 pgoff=0 dma=0x42a48000
[    2.278729] day32_edu_perf 0000:00:02.0: mmap ok: len=4096 pgoff=0 dma=0x42a48000
[    2.278960] day32_edu_perf 0000:00:02.0: mmap ok: len=4096 pgoff=0 dma=0x42a48000
[    2.279190] day32_edu_perf 0000:00:02.0: mmap ok: len=4096 pgoff=0 dma=0x42a48000
[    2.279947] day32_edu_perf 0000:00:02.0: mmap ok: len=4096 pgoff=0 dma=0x42a48000
[    2.280481] day32_edu_perf 0000:00:02.0: mmap ok: len=4096 pgoff=0 dma=0x42a48000
[    2.280744] day32_edu_perf 0000:00:02.0: mmap ok: len=4096 pgoff=0 dma=0x42a48000
[    2.280991] day32_edu_perf 0000:00:02.0: mmap ok: len=4096 pgoff=0 dma=0x42a48000
[    2.281387] day32_edu_perf 0000:00:02.0: mmap ok: len=4096 pgoff=0 dma=0x42a48000
[    2.281751] day32_edu_perf 0000:00:02.0: mmap ok: len=4096 pgoff=0 dma=0x42a48000
[    2.282061] day32_edu_perf 0000:00:02.0: mmap ok: len=4096 pgoff=0 dma=0x42a48000
[    2.282354] day32_edu_perf 0000:00:02.0: mmap ok: len=4096 pgoff=0 dma=0x42a48000
[    2.282596] day32_edu_perf 0000:00:02.0: mmap ok: len=4096 pgoff=0 dma=0x42a48000
[    2.282829] day32_edu_perf 0000:00:02.0: mmap ok: len=4096 pgoff=0 dma=0x42a48000
[    2.283066] day32_edu_perf 0000:00:02.0: mmap ok: len=4096 pgoff=0 dma=0x42a48000
[    2.283339] day32_edu_perf 0000:00:02.0: mmap ok: len=4096 pgoff=0 dma=0x42a48000
[    2.283575] day32_edu_perf 0000:00:02.0: mmap ok: len=4096 pgoff=0 dma=0x42a48000
[    2.283803] day32_edu_perf 0000:00:02.0: mmap ok: len=4096 pgoff=0 dma=0x42a48000
[    2.284033] day32_edu_perf 0000:00:02.0: mmap ok: len=4096 pgoff=0 dma=0x42a48000
[    2.284263] day32_edu_perf 0000:00:02.0: mmap ok: len=4096 pgoff=0 dma=0x42a48000
[    2.284495] day32_edu_perf 0000:00:02.0: mmap ok: len=4096 pgoff=0 dma=0x42a48000
[    2.284729] day32_edu_perf 0000:00:02.0: mmap ok: len=4096 pgoff=0 dma=0x42a48000
[    2.284961] day32_edu_perf 0000:00:02.0: mmap ok: len=4096 pgoff=0 dma=0x42a48000
[    2.285221] day32_edu_perf 0000:00:02.0: mmap ok: len=4096 pgoff=0 dma=0x42a48000
[    2.285769] day32_edu_perf 0000:00:02.0: mmap ok: len=4096 pgoff=0 dma=0x42a48000
[    2.286120] day32_edu_perf 0000:00:02.0: mmap ok: len=4096 pgoff=0 dma=0x42a48000
[    2.286371] day32_edu_perf 0000:00:02.0: mmap ok: len=4096 pgoff=0 dma=0x42a48000
[    2.286607] day32_edu_perf 0000:00:02.0: mmap ok: len=4096 pgoff=0 dma=0x42a48000
[    2.286839] day32_edu_perf 0000:00:02.0: mmap ok: len=4096 pgoff=0 dma=0x42a48000
[    2.287075] day32_edu_perf 0000:00:02.0: mmap ok: len=4096 pgoff=0 dma=0x42a48000
[    2.287508] day32_edu_perf 0000:00:02.0: mmap ok: len=4096 pgoff=0 dma=0x42a48000
[    2.287760] day32_edu_perf 0000:00:02.0: mmap ok: len=4096 pgoff=0 dma=0x42a48000
[    2.287993] day32_edu_perf 0000:00:02.0: mmap ok: len=4096 pgoff=0 dma=0x42a48000
[    2.288230] day32_edu_perf 0000:00:02.0: mmap ok: len=4096 pgoff=0 dma=0x42a48000
[    2.288468] day32_edu_perf 0000:00:02.0: mmap ok: len=4096 pgoff=0 dma=0x42a48000
[    2.288698] day32_edu_perf 0000:00:02.0: mmap ok: len=4096 pgoff=0 dma=0x42a48000
[    2.288928] day32_edu_perf 0000:00:02.0: mmap ok: len=4096 pgoff=0 dma=0x42a48000
[    2.289211] day32_edu_perf 0000:00:02.0: mmap ok: len=4096 pgoff=0 dma=0x42a48000
[    2.289510] day32_edu_perf 0000:00:02.0: mmap ok: len=4096 pgoff=0 dma=0x42a48000
[    2.289801] day32_edu_perf 0000:00:02.0: mmap ok: len=4096 pgoff=0 dma=0x42a48000
[    2.290040] day32_edu_perf 0000:00:02.0: mmap ok: len=4096 pgoff=0 dma=0x42a48000
[    2.290270] day32_edu_perf 0000:00:02.0: mmap ok: len=4096 pgoff=0 dma=0x42a48000
[    2.290508] day32_edu_perf 0000:00:02.0: mmap ok: len=4096 pgoff=0 dma=0x42a48000
[    2.290740] day32_edu_perf 0000:00:02.0: mmap ok: len=4096 pgoff=0 dma=0x42a48000
[    2.291005] day32_edu_perf 0000:00:02.0: mmap ok: len=4096 pgoff=0 dma=0x42a48000
[    2.291246] day32_edu_perf 0000:00:02.0: mmap ok: len=4096 pgoff=0 dma=0x42a48000
[    2.291476] day32_edu_perf 0000:00:02.0: mmap ok: len=4096 pgoff=0 dma=0x42a48000
[    2.291705] day32_edu_perf 0000:00:02.0: mmap ok: len=4096 pgoff=0 dma=0x42a48000
[    2.291934] day32_edu_perf 0000:00:02.0: mmap ok: len=4096 pgoff=0 dma=0x42a48000
[    2.292163] day32_edu_perf 0000:00:02.0: mmap ok: len=4096 pgoff=0 dma=0x42a48000
[    2.292392] day32_edu_perf 0000:00:02.0: mmap ok: len=4096 pgoff=0 dma=0x42a48000
[    2.292621] day32_edu_perf 0000:00:02.0: mmap ok: len=4096 pgoff=0 dma=0x42a48000
[    2.292849] day32_edu_perf 0000:00:02.0: mmap ok: len=4096 pgoff=0 dma=0x42a48000
[    2.293116] day32_edu_perf 0000:00:02.0: mmap ok: len=4096 pgoff=0 dma=0x42a48000
[    2.293350] day32_edu_perf 0000:00:02.0: mmap ok: len=4096 pgoff=0 dma=0x42a48000
[    2.293623] day32_edu_perf 0000:00:02.0: mmap ok: len=4096 pgoff=0 dma=0x42a48000
[    2.294252] day32_edu_perf 0000:00:02.0: mmap ok: len=4096 pgoff=0 dma=0x42a48000
[    2.294526] day32_edu_perf 0000:00:02.0: mmap ok: len=4096 pgoff=0 dma=0x42a48000
[    2.294765] day32_edu_perf 0000:00:02.0: mmap ok: len=4096 pgoff=0 dma=0x42a48000
[    2.294997] day32_edu_perf 0000:00:02.0: mmap ok: len=4096 pgoff=0 dma=0x42a48000
[    2.295227] day32_edu_perf 0000:00:02.0: mmap ok: len=4096 pgoff=0 dma=0x42a48000
[    2.295462] day32_edu_perf 0000:00:02.0: mmap ok: len=4096 pgoff=0 dma=0x42a48000
[    2.295732] day32_edu_perf 0000:00:02.0: mmap ok: len=4096 pgoff=0 dma=0x42a48000
[    2.295972] day32_edu_perf 0000:00:02.0: mmap ok: len=4096 pgoff=0 dma=0x42a48000
[    2.296206] day32_edu_perf 0000:00:02.0: mmap ok: len=4096 pgoff=0 dma=0x42a48000
[    2.296442] day32_edu_perf 0000:00:02.0: mmap ok: len=4096 pgoff=0 dma=0x42a48000
[    2.296672] day32_edu_perf 0000:00:02.0: mmap ok: len=4096 pgoff=0 dma=0x42a48000
[    2.296903] day32_edu_perf 0000:00:02.0: mmap ok: len=4096 pgoff=0 dma=0x42a48000
[    2.297133] day32_edu_perf 0000:00:02.0: mmap ok: len=4096 pgoff=0 dma=0x42a48000
[    2.297361] day32_edu_perf 0000:00:02.0: mmap ok: len=4096 pgoff=0 dma=0x42a48000
[    2.297589] day32_edu_perf 0000:00:02.0: mmap ok: len=4096 pgoff=0 dma=0x42a48000
[    2.298217] day32_edu_perf 0000:00:02.0: mmap ok: len=4096 pgoff=0 dma=0x42a48000
[    2.298479] day32_edu_perf 0000:00:02.0: mmap ok: len=4096 pgoff=0 dma=0x42a48000
[    2.298723] day32_edu_perf 0000:00:02.0: mmap ok: len=4096 pgoff=0 dma=0x42a48000
[    2.298957] day32_edu_perf 0000:00:02.0: mmap ok: len=4096 pgoff=0 dma=0x42a48000
[    2.299188] day32_edu_perf 0000:00:02.0: mmap ok: len=4096 pgoff=0 dma=0x42a48000
[    2.299424] day32_edu_perf 0000:00:02.0: mmap ok: len=4096 pgoff=0 dma=0x42a48000
[    2.299688] day32_edu_perf 0000:00:02.0: mmap ok: len=4096 pgoff=0 dma=0x42a48000
[    2.299934] day32_edu_perf 0000:00:02.0: mmap ok: len=4096 pgoff=0 dma=0x42a48000
[    2.300166] day32_edu_perf 0000:00:02.0: mmap ok: len=4096 pgoff=0 dma=0x42a48000
[    2.300395] day32_edu_perf 0000:00:02.0: mmap ok: len=4096 pgoff=0 dma=0x42a48000
[    2.300622] day32_edu_perf 0000:00:02.0: mmap ok: len=4096 pgoff=0 dma=0x42a48000
[    2.300850] day32_edu_perf 0000:00:02.0: mmap ok: len=4096 pgoff=0 dma=0x42a48000
[    2.301077] day32_edu_perf 0000:00:02.0: mmap ok: len=4096 pgoff=0 dma=0x42a48000
[    2.301305] day32_edu_perf 0000:00:02.0: mmap ok: len=4096 pgoff=0 dma=0x42a48000
[    2.301534] day32_edu_perf 0000:00:02.0: mmap ok: len=4096 pgoff=0 dma=0x42a48000
[    2.301799] day32_edu_perf 0000:00:02.0: mmap ok: len=4096 pgoff=0 dma=0x42a48000
[    2.302077] day32_edu_perf 0000:00:02.0: mmap ok: len=4096 pgoff=0 dma=0x42a48000
[    2.302692] day32_edu_perf 0000:00:02.0: mmap ok: len=4096 pgoff=0 dma=0x42a48000
[    2.302982] day32_edu_perf 0000:00:02.0: mmap ok: len=4096 pgoff=0 dma=0x42a48000
[    2.303407] day32_edu_perf 0000:00:02.0: mmap ok: len=4096 pgoff=0 dma=0x42a48000
[    2.303677] day32_edu_perf 0000:00:02.0: mmap ok: len=4096 pgoff=0 dma=0x42a48000
[    2.303915] day32_edu_perf 0000:00:02.0: mmap ok: len=4096 pgoff=0 dma=0x42a48000
[    2.304145] day32_edu_perf 0000:00:02.0: mmap ok: len=4096 pgoff=0 dma=0x42a48000
[    2.304407] day32_edu_perf 0000:00:02.0: mmap ok: len=4096 pgoff=0 dma=0x42a48000
[    2.304645] day32_edu_perf 0000:00:02.0: mmap ok: len=4096 pgoff=0 dma=0x42a48000
[    2.304876] day32_edu_perf 0000:00:02.0: mmap ok: len=4096 pgoff=0 dma=0x42a48000
[    2.305196] day32_edu_perf 0000:00:02.0: mmap ok: len=4096 pgoff=0 dma=0x42a48000
[    2.305437] day32_edu_perf 0000:00:02.0: mmap ok: len=4096 pgoff=0 dma=0x42a48000
[    2.305668] day32_edu_perf 0000:00:02.0: mmap ok: len=4096 pgoff=0 dma=0x42a48000
[    2.305897] day32_edu_perf 0000:00:02.0: mmap ok: len=4096 pgoff=0 dma=0x42a48000
[    2.306172] day32_edu_perf 0000:00:02.0: mmap ok: len=4096 pgoff=0 dma=0x42a48000
[    2.306446] day32_edu_perf 0000:00:02.0: mmap ok: len=4096 pgoff=0 dma=0x42a48000
[    2.306679] day32_edu_perf 0000:00:02.0: mmap ok: len=4096 pgoff=0 dma=0x42a48000
[    2.306917] day32_edu_perf 0000:00:02.0: mmap ok: len=4096 pgoff=0 dma=0x42a48000
[    2.307191] day32_edu_perf 0000:00:02.0: mmap ok: len=4096 pgoff=0 dma=0x42a48000
[    2.307424] day32_edu_perf 0000:00:02.0: mmap ok: len=4096 pgoff=0 dma=0x42a48000
[    2.307653] day32_edu_perf 0000:00:02.0: mmap ok: len=4096 pgoff=0 dma=0x42a48000
[    2.307887] day32_edu_perf 0000:00:02.0: mmap ok: len=4096 pgoff=0 dma=0x42a48000
[    2.308115] day32_edu_perf 0000:00:02.0: mmap ok: len=4096 pgoff=0 dma=0x42a48000
[    2.308345] day32_edu_perf 0000:00:02.0: mmap ok: len=4096 pgoff=0 dma=0x42a48000
[    2.308573] day32_edu_perf 0000:00:02.0: mmap ok: len=4096 pgoff=0 dma=0x42a48000
[    2.308802] day32_edu_perf 0000:00:02.0: mmap ok: len=4096 pgoff=0 dma=0x42a48000
[    2.309064] day32_edu_perf 0000:00:02.0: mmap ok: len=4096 pgoff=0 dma=0x42a48000
[    2.309303] day32_edu_perf 0000:00:02.0: mmap ok: len=4096 pgoff=0 dma=0x42a48000
[    2.309534] day32_edu_perf 0000:00:02.0: mmap ok: len=4096 pgoff=0 dma=0x42a48000
[    2.309762] day32_edu_perf 0000:00:02.0: mmap ok: len=4096 pgoff=0 dma=0x42a48000
[    2.309990] day32_edu_perf 0000:00:02.0: mmap ok: len=4096 pgoff=0 dma=0x42a48000
[    2.310237] day32_edu_perf 0000:00:02.0: mmap ok: len=4096 pgoff=0 dma=0x42a48000
[    2.310668] day32_edu_perf 0000:00:02.0: mmap ok: len=4096 pgoff=0 dma=0x42a48000
[    2.310927] day32_edu_perf 0000:00:02.0: mmap ok: len=4096 pgoff=0 dma=0x42a48000
[    2.311515] day32_edu_perf 0000:00:02.0: mmap ok: len=4096 pgoff=0 dma=0x42a48000
[    2.311791] day32_edu_perf 0000:00:02.0: mmap ok: len=4096 pgoff=0 dma=0x42a48000
[    2.312029] day32_edu_perf 0000:00:02.0: mmap ok: len=4096 pgoff=0 dma=0x42a48000
[    2.312260] day32_edu_perf 0000:00:02.0: mmap ok: len=4096 pgoff=0 dma=0x42a48000
[    2.312653] day32_edu_perf 0000:00:02.0: mmap ok: len=4096 pgoff=0 dma=0x42a48000
[    2.312894] day32_edu_perf 0000:00:02.0: mmap ok: len=4096 pgoff=0 dma=0x42a48000
[    2.313127] day32_edu_perf 0000:00:02.0: mmap ok: len=4096 pgoff=0 dma=0x42a48000
[    2.313359] day32_edu_perf 0000:00:02.0: mmap ok: len=4096 pgoff=0 dma=0x42a48000
[    2.313597] day32_edu_perf 0000:00:02.0: mmap ok: len=4096 pgoff=0 dma=0x42a48000
mode=mmap-baseline
payload_bytes=256
iterations=1000
warmup=100
success_ops=1000
failed_ops=0
success_rate=100.00
wall_total_us=311005.42
avg_us=283.590
p50_us=237.856
p95_us=432.720
p99_us=641.344
min_us=224.752
max_us=9814.528
throughput_mbps=6.585
cpu_user_pct=3.207
cpu_sys_pct=94.991
csv,mode=mmap-baseline,payload_bytes=256,iterations=1000,warmup=100,success_ops=1000,failed_ops=0,success_rate=100.00,avg_us=283.590,p50_us=237.856,p95_us=432.720,p99_us=641.344,min_us=224.752,max_us=9814.528,throughput_mbps=6.585,cpu_user_pct=3.207,cpu_sys_pct=94.991
===DAY32:BENCH_MMAP_BASELINE:END===
===DAY32:BENCH_MMAP_OPTIMIZED:BEGIN===
[    2.341419] day32_edu_perf 0000:00:02.0: mmap ok: len=4096 pgoff=0 dma=0x42a48000
mode=mmap-optimized
payload_bytes=256
iterations=1000
warmup=100
success_ops=1000
failed_ops=0
success_rate=100.00
wall_total_us=1300.24
avg_us=0.892
p50_us=0.896
p95_us=0.912
p99_us=0.912
min_us=0.864
max_us=1.536
throughput_mbps=1575.094
cpu_user_pct=0.000
cpu_sys_pct=107.596
csv,mode=mmap-optimized,payload_bytes=256,iterations=1000,warmup=100,success_ops=1000,failed_ops=0,success_rate=100.00,avg_us=0.892,p50_us=0.896,p95_us=0.912,p99_us=0.912,min_us=0.864,max_us=1.536,throughput_mbps=1575.094,cpu_user_pct=0.000,cpu_sys_pct=107.596
===DAY32:BENCH_MMAP_OPTIMIZED:END===
===DAY32:COMPARE_MMAP:BEGIN===
[    2.351022] day32_edu_perf 0000:00:02.0: mmap ok: len=4096 pgoff=0 dma=0x42a48000
[    2.351314] day32_edu_perf 0000:00:02.0: mmap ok: len=4096 pgoff=0 dma=0x42a48000
[    2.351587] day32_edu_perf 0000:00:02.0: mmap ok: len=4096 pgoff=0 dma=0x42a48000
[    2.351837] day32_edu_perf 0000:00:02.0: mmap ok: len=4096 pgoff=0 dma=0x42a48000
[    2.352215] day32_edu_perf 0000:00:02.0: mmap ok: len=4096 pgoff=0 dma=0x42a48000
[    2.353041] day32_edu_perf 0000:00:02.0: mmap ok: len=4096 pgoff=0 dma=0x42a48000
[    2.353431] day32_edu_perf 0000:00:02.0: mmap ok: len=4096 pgoff=0 dma=0x42a48000
[    2.353707] day32_edu_perf 0000:00:02.0: mmap ok: len=4096 pgoff=0 dma=0x42a48000
[    2.353946] day32_edu_perf 0000:00:02.0: mmap ok: len=4096 pgoff=0 dma=0x42a48000
[    2.354182] day32_edu_perf 0000:00:02.0: mmap ok: len=4096 pgoff=0 dma=0x42a48000
[    2.354419] day32_edu_perf 0000:00:02.0: mmap ok: len=4096 pgoff=0 dma=0x42a48000
[    2.354651] day32_edu_perf 0000:00:02.0: mmap ok: len=4096 pgoff=0 dma=0x42a48000
[    2.354881] day32_edu_perf 0000:00:02.0: mmap ok: len=4096 pgoff=0 dma=0x42a48000
[    2.355112] day32_edu_perf 0000:00:02.0: mmap ok: len=4096 pgoff=0 dma=0x42a48000
[    2.355342] day32_edu_perf 0000:00:02.0: mmap ok: len=4096 pgoff=0 dma=0x42a48000
[    2.355602] day32_edu_perf 0000:00:02.0: mmap ok: len=4096 pgoff=0 dma=0x42a48000
[    2.355846] day32_edu_perf 0000:00:02.0: mmap ok: len=4096 pgoff=0 dma=0x42a48000
[    2.356087] day32_edu_perf 0000:00:02.0: mmap ok: len=4096 pgoff=0 dma=0x42a48000
[    2.356380] day32_edu_perf 0000:00:02.0: mmap ok: len=4096 pgoff=0 dma=0x42a48000
[    2.357119] day32_edu_perf 0000:00:02.0: mmap ok: len=4096 pgoff=0 dma=0x42a48000
[    2.357462] day32_edu_perf 0000:00:02.0: mmap ok: len=4096 pgoff=0 dma=0x42a48000
[    2.357740] day32_edu_perf 0000:00:02.0: mmap ok: len=4096 pgoff=0 dma=0x42a48000
[    2.358072] day32_edu_perf 0000:00:02.0: mmap ok: len=4096 pgoff=0 dma=0x42a48000
[    2.358322] day32_edu_perf 0000:00:02.0: mmap ok: len=4096 pgoff=0 dma=0x42a48000
[    2.358661] day32_edu_perf 0000:00:02.0: mmap ok: len=4096 pgoff=0 dma=0x42a48000
[    2.359298] day32_edu_perf 0000:00:02.0: mmap ok: len=4096 pgoff=0 dma=0x42a48000
[    2.359606] day32_edu_perf 0000:00:02.0: mmap ok: len=4096 pgoff=0 dma=0x42a48000
[    2.359836] day32_edu_perf 0000:00:02.0: mmap ok: len=4096 pgoff=0 dma=0x42a48000
[    2.360063] day32_edu_perf 0000:00:02.0: mmap ok: len=4096 pgoff=0 dma=0x42a48000
[    2.360401] day32_edu_perf 0000:00:02.0: mmap ok: len=4096 pgoff=0 dma=0x42a48000
[    2.361028] day32_edu_perf 0000:00:02.0: mmap ok: len=4096 pgoff=0 dma=0x42a48000
[    2.361289] day32_edu_perf 0000:00:02.0: mmap ok: len=4096 pgoff=0 dma=0x42a48000
[    2.361525] day32_edu_perf 0000:00:02.0: mmap ok: len=4096 pgoff=0 dma=0x42a48000
[    2.361752] day32_edu_perf 0000:00:02.0: mmap ok: len=4096 pgoff=0 dma=0x42a48000
[    2.361984] day32_edu_perf 0000:00:02.0: mmap ok: len=4096 pgoff=0 dma=0x42a48000
[    2.362213] day32_edu_perf 0000:00:02.0: mmap ok: len=4096 pgoff=0 dma=0x42a48000
[    2.362710] day32_edu_perf 0000:00:02.0: mmap ok: len=4096 pgoff=0 dma=0x42a48000
[    2.363265] day32_edu_perf 0000:00:02.0: mmap ok: len=4096 pgoff=0 dma=0x42a48000
[    2.363586] day32_edu_perf 0000:00:02.0: mmap ok: len=4096 pgoff=0 dma=0x42a48000
[    2.363818] day32_edu_perf 0000:00:02.0: mmap ok: len=4096 pgoff=0 dma=0x42a48000
[    2.364049] day32_edu_perf 0000:00:02.0: mmap ok: len=4096 pgoff=0 dma=0x42a48000
[    2.364554] day32_edu_perf 0000:00:02.0: mmap ok: len=4096 pgoff=0 dma=0x42a48000
[    2.364851] day32_edu_perf 0000:00:02.0: mmap ok: len=4096 pgoff=0 dma=0x42a48000
[    2.365091] day32_edu_perf 0000:00:02.0: mmap ok: len=4096 pgoff=0 dma=0x42a48000
[    2.365323] day32_edu_perf 0000:00:02.0: mmap ok: len=4096 pgoff=0 dma=0x42a48000
[    2.365569] day32_edu_perf 0000:00:02.0: mmap ok: len=4096 pgoff=0 dma=0x42a48000
[    2.365803] day32_edu_perf 0000:00:02.0: mmap ok: len=4096 pgoff=0 dma=0x42a48000
[    2.366032] day32_edu_perf 0000:00:02.0: mmap ok: len=4096 pgoff=0 dma=0x42a48000
[    2.366339] day32_edu_perf 0000:00:02.0: mmap ok: len=4096 pgoff=0 dma=0x42a48000
[    2.366579] day32_edu_perf 0000:00:02.0: mmap ok: len=4096 pgoff=0 dma=0x42a48000
[    2.366810] day32_edu_perf 0000:00:02.0: mmap ok: len=4096 pgoff=0 dma=0x42a48000
[    2.367038] day32_edu_perf 0000:00:02.0: mmap ok: len=4096 pgoff=0 dma=0x42a48000
[    2.367271] day32_edu_perf 0000:00:02.0: mmap ok: len=4096 pgoff=0 dma=0x42a48000
[    2.367500] day32_edu_perf 0000:00:02.0: mmap ok: len=4096 pgoff=0 dma=0x42a48000
[    2.367727] day32_edu_perf 0000:00:02.0: mmap ok: len=4096 pgoff=0 dma=0x42a48000
[    2.367957] day32_edu_perf 0000:00:02.0: mmap ok: len=4096 pgoff=0 dma=0x42a48000
[    2.368222] day32_edu_perf 0000:00:02.0: mmap ok: len=4096 pgoff=0 dma=0x42a48000
[    2.368457] day32_edu_perf 0000:00:02.0: mmap ok: len=4096 pgoff=0 dma=0x42a48000
[    2.368778] day32_edu_perf 0000:00:02.0: mmap ok: len=4096 pgoff=0 dma=0x42a48000
[    2.369187] day32_edu_perf 0000:00:02.0: mmap ok: len=4096 pgoff=0 dma=0x42a48000
[    2.369428] day32_edu_perf 0000:00:02.0: mmap ok: len=4096 pgoff=0 dma=0x42a48000
[    2.369669] day32_edu_perf 0000:00:02.0: mmap ok: len=4096 pgoff=0 dma=0x42a48000
[    2.369902] day32_edu_perf 0000:00:02.0: mmap ok: len=4096 pgoff=0 dma=0x42a48000
[    2.370192] day32_edu_perf 0000:00:02.0: mmap ok: len=4096 pgoff=0 dma=0x42a48000
[    2.370450] day32_edu_perf 0000:00:02.0: mmap ok: len=4096 pgoff=0 dma=0x42a48000
[    2.370681] day32_edu_perf 0000:00:02.0: mmap ok: len=4096 pgoff=0 dma=0x42a48000
[    2.370910] day32_edu_perf 0000:00:02.0: mmap ok: len=4096 pgoff=0 dma=0x42a48000
[    2.371140] day32_edu_perf 0000:00:02.0: mmap ok: len=4096 pgoff=0 dma=0x42a48000
[    2.371368] day32_edu_perf 0000:00:02.0: mmap ok: len=4096 pgoff=0 dma=0x42a48000
[    2.371596] day32_edu_perf 0000:00:02.0: mmap ok: len=4096 pgoff=0 dma=0x42a48000
[    2.371833] day32_edu_perf 0000:00:02.0: mmap ok: len=4096 pgoff=0 dma=0x42a48000
[    2.372063] day32_edu_perf 0000:00:02.0: mmap ok: len=4096 pgoff=0 dma=0x42a48000
[    2.372332] day32_edu_perf 0000:00:02.0: mmap ok: len=4096 pgoff=0 dma=0x42a48000
[    2.372566] day32_edu_perf 0000:00:02.0: mmap ok: len=4096 pgoff=0 dma=0x42a48000
[    2.372845] day32_edu_perf 0000:00:02.0: mmap ok: len=4096 pgoff=0 dma=0x42a48000
[    2.373714] day32_edu_perf 0000:00:02.0: mmap ok: len=4096 pgoff=0 dma=0x42a48000
[    2.374027] day32_edu_perf 0000:00:02.0: mmap ok: len=4096 pgoff=0 dma=0x42a48000
[    2.374292] day32_edu_perf 0000:00:02.0: mmap ok: len=4096 pgoff=0 dma=0x42a48000
[    2.374529] day32_edu_perf 0000:00:02.0: mmap ok: len=4096 pgoff=0 dma=0x42a48000
[    2.374759] day32_edu_perf 0000:00:02.0: mmap ok: len=4096 pgoff=0 dma=0x42a48000
[    2.374990] day32_edu_perf 0000:00:02.0: mmap ok: len=4096 pgoff=0 dma=0x42a48000
[    2.375218] day32_edu_perf 0000:00:02.0: mmap ok: len=4096 pgoff=0 dma=0x42a48000
[    2.375448] day32_edu_perf 0000:00:02.0: mmap ok: len=4096 pgoff=0 dma=0x42a48000
[    2.375677] day32_edu_perf 0000:00:02.0: mmap ok: len=4096 pgoff=0 dma=0x42a48000
[    2.376110] day32_edu_perf 0000:00:02.0: mmap ok: len=4096 pgoff=0 dma=0x42a48000
[    2.376359] day32_edu_perf 0000:00:02.0: mmap ok: len=4096 pgoff=0 dma=0x42a48000
[    2.376591] day32_edu_perf 0000:00:02.0: mmap ok: len=4096 pgoff=0 dma=0x42a48000
[    2.376826] day32_edu_perf 0000:00:02.0: mmap ok: len=4096 pgoff=0 dma=0x42a48000
[    2.377199] day32_edu_perf 0000:00:02.0: mmap ok: len=4096 pgoff=0 dma=0x42a48000
[    2.377581] day32_edu_perf 0000:00:02.0: mmap ok: len=4096 pgoff=0 dma=0x42a48000
[    2.377897] day32_edu_perf 0000:00:02.0: mmap ok: len=4096 pgoff=0 dma=0x42a48000
[    2.378136] day32_edu_perf 0000:00:02.0: mmap ok: len=4096 pgoff=0 dma=0x42a48000
[    2.378368] day32_edu_perf 0000:00:02.0: mmap ok: len=4096 pgoff=0 dma=0x42a48000
[    2.378597] day32_edu_perf 0000:00:02.0: mmap ok: len=4096 pgoff=0 dma=0x42a48000
[    2.378832] day32_edu_perf 0000:00:02.0: mmap ok: len=4096 pgoff=0 dma=0x42a48000
[    2.379062] day32_edu_perf 0000:00:02.0: mmap ok: len=4096 pgoff=0 dma=0x42a48000
[    2.379289] day32_edu_perf 0000:00:02.0: mmap ok: len=4096 pgoff=0 dma=0x42a48000
[    2.379517] day32_edu_perf 0000:00:02.0: mmap ok: len=4096 pgoff=0 dma=0x42a48000
[    2.379776] day32_edu_perf 0000:00:02.0: mmap ok: len=4096 pgoff=0 dma=0x42a48000
[    2.380017] day32_edu_perf 0000:00:02.0: mmap ok: len=4096 pgoff=0 dma=0x42a48000
[    2.380247] day32_edu_perf 0000:00:02.0: mmap ok: len=4096 pgoff=0 dma=0x42a48000
[    2.380475] day32_edu_perf 0000:00:02.0: mmap ok: len=4096 pgoff=0 dma=0x42a48000
[    2.380703] day32_edu_perf 0000:00:02.0: mmap ok: len=4096 pgoff=0 dma=0x42a48000
[    2.380936] day32_edu_perf 0000:00:02.0: mmap ok: len=4096 pgoff=0 dma=0x42a48000
[    2.381239] day32_edu_perf 0000:00:02.0: mmap ok: len=4096 pgoff=0 dma=0x42a48000
[    2.381696] day32_edu_perf 0000:00:02.0: mmap ok: len=4096 pgoff=0 dma=0x42a48000
[    2.381980] day32_edu_perf 0000:00:02.0: mmap ok: len=4096 pgoff=0 dma=0x42a48000
[    2.382216] day32_edu_perf 0000:00:02.0: mmap ok: len=4096 pgoff=0 dma=0x42a48000
[    2.382447] day32_edu_perf 0000:00:02.0: mmap ok: len=4096 pgoff=0 dma=0x42a48000
[    2.382679] day32_edu_perf 0000:00:02.0: mmap ok: len=4096 pgoff=0 dma=0x42a48000
[    2.382917] day32_edu_perf 0000:00:02.0: mmap ok: len=4096 pgoff=0 dma=0x42a48000
[    2.383226] day32_edu_perf 0000:00:02.0: mmap ok: len=4096 pgoff=0 dma=0x42a48000
[    2.383565] day32_edu_perf 0000:00:02.0: mmap ok: len=4096 pgoff=0 dma=0x42a48000
[    2.384028] day32_edu_perf 0000:00:02.0: mmap ok: len=4096 pgoff=0 dma=0x42a48000
[    2.384287] day32_edu_perf 0000:00:02.0: mmap ok: len=4096 pgoff=0 dma=0x42a48000
[    2.384522] day32_edu_perf 0000:00:02.0: mmap ok: len=4096 pgoff=0 dma=0x42a48000
[    2.384752] day32_edu_perf 0000:00:02.0: mmap ok: len=4096 pgoff=0 dma=0x42a48000
[    2.384995] day32_edu_perf 0000:00:02.0: mmap ok: len=4096 pgoff=0 dma=0x42a48000
[    2.385249] day32_edu_perf 0000:00:02.0: mmap ok: len=4096 pgoff=0 dma=0x42a48000
[    2.385523] day32_edu_perf 0000:00:02.0: mmap ok: len=4096 pgoff=0 dma=0x42a48000
[    2.385819] day32_edu_perf 0000:00:02.0: mmap ok: len=4096 pgoff=0 dma=0x42a48000
[    2.386089] day32_edu_perf 0000:00:02.0: mmap ok: len=4096 pgoff=0 dma=0x42a48000
[    2.386324] day32_edu_perf 0000:00:02.0: mmap ok: len=4096 pgoff=0 dma=0x42a48000
[    2.386554] day32_edu_perf 0000:00:02.0: mmap ok: len=4096 pgoff=0 dma=0x42a48000
[    2.386783] day32_edu_perf 0000:00:02.0: mmap ok: len=4096 pgoff=0 dma=0x42a48000
[    2.387017] day32_edu_perf 0000:00:02.0: mmap ok: len=4096 pgoff=0 dma=0x42a48000
[    2.387249] day32_edu_perf 0000:00:02.0: mmap ok: len=4096 pgoff=0 dma=0x42a48000
[    2.387478] day32_edu_perf 0000:00:02.0: mmap ok: len=4096 pgoff=0 dma=0x42a48000
[    2.387705] day32_edu_perf 0000:00:02.0: mmap ok: len=4096 pgoff=0 dma=0x42a48000
[    2.387975] day32_edu_perf 0000:00:02.0: mmap ok: len=4096 pgoff=0 dma=0x42a48000
[    2.388208] day32_edu_perf 0000:00:02.0: mmap ok: len=4096 pgoff=0 dma=0x42a48000
[    2.388436] day32_edu_perf 0000:00:02.0: mmap ok: len=4096 pgoff=0 dma=0x42a48000
[    2.388664] day32_edu_perf 0000:00:02.0: mmap ok: len=4096 pgoff=0 dma=0x42a48000
[    2.388900] day32_edu_perf 0000:00:02.0: mmap ok: len=4096 pgoff=0 dma=0x42a48000
[    2.389128] day32_edu_perf 0000:00:02.0: mmap ok: len=4096 pgoff=0 dma=0x42a48000
[    2.389357] day32_edu_perf 0000:00:02.0: mmap ok: len=4096 pgoff=0 dma=0x42a48000
[    2.389992] day32_edu_perf 0000:00:02.0: mmap ok: len=4096 pgoff=0 dma=0x42a48000
[    2.390626] day32_edu_perf 0000:00:02.0: mmap ok: len=4096 pgoff=0 dma=0x42a48000
[    2.390884] day32_edu_perf 0000:00:02.0: mmap ok: len=4096 pgoff=0 dma=0x42a48000
[    2.391359] day32_edu_perf 0000:00:02.0: mmap ok: len=4096 pgoff=0 dma=0x42a48000
[    2.391610] day32_edu_perf 0000:00:02.0: mmap ok: len=4096 pgoff=0 dma=0x42a48000
[    2.391843] day32_edu_perf 0000:00:02.0: mmap ok: len=4096 pgoff=0 dma=0x42a48000
[    2.392075] day32_edu_perf 0000:00:02.0: mmap ok: len=4096 pgoff=0 dma=0x42a48000
[    2.392308] day32_edu_perf 0000:00:02.0: mmap ok: len=4096 pgoff=0 dma=0x42a48000
[    2.392540] day32_edu_perf 0000:00:02.0: mmap ok: len=4096 pgoff=0 dma=0x42a48000
[    2.392769] day32_edu_perf 0000:00:02.0: mmap ok: len=4096 pgoff=0 dma=0x42a48000
[    2.392998] day32_edu_perf 0000:00:02.0: mmap ok: len=4096 pgoff=0 dma=0x42a48000
[    2.393309] day32_edu_perf 0000:00:02.0: mmap ok: len=4096 pgoff=0 dma=0x42a48000
[    2.393564] day32_edu_perf 0000:00:02.0: mmap ok: len=4096 pgoff=0 dma=0x42a48000
[    2.393968] day32_edu_perf 0000:00:02.0: mmap ok: len=4096 pgoff=0 dma=0x42a48000
[    2.394349] day32_edu_perf 0000:00:02.0: mmap ok: len=4096 pgoff=0 dma=0x42a48000
[    2.394610] day32_edu_perf 0000:00:02.0: mmap ok: len=4096 pgoff=0 dma=0x42a48000
[    2.394848] day32_edu_perf 0000:00:02.0: mmap ok: len=4096 pgoff=0 dma=0x42a48000
[    2.395079] day32_edu_perf 0000:00:02.0: mmap ok: len=4096 pgoff=0 dma=0x42a48000
[    2.395355] day32_edu_perf 0000:00:02.0: mmap ok: len=4096 pgoff=0 dma=0x42a48000
[    2.395595] day32_edu_perf 0000:00:02.0: mmap ok: len=4096 pgoff=0 dma=0x42a48000
[    2.395824] day32_edu_perf 0000:00:02.0: mmap ok: len=4096 pgoff=0 dma=0x42a48000
[    2.396052] day32_edu_perf 0000:00:02.0: mmap ok: len=4096 pgoff=0 dma=0x42a48000
[    2.396282] day32_edu_perf 0000:00:02.0: mmap ok: len=4096 pgoff=0 dma=0x42a48000
[    2.396511] day32_edu_perf 0000:00:02.0: mmap ok: len=4096 pgoff=0 dma=0x42a48000
[    2.396740] day32_edu_perf 0000:00:02.0: mmap ok: len=4096 pgoff=0 dma=0x42a48000
[    2.396967] day32_edu_perf 0000:00:02.0: mmap ok: len=4096 pgoff=0 dma=0x42a48000
[    2.397376] day32_edu_perf 0000:00:02.0: mmap ok: len=4096 pgoff=0 dma=0x42a48000
[    2.397644] day32_edu_perf 0000:00:02.0: mmap ok: len=4096 pgoff=0 dma=0x42a48000
[    2.397925] day32_edu_perf 0000:00:02.0: mmap ok: len=4096 pgoff=0 dma=0x42a48000
[    2.398217] day32_edu_perf 0000:00:02.0: mmap ok: len=4096 pgoff=0 dma=0x42a48000
[    2.398455] day32_edu_perf 0000:00:02.0: mmap ok: len=4096 pgoff=0 dma=0x42a48000
[    2.398702] day32_edu_perf 0000:00:02.0: mmap ok: len=4096 pgoff=0 dma=0x42a48000
[    2.399008] day32_edu_perf 0000:00:02.0: mmap ok: len=4096 pgoff=0 dma=0x42a48000
[    2.399263] day32_edu_perf 0000:00:02.0: mmap ok: len=4096 pgoff=0 dma=0x42a48000
[    2.399495] day32_edu_perf 0000:00:02.0: mmap ok: len=4096 pgoff=0 dma=0x42a48000
[    2.399724] day32_edu_perf 0000:00:02.0: mmap ok: len=4096 pgoff=0 dma=0x42a48000
[    2.399956] day32_edu_perf 0000:00:02.0: mmap ok: len=4096 pgoff=0 dma=0x42a48000
[    2.400190] day32_edu_perf 0000:00:02.0: mmap ok: len=4096 pgoff=0 dma=0x42a48000
[    2.400419] day32_edu_perf 0000:00:02.0: mmap ok: len=4096 pgoff=0 dma=0x42a48000
[    2.400647] day32_edu_perf 0000:00:02.0: mmap ok: len=4096 pgoff=0 dma=0x42a48000
[    2.400873] day32_edu_perf 0000:00:02.0: mmap ok: len=4096 pgoff=0 dma=0x42a48000
[    2.401144] day32_edu_perf 0000:00:02.0: mmap ok: len=4096 pgoff=0 dma=0x42a48000
[    2.401377] day32_edu_perf 0000:00:02.0: mmap ok: len=4096 pgoff=0 dma=0x42a48000
[    2.401607] day32_edu_perf 0000:00:02.0: mmap ok: len=4096 pgoff=0 dma=0x42a48000
[    2.401836] day32_edu_perf 0000:00:02.0: mmap ok: len=4096 pgoff=0 dma=0x42a48000
[    2.402409] day32_edu_perf 0000:00:02.0: mmap ok: len=4096 pgoff=0 dma=0x42a48000
[    2.402760] day32_edu_perf 0000:00:02.0: mmap ok: len=4096 pgoff=0 dma=0x42a48000
[    2.403032] day32_edu_perf 0000:00:02.0: mmap ok: len=4096 pgoff=0 dma=0x42a48000
[    2.403268] day32_edu_perf 0000:00:02.0: mmap ok: len=4096 pgoff=0 dma=0x42a48000
[    2.403498] day32_edu_perf 0000:00:02.0: mmap ok: len=4096 pgoff=0 dma=0x42a48000
[    2.403732] day32_edu_perf 0000:00:02.0: mmap ok: len=4096 pgoff=0 dma=0x42a48000
[    2.403962] day32_edu_perf 0000:00:02.0: mmap ok: len=4096 pgoff=0 dma=0x42a48000
[    2.404190] day32_edu_perf 0000:00:02.0: mmap ok: len=4096 pgoff=0 dma=0x42a48000
[    2.404418] day32_edu_perf 0000:00:02.0: mmap ok: len=4096 pgoff=0 dma=0x42a48000
[    2.404645] day32_edu_perf 0000:00:02.0: mmap ok: len=4096 pgoff=0 dma=0x42a48000
[    2.404873] day32_edu_perf 0000:00:02.0: mmap ok: len=4096 pgoff=0 dma=0x42a48000
[    2.405146] day32_edu_perf 0000:00:02.0: mmap ok: len=4096 pgoff=0 dma=0x42a48000
[    2.405380] day32_edu_perf 0000:00:02.0: mmap ok: len=4096 pgoff=0 dma=0x42a48000
[    2.405609] day32_edu_perf 0000:00:02.0: mmap ok: len=4096 pgoff=0 dma=0x42a48000
[    2.405837] day32_edu_perf 0000:00:02.0: mmap ok: len=4096 pgoff=0 dma=0x42a48000
[    2.406068] day32_edu_perf 0000:00:02.0: mmap ok: len=4096 pgoff=0 dma=0x42a48000
[    2.406373] day32_edu_perf 0000:00:02.0: mmap ok: len=4096 pgoff=0 dma=0x42a48000
[    2.406816] day32_edu_perf 0000:00:02.0: mmap ok: len=4096 pgoff=0 dma=0x42a48000
[    2.407089] day32_edu_perf 0000:00:02.0: mmap ok: len=4096 pgoff=0 dma=0x42a48000
[    2.407325] day32_edu_perf 0000:00:02.0: mmap ok: len=4096 pgoff=0 dma=0x42a48000
[    2.407556] day32_edu_perf 0000:00:02.0: mmap ok: len=4096 pgoff=0 dma=0x42a48000
[    2.407786] day32_edu_perf 0000:00:02.0: mmap ok: len=4096 pgoff=0 dma=0x42a48000
[    2.408021] day32_edu_perf 0000:00:02.0: mmap ok: len=4096 pgoff=0 dma=0x42a48000
[    2.408249] day32_edu_perf 0000:00:02.0: mmap ok: len=4096 pgoff=0 dma=0x42a48000
[    2.408479] day32_edu_perf 0000:00:02.0: mmap ok: len=4096 pgoff=0 dma=0x42a48000
[    2.408709] day32_edu_perf 0000:00:02.0: mmap ok: len=4096 pgoff=0 dma=0x42a48000
[    2.409094] day32_edu_perf 0000:00:02.0: mmap ok: len=4096 pgoff=0 dma=0x42a48000
[    2.409374] day32_edu_perf 0000:00:02.0: mmap ok: len=4096 pgoff=0 dma=0x42a48000
[    2.409610] day32_edu_perf 0000:00:02.0: mmap ok: len=4096 pgoff=0 dma=0x42a48000
[    2.409841] day32_edu_perf 0000:00:02.0: mmap ok: len=4096 pgoff=0 dma=0x42a48000
[    2.410076] day32_edu_perf 0000:00:02.0: mmap ok: len=4096 pgoff=0 dma=0x42a48000
[    2.410353] day32_edu_perf 0000:00:02.0: mmap ok: len=4096 pgoff=0 dma=0x42a48000
[    2.410669] day32_edu_perf 0000:00:02.0: mmap ok: len=4096 pgoff=0 dma=0x42a48000
[    2.410912] day32_edu_perf 0000:00:02.0: mmap ok: len=4096 pgoff=0 dma=0x42a48000
[    2.411336] day32_edu_perf 0000:00:02.0: mmap ok: len=4096 pgoff=0 dma=0x42a48000
[    2.411592] day32_edu_perf 0000:00:02.0: mmap ok: len=4096 pgoff=0 dma=0x42a48000
[    2.411827] day32_edu_perf 0000:00:02.0: mmap ok: len=4096 pgoff=0 dma=0x42a48000
[    2.412056] day32_edu_perf 0000:00:02.0: mmap ok: len=4096 pgoff=0 dma=0x42a48000
[    2.412287] day32_edu_perf 0000:00:02.0: mmap ok: len=4096 pgoff=0 dma=0x42a48000
[    2.412516] day32_edu_perf 0000:00:02.0: mmap ok: len=4096 pgoff=0 dma=0x42a48000
[    2.412748] day32_edu_perf 0000:00:02.0: mmap ok: len=4096 pgoff=0 dma=0x42a48000
[    2.413040] day32_edu_perf 0000:00:02.0: mmap ok: len=4096 pgoff=0 dma=0x42a48000
[    2.413296] day32_edu_perf 0000:00:02.0: mmap ok: len=4096 pgoff=0 dma=0x42a48000
[    2.413528] day32_edu_perf 0000:00:02.0: mmap ok: len=4096 pgoff=0 dma=0x42a48000
[    2.413758] day32_edu_perf 0000:00:02.0: mmap ok: len=4096 pgoff=0 dma=0x42a48000
[    2.413986] day32_edu_perf 0000:00:02.0: mmap ok: len=4096 pgoff=0 dma=0x42a48000
[    2.414224] day32_edu_perf 0000:00:02.0: mmap ok: len=4096 pgoff=0 dma=0x42a48000
[    2.414496] day32_edu_perf 0000:00:02.0: mmap ok: len=4096 pgoff=0 dma=0x42a48000
[    2.414806] day32_edu_perf 0000:00:02.0: mmap ok: len=4096 pgoff=0 dma=0x42a48000
[    2.415088] day32_edu_perf 0000:00:02.0: mmap ok: len=4096 pgoff=0 dma=0x42a48000
[    2.415324] day32_edu_perf 0000:00:02.0: mmap ok: len=4096 pgoff=0 dma=0x42a48000
[    2.415567] day32_edu_perf 0000:00:02.0: mmap ok: len=4096 pgoff=0 dma=0x42a48000
[    2.415799] day32_edu_perf 0000:00:02.0: mmap ok: len=4096 pgoff=0 dma=0x42a48000
[    2.416028] day32_edu_perf 0000:00:02.0: mmap ok: len=4096 pgoff=0 dma=0x42a48000
[    2.416256] day32_edu_perf 0000:00:02.0: mmap ok: len=4096 pgoff=0 dma=0x42a48000
[    2.416489] day32_edu_perf 0000:00:02.0: mmap ok: len=4096 pgoff=0 dma=0x42a48000
[    2.416719] day32_edu_perf 0000:00:02.0: mmap ok: len=4096 pgoff=0 dma=0x42a48000
[    2.416971] day32_edu_perf 0000:00:02.0: mmap ok: len=4096 pgoff=0 dma=0x42a48000
[    2.417219] day32_edu_perf 0000:00:02.0: mmap ok: len=4096 pgoff=0 dma=0x42a48000
[    2.417450] day32_edu_perf 0000:00:02.0: mmap ok: len=4096 pgoff=0 dma=0x42a48000
[    2.417679] day32_edu_perf 0000:00:02.0: mmap ok: len=4096 pgoff=0 dma=0x42a48000
[    2.417907] day32_edu_perf 0000:00:02.0: mmap ok: len=4096 pgoff=0 dma=0x42a48000
[    2.418133] day32_edu_perf 0000:00:02.0: mmap ok: len=4096 pgoff=0 dma=0x42a48000
[    2.418363] day32_edu_perf 0000:00:02.0: mmap ok: len=4096 pgoff=0 dma=0x42a48000
[    2.418609] day32_edu_perf 0000:00:02.0: mmap ok: len=4096 pgoff=0 dma=0x42a48000
[    2.419287] day32_edu_perf 0000:00:02.0: mmap ok: len=4096 pgoff=0 dma=0x42a48000
[    2.419718] day32_edu_perf 0000:00:02.0: mmap ok: len=4096 pgoff=0 dma=0x42a48000
[    2.420129] day32_edu_perf 0000:00:02.0: mmap ok: len=4096 pgoff=0 dma=0x42a48000
[    2.420519] day32_edu_perf 0000:00:02.0: mmap ok: len=4096 pgoff=0 dma=0x42a48000
[    2.420838] day32_edu_perf 0000:00:02.0: mmap ok: len=4096 pgoff=0 dma=0x42a48000
[    2.421089] day32_edu_perf 0000:00:02.0: mmap ok: len=4096 pgoff=0 dma=0x42a48000
[    2.421325] day32_edu_perf 0000:00:02.0: mmap ok: len=4096 pgoff=0 dma=0x42a48000
[    2.421560] day32_edu_perf 0000:00:02.0: mmap ok: len=4096 pgoff=0 dma=0x42a48000
[    2.421887] day32_edu_perf 0000:00:02.0: mmap ok: len=4096 pgoff=0 dma=0x42a48000
[    2.422157] day32_edu_perf 0000:00:02.0: mmap ok: len=4096 pgoff=0 dma=0x42a48000
[    2.422394] day32_edu_perf 0000:00:02.0: mmap ok: len=4096 pgoff=0 dma=0x42a48000
[    2.422626] day32_edu_perf 0000:00:02.0: mmap ok: len=4096 pgoff=0 dma=0x42a48000
[    2.422923] day32_edu_perf 0000:00:02.0: mmap ok: len=4096 pgoff=0 dma=0x42a48000
[    2.423235] day32_edu_perf 0000:00:02.0: mmap ok: len=4096 pgoff=0 dma=0x42a48000
[    2.423483] day32_edu_perf 0000:00:02.0: mmap ok: len=4096 pgoff=0 dma=0x42a48000
[    2.423726] day32_edu_perf 0000:00:02.0: mmap ok: len=4096 pgoff=0 dma=0x42a48000
[    2.423987] day32_edu_perf 0000:00:02.0: mmap ok: len=4096 pgoff=0 dma=0x42a48000
[    2.424221] day32_edu_perf 0000:00:02.0: mmap ok: len=4096 pgoff=0 dma=0x42a48000
[    2.424452] day32_edu_perf 0000:00:02.0: mmap ok: len=4096 pgoff=0 dma=0x42a48000
[    2.424686] day32_edu_perf 0000:00:02.0: mmap ok: len=4096 pgoff=0 dma=0x42a48000
[    2.424918] day32_edu_perf 0000:00:02.0: mmap ok: len=4096 pgoff=0 dma=0x42a48000
[    2.425148] day32_edu_perf 0000:00:02.0: mmap ok: len=4096 pgoff=0 dma=0x42a48000
[    2.425377] day32_edu_perf 0000:00:02.0: mmap ok: len=4096 pgoff=0 dma=0x42a48000
[    2.425605] day32_edu_perf 0000:00:02.0: mmap ok: len=4096 pgoff=0 dma=0x42a48000
[    2.425864] day32_edu_perf 0000:00:02.0: mmap ok: len=4096 pgoff=0 dma=0x42a48000
[    2.426106] day32_edu_perf 0000:00:02.0: mmap ok: len=4096 pgoff=0 dma=0x42a48000
[    2.426336] day32_edu_perf 0000:00:02.0: mmap ok: len=4096 pgoff=0 dma=0x42a48000
[    2.426562] day32_edu_perf 0000:00:02.0: mmap ok: len=4096 pgoff=0 dma=0x42a48000
[    2.426789] day32_edu_perf 0000:00:02.0: mmap ok: len=4096 pgoff=0 dma=0x42a48000
[    2.427104] day32_edu_perf 0000:00:02.0: mmap ok: len=4096 pgoff=0 dma=0x42a48000
[    2.427700] day32_edu_perf 0000:00:02.0: mmap ok: len=4096 pgoff=0 dma=0x42a48000
[    2.427989] day32_edu_perf 0000:00:02.0: mmap ok: len=4096 pgoff=0 dma=0x42a48000
[    2.428230] day32_edu_perf 0000:00:02.0: mmap ok: len=4096 pgoff=0 dma=0x42a48000
[    2.428463] day32_edu_perf 0000:00:02.0: mmap ok: len=4096 pgoff=0 dma=0x42a48000
[    2.428697] day32_edu_perf 0000:00:02.0: mmap ok: len=4096 pgoff=0 dma=0x42a48000
[    2.428931] day32_edu_perf 0000:00:02.0: mmap ok: len=4096 pgoff=0 dma=0x42a48000
[    2.429164] day32_edu_perf 0000:00:02.0: mmap ok: len=4096 pgoff=0 dma=0x42a48000
[    2.429395] day32_edu_perf 0000:00:02.0: mmap ok: len=4096 pgoff=0 dma=0x42a48000
[    2.429626] day32_edu_perf 0000:00:02.0: mmap ok: len=4096 pgoff=0 dma=0x42a48000
[    2.429934] day32_edu_perf 0000:00:02.0: mmap ok: len=4096 pgoff=0 dma=0x42a48000
[    2.430190] day32_edu_perf 0000:00:02.0: mmap ok: len=4096 pgoff=0 dma=0x42a48000
[    2.430421] day32_edu_perf 0000:00:02.0: mmap ok: len=4096 pgoff=0 dma=0x42a48000
[    2.430656] day32_edu_perf 0000:00:02.0: mmap ok: len=4096 pgoff=0 dma=0x42a48000
[    2.430950] day32_edu_perf 0000:00:02.0: mmap ok: len=4096 pgoff=0 dma=0x42a48000
[    2.431321] day32_edu_perf 0000:00:02.0: mmap ok: len=4096 pgoff=0 dma=0x42a48000
[    2.431600] day32_edu_perf 0000:00:02.0: mmap ok: len=4096 pgoff=0 dma=0x42a48000
[    2.432013] day32_edu_perf 0000:00:02.0: mmap ok: len=4096 pgoff=0 dma=0x42a48000
[    2.432285] day32_edu_perf 0000:00:02.0: mmap ok: len=4096 pgoff=0 dma=0x42a48000
[    2.432536] day32_edu_perf 0000:00:02.0: mmap ok: len=4096 pgoff=0 dma=0x42a48000
[    2.432766] day32_edu_perf 0000:00:02.0: mmap ok: len=4096 pgoff=0 dma=0x42a48000
[    2.433072] day32_edu_perf 0000:00:02.0: mmap ok: len=4096 pgoff=0 dma=0x42a48000
[    2.433309] day32_edu_perf 0000:00:02.0: mmap ok: len=4096 pgoff=0 dma=0x42a48000
[    2.433542] day32_edu_perf 0000:00:02.0: mmap ok: len=4096 pgoff=0 dma=0x42a48000
[    2.433773] day32_edu_perf 0000:00:02.0: mmap ok: len=4096 pgoff=0 dma=0x42a48000
[    2.434051] day32_edu_perf 0000:00:02.0: mmap ok: len=4096 pgoff=0 dma=0x42a48000
[    2.434286] day32_edu_perf 0000:00:02.0: mmap ok: len=4096 pgoff=0 dma=0x42a48000
[    2.434520] day32_edu_perf 0000:00:02.0: mmap ok: len=4096 pgoff=0 dma=0x42a48000
[    2.434751] day32_edu_perf 0000:00:02.0: mmap ok: len=4096 pgoff=0 dma=0x42a48000
[    2.434981] day32_edu_perf 0000:00:02.0: mmap ok: len=4096 pgoff=0 dma=0x42a48000
[    2.435214] day32_edu_perf 0000:00:02.0: mmap ok: len=4096 pgoff=0 dma=0x42a48000
[    2.435651] day32_edu_perf 0000:00:02.0: mmap ok: len=4096 pgoff=0 dma=0x42a48000
[    2.435956] day32_edu_perf 0000:00:02.0: mmap ok: len=4096 pgoff=0 dma=0x42a48000
[    2.436211] day32_edu_perf 0000:00:02.0: mmap ok: len=4096 pgoff=0 dma=0x42a48000
[    2.436446] day32_edu_perf 0000:00:02.0: mmap ok: len=4096 pgoff=0 dma=0x42a48000
[    2.436677] day32_edu_perf 0000:00:02.0: mmap ok: len=4096 pgoff=0 dma=0x42a48000
[    2.436912] day32_edu_perf 0000:00:02.0: mmap ok: len=4096 pgoff=0 dma=0x42a48000
[    2.437147] day32_edu_perf 0000:00:02.0: mmap ok: len=4096 pgoff=0 dma=0x42a48000
[    2.437377] day32_edu_perf 0000:00:02.0: mmap ok: len=4096 pgoff=0 dma=0x42a48000
[    2.437606] day32_edu_perf 0000:00:02.0: mmap ok: len=4096 pgoff=0 dma=0x42a48000
[    2.437893] day32_edu_perf 0000:00:02.0: mmap ok: len=4096 pgoff=0 dma=0x42a48000
[    2.438155] day32_edu_perf 0000:00:02.0: mmap ok: len=4096 pgoff=0 dma=0x42a48000
[    2.438389] day32_edu_perf 0000:00:02.0: mmap ok: len=4096 pgoff=0 dma=0x42a48000
[    2.438620] day32_edu_perf 0000:00:02.0: mmap ok: len=4096 pgoff=0 dma=0x42a48000
[    2.438850] day32_edu_perf 0000:00:02.0: mmap ok: len=4096 pgoff=0 dma=0x42a48000
[    2.439087] day32_edu_perf 0000:00:02.0: mmap ok: len=4096 pgoff=0 dma=0x42a48000
[    2.439317] day32_edu_perf 0000:00:02.0: mmap ok: len=4096 pgoff=0 dma=0x42a48000
[    2.439595] day32_edu_perf 0000:00:02.0: mmap ok: len=4096 pgoff=0 dma=0x42a48000
[    2.440031] day32_edu_perf 0000:00:02.0: mmap ok: len=4096 pgoff=0 dma=0x42a48000
[    2.440293] day32_edu_perf 0000:00:02.0: mmap ok: len=4096 pgoff=0 dma=0x42a48000
[    2.440537] day32_edu_perf 0000:00:02.0: mmap ok: len=4096 pgoff=0 dma=0x42a48000
[    2.440770] day32_edu_perf 0000:00:02.0: mmap ok: len=4096 pgoff=0 dma=0x42a48000
[    2.441002] day32_edu_perf 0000:00:02.0: mmap ok: len=4096 pgoff=0 dma=0x42a48000
[    2.441232] day32_edu_perf 0000:00:02.0: mmap ok: len=4096 pgoff=0 dma=0x42a48000
[    2.441466] day32_edu_perf 0000:00:02.0: mmap ok: len=4096 pgoff=0 dma=0x42a48000
[    2.441700] day32_edu_perf 0000:00:02.0: mmap ok: len=4096 pgoff=0 dma=0x42a48000
[    2.442007] day32_edu_perf 0000:00:02.0: mmap ok: len=4096 pgoff=0 dma=0x42a48000
[    2.442246] day32_edu_perf 0000:00:02.0: mmap ok: len=4096 pgoff=0 dma=0x42a48000
[    2.442478] day32_edu_perf 0000:00:02.0: mmap ok: len=4096 pgoff=0 dma=0x42a48000
[    2.442707] day32_edu_perf 0000:00:02.0: mmap ok: len=4096 pgoff=0 dma=0x42a48000
[    2.442941] day32_edu_perf 0000:00:02.0: mmap ok: len=4096 pgoff=0 dma=0x42a48000
[    2.443173] day32_edu_perf 0000:00:02.0: mmap ok: len=4096 pgoff=0 dma=0x42a48000
[    2.443403] day32_edu_perf 0000:00:02.0: mmap ok: len=4096 pgoff=0 dma=0x42a48000
[    2.443727] day32_edu_perf 0000:00:02.0: mmap ok: len=4096 pgoff=0 dma=0x42a48000
[    2.444340] day32_edu_perf 0000:00:02.0: mmap ok: len=4096 pgoff=0 dma=0x42a48000
[    2.444614] day32_edu_perf 0000:00:02.0: mmap ok: len=4096 pgoff=0 dma=0x42a48000
[    2.444853] day32_edu_perf 0000:00:02.0: mmap ok: len=4096 pgoff=0 dma=0x42a48000
[    2.445085] day32_edu_perf 0000:00:02.0: mmap ok: len=4096 pgoff=0 dma=0x42a48000
[    2.445317] day32_edu_perf 0000:00:02.0: mmap ok: len=4096 pgoff=0 dma=0x42a48000
[    2.445555] day32_edu_perf 0000:00:02.0: mmap ok: len=4096 pgoff=0 dma=0x42a48000
[    2.445829] day32_edu_perf 0000:00:02.0: mmap ok: len=4096 pgoff=0 dma=0x42a48000
[    2.446065] day32_edu_perf 0000:00:02.0: mmap ok: len=4096 pgoff=0 dma=0x42a48000
[    2.446297] day32_edu_perf 0000:00:02.0: mmap ok: len=4096 pgoff=0 dma=0x42a48000
[    2.446528] day32_edu_perf 0000:00:02.0: mmap ok: len=4096 pgoff=0 dma=0x42a48000
[    2.446760] day32_edu_perf 0000:00:02.0: mmap ok: len=4096 pgoff=0 dma=0x42a48000
[    2.446988] day32_edu_perf 0000:00:02.0: mmap ok: len=4096 pgoff=0 dma=0x42a48000
[    2.447217] day32_edu_perf 0000:00:02.0: mmap ok: len=4096 pgoff=0 dma=0x42a48000
[    2.447444] day32_edu_perf 0000:00:02.0: mmap ok: len=4096 pgoff=0 dma=0x42a48000
[    2.447693] day32_edu_perf 0000:00:02.0: mmap ok: len=4096 pgoff=0 dma=0x42a48000
[    2.448506] day32_edu_perf 0000:00:02.0: mmap ok: len=4096 pgoff=0 dma=0x42a48000
[    2.448849] day32_edu_perf 0000:00:02.0: mmap ok: len=4096 pgoff=0 dma=0x42a48000
[    2.449113] day32_edu_perf 0000:00:02.0: mmap ok: len=4096 pgoff=0 dma=0x42a48000
[    2.449473] day32_edu_perf 0000:00:02.0: mmap ok: len=4096 pgoff=0 dma=0x42a48000
[    2.449723] day32_edu_perf 0000:00:02.0: mmap ok: len=4096 pgoff=0 dma=0x42a48000
[    2.449958] day32_edu_perf 0000:00:02.0: mmap ok: len=4096 pgoff=0 dma=0x42a48000
[    2.450189] day32_edu_perf 0000:00:02.0: mmap ok: len=4096 pgoff=0 dma=0x42a48000
[    2.450425] day32_edu_perf 0000:00:02.0: mmap ok: len=4096 pgoff=0 dma=0x42a48000
[    2.450658] day32_edu_perf 0000:00:02.0: mmap ok: len=4096 pgoff=0 dma=0x42a48000
[    2.450886] day32_edu_perf 0000:00:02.0: mmap ok: len=4096 pgoff=0 dma=0x42a48000
[    2.451161] day32_edu_perf 0000:00:02.0: mmap ok: len=4096 pgoff=0 dma=0x42a48000
[    2.451395] day32_edu_perf 0000:00:02.0: mmap ok: len=4096 pgoff=0 dma=0x42a48000
[    2.451623] day32_edu_perf 0000:00:02.0: mmap ok: len=4096 pgoff=0 dma=0x42a48000
[    2.451851] day32_edu_perf 0000:00:02.0: mmap ok: len=4096 pgoff=0 dma=0x42a48000
[    2.452137] day32_edu_perf 0000:00:02.0: mmap ok: len=4096 pgoff=0 dma=0x42a48000
[    2.452719] day32_edu_perf 0000:00:02.0: mmap ok: len=4096 pgoff=0 dma=0x42a48000
[    2.452994] day32_edu_perf 0000:00:02.0: mmap ok: len=4096 pgoff=0 dma=0x42a48000
[    2.453236] day32_edu_perf 0000:00:02.0: mmap ok: len=4096 pgoff=0 dma=0x42a48000
[    2.453470] day32_edu_perf 0000:00:02.0: mmap ok: len=4096 pgoff=0 dma=0x42a48000
[    2.453702] day32_edu_perf 0000:00:02.0: mmap ok: len=4096 pgoff=0 dma=0x42a48000
[    2.453937] day32_edu_perf 0000:00:02.0: mmap ok: len=4096 pgoff=0 dma=0x42a48000
[    2.454168] day32_edu_perf 0000:00:02.0: mmap ok: len=4096 pgoff=0 dma=0x42a48000
[    2.454396] day32_edu_perf 0000:00:02.0: mmap ok: len=4096 pgoff=0 dma=0x42a48000
[    2.454629] day32_edu_perf 0000:00:02.0: mmap ok: len=4096 pgoff=0 dma=0x42a48000
[    2.454858] day32_edu_perf 0000:00:02.0: mmap ok: len=4096 pgoff=0 dma=0x42a48000
[    2.455162] day32_edu_perf 0000:00:02.0: mmap ok: len=4096 pgoff=0 dma=0x42a48000
[    2.455402] day32_edu_perf 0000:00:02.0: mmap ok: len=4096 pgoff=0 dma=0x42a48000
[    2.455632] day32_edu_perf 0000:00:02.0: mmap ok: len=4096 pgoff=0 dma=0x42a48000
[    2.455863] day32_edu_perf 0000:00:02.0: mmap ok: len=4096 pgoff=0 dma=0x42a48000
[    2.456134] day32_edu_perf 0000:00:02.0: mmap ok: len=4096 pgoff=0 dma=0x42a48000
[    2.456604] day32_edu_perf 0000:00:02.0: mmap ok: len=4096 pgoff=0 dma=0x42a48000
[    2.456864] day32_edu_perf 0000:00:02.0: mmap ok: len=4096 pgoff=0 dma=0x42a48000
[    2.457125] day32_edu_perf 0000:00:02.0: mmap ok: len=4096 pgoff=0 dma=0x42a48000
[    2.457358] day32_edu_perf 0000:00:02.0: mmap ok: len=4096 pgoff=0 dma=0x42a48000
[    2.457588] day32_edu_perf 0000:00:02.0: mmap ok: len=4096 pgoff=0 dma=0x42a48000
[    2.457823] day32_edu_perf 0000:00:02.0: mmap ok: len=4096 pgoff=0 dma=0x42a48000
[    2.458053] day32_edu_perf 0000:00:02.0: mmap ok: len=4096 pgoff=0 dma=0x42a48000
[    2.458283] day32_edu_perf 0000:00:02.0: mmap ok: len=4096 pgoff=0 dma=0x42a48000
[    2.458513] day32_edu_perf 0000:00:02.0: mmap ok: len=4096 pgoff=0 dma=0x42a48000
[    2.458744] day32_edu_perf 0000:00:02.0: mmap ok: len=4096 pgoff=0 dma=0x42a48000
[    2.459160] day32_edu_perf 0000:00:02.0: mmap ok: len=4096 pgoff=0 dma=0x42a48000
[    2.459428] day32_edu_perf 0000:00:02.0: mmap ok: len=4096 pgoff=0 dma=0x42a48000
[    2.459663] day32_edu_perf 0000:00:02.0: mmap ok: len=4096 pgoff=0 dma=0x42a48000
[    2.459893] day32_edu_perf 0000:00:02.0: mmap ok: len=4096 pgoff=0 dma=0x42a48000
[    2.460128] day32_edu_perf 0000:00:02.0: mmap ok: len=4096 pgoff=0 dma=0x42a48000
[    2.460399] day32_edu_perf 0000:00:02.0: mmap ok: len=4096 pgoff=0 dma=0x42a48000
[    2.460652] day32_edu_perf 0000:00:02.0: mmap ok: len=4096 pgoff=0 dma=0x42a48000
[    2.460885] day32_edu_perf 0000:00:02.0: mmap ok: len=4096 pgoff=0 dma=0x42a48000
[    2.461203] day32_edu_perf 0000:00:02.0: mmap ok: len=4096 pgoff=0 dma=0x42a48000
[    2.461452] day32_edu_perf 0000:00:02.0: mmap ok: len=4096 pgoff=0 dma=0x42a48000
[    2.461692] day32_edu_perf 0000:00:02.0: mmap ok: len=4096 pgoff=0 dma=0x42a48000
[    2.461928] day32_edu_perf 0000:00:02.0: mmap ok: len=4096 pgoff=0 dma=0x42a48000
[    2.462164] day32_edu_perf 0000:00:02.0: mmap ok: len=4096 pgoff=0 dma=0x42a48000
[    2.462395] day32_edu_perf 0000:00:02.0: mmap ok: len=4096 pgoff=0 dma=0x42a48000
[    2.462626] day32_edu_perf 0000:00:02.0: mmap ok: len=4096 pgoff=0 dma=0x42a48000
[    2.462856] day32_edu_perf 0000:00:02.0: mmap ok: len=4096 pgoff=0 dma=0x42a48000
[    2.463129] day32_edu_perf 0000:00:02.0: mmap ok: len=4096 pgoff=0 dma=0x42a48000
[    2.463365] day32_edu_perf 0000:00:02.0: mmap ok: len=4096 pgoff=0 dma=0x42a48000
[    2.463596] day32_edu_perf 0000:00:02.0: mmap ok: len=4096 pgoff=0 dma=0x42a48000
[    2.463825] day32_edu_perf 0000:00:02.0: mmap ok: len=4096 pgoff=0 dma=0x42a48000
[    2.464057] day32_edu_perf 0000:00:02.0: mmap ok: len=4096 pgoff=0 dma=0x42a48000
[    2.464288] day32_edu_perf 0000:00:02.0: mmap ok: len=4096 pgoff=0 dma=0x42a48000
[    2.464680] day32_edu_perf 0000:00:02.0: mmap ok: len=4096 pgoff=0 dma=0x42a48000
[    2.465259] day32_edu_perf 0000:00:02.0: mmap ok: len=4096 pgoff=0 dma=0x42a48000
[    2.465508] day32_edu_perf 0000:00:02.0: mmap ok: len=4096 pgoff=0 dma=0x42a48000
[    2.465742] day32_edu_perf 0000:00:02.0: mmap ok: len=4096 pgoff=0 dma=0x42a48000
[    2.465974] day32_edu_perf 0000:00:02.0: mmap ok: len=4096 pgoff=0 dma=0x42a48000
[    2.466210] day32_edu_perf 0000:00:02.0: mmap ok: len=4096 pgoff=0 dma=0x42a48000
[    2.466442] day32_edu_perf 0000:00:02.0: mmap ok: len=4096 pgoff=0 dma=0x42a48000
[    2.466675] day32_edu_perf 0000:00:02.0: mmap ok: len=4096 pgoff=0 dma=0x42a48000
[    2.466906] day32_edu_perf 0000:00:02.0: mmap ok: len=4096 pgoff=0 dma=0x42a48000
[    2.467180] day32_edu_perf 0000:00:02.0: mmap ok: len=4096 pgoff=0 dma=0x42a48000
[    2.467414] day32_edu_perf 0000:00:02.0: mmap ok: len=4096 pgoff=0 dma=0x42a48000
[    2.467645] day32_edu_perf 0000:00:02.0: mmap ok: len=4096 pgoff=0 dma=0x42a48000
[    2.467874] day32_edu_perf 0000:00:02.0: mmap ok: len=4096 pgoff=0 dma=0x42a48000
[    2.468105] day32_edu_perf 0000:00:02.0: mmap ok: len=4096 pgoff=0 dma=0x42a48000
[    2.468334] day32_edu_perf 0000:00:02.0: mmap ok: len=4096 pgoff=0 dma=0x42a48000
[    2.468565] day32_edu_perf 0000:00:02.0: mmap ok: len=4096 pgoff=0 dma=0x42a48000
[    2.469044] day32_edu_perf 0000:00:02.0: mmap ok: len=4096 pgoff=0 dma=0x42a48000
[    2.469327] day32_edu_perf 0000:00:02.0: mmap ok: len=4096 pgoff=0 dma=0x42a48000
[    2.469588] day32_edu_perf 0000:00:02.0: mmap ok: len=4096 pgoff=0 dma=0x42a48000
[    2.469828] day32_edu_perf 0000:00:02.0: mmap ok: len=4096 pgoff=0 dma=0x42a48000
[    2.470061] day32_edu_perf 0000:00:02.0: mmap ok: len=4096 pgoff=0 dma=0x42a48000
[    2.470291] day32_edu_perf 0000:00:02.0: mmap ok: len=4096 pgoff=0 dma=0x42a48000
[    2.470522] day32_edu_perf 0000:00:02.0: mmap ok: len=4096 pgoff=0 dma=0x42a48000
[    2.470755] day32_edu_perf 0000:00:02.0: mmap ok: len=4096 pgoff=0 dma=0x42a48000
[    2.471017] day32_edu_perf 0000:00:02.0: mmap ok: len=4096 pgoff=0 dma=0x42a48000
[    2.471267] day32_edu_perf 0000:00:02.0: mmap ok: len=4096 pgoff=0 dma=0x42a48000
[    2.471497] day32_edu_perf 0000:00:02.0: mmap ok: len=4096 pgoff=0 dma=0x42a48000
[    2.471727] day32_edu_perf 0000:00:02.0: mmap ok: len=4096 pgoff=0 dma=0x42a48000
[    2.471956] day32_edu_perf 0000:00:02.0: mmap ok: len=4096 pgoff=0 dma=0x42a48000
[    2.472184] day32_edu_perf 0000:00:02.0: mmap ok: len=4096 pgoff=0 dma=0x42a48000
[    2.472414] day32_edu_perf 0000:00:02.0: mmap ok: len=4096 pgoff=0 dma=0x42a48000
[    2.472644] day32_edu_perf 0000:00:02.0: mmap ok: len=4096 pgoff=0 dma=0x42a48000
[    2.473027] day32_edu_perf 0000:00:02.0: mmap ok: len=4096 pgoff=0 dma=0x42a48000
[    2.473520] day32_edu_perf 0000:00:02.0: mmap ok: len=4096 pgoff=0 dma=0x42a48000
[    2.473771] day32_edu_perf 0000:00:02.0: mmap ok: len=4096 pgoff=0 dma=0x42a48000
[    2.474012] day32_edu_perf 0000:00:02.0: mmap ok: len=4096 pgoff=0 dma=0x42a48000
[    2.474243] day32_edu_perf 0000:00:02.0: mmap ok: len=4096 pgoff=0 dma=0x42a48000
[    2.474480] day32_edu_perf 0000:00:02.0: mmap ok: len=4096 pgoff=0 dma=0x42a48000
[    2.474713] day32_edu_perf 0000:00:02.0: mmap ok: len=4096 pgoff=0 dma=0x42a48000
[    2.474943] day32_edu_perf 0000:00:02.0: mmap ok: len=4096 pgoff=0 dma=0x42a48000
[    2.475386] day32_edu_perf 0000:00:02.0: mmap ok: len=4096 pgoff=0 dma=0x42a48000
[    2.475637] day32_edu_perf 0000:00:02.0: mmap ok: len=4096 pgoff=0 dma=0x42a48000
[    2.475871] day32_edu_perf 0000:00:02.0: mmap ok: len=4096 pgoff=0 dma=0x42a48000
[    2.476102] day32_edu_perf 0000:00:02.0: mmap ok: len=4096 pgoff=0 dma=0x42a48000
[    2.476340] day32_edu_perf 0000:00:02.0: mmap ok: len=4096 pgoff=0 dma=0x42a48000
[    2.476573] day32_edu_perf 0000:00:02.0: mmap ok: len=4096 pgoff=0 dma=0x42a48000
[    2.476805] day32_edu_perf 0000:00:02.0: mmap ok: len=4096 pgoff=0 dma=0x42a48000
[    2.477181] day32_edu_perf 0000:00:02.0: mmap ok: len=4096 pgoff=0 dma=0x42a48000
[    2.477462] day32_edu_perf 0000:00:02.0: mmap ok: len=4096 pgoff=0 dma=0x42a48000
[    2.477698] day32_edu_perf 0000:00:02.0: mmap ok: len=4096 pgoff=0 dma=0x42a48000
[    2.477938] day32_edu_perf 0000:00:02.0: mmap ok: len=4096 pgoff=0 dma=0x42a48000
[    2.478171] day32_edu_perf 0000:00:02.0: mmap ok: len=4096 pgoff=0 dma=0x42a48000
[    2.478400] day32_edu_perf 0000:00:02.0: mmap ok: len=4096 pgoff=0 dma=0x42a48000
[    2.478630] day32_edu_perf 0000:00:02.0: mmap ok: len=4096 pgoff=0 dma=0x42a48000
[    2.478863] day32_edu_perf 0000:00:02.0: mmap ok: len=4096 pgoff=0 dma=0x42a48000
[    2.479131] day32_edu_perf 0000:00:02.0: mmap ok: len=4096 pgoff=0 dma=0x42a48000
[    2.479369] day32_edu_perf 0000:00:02.0: mmap ok: len=4096 pgoff=0 dma=0x42a48000
[    2.479600] day32_edu_perf 0000:00:02.0: mmap ok: len=4096 pgoff=0 dma=0x42a48000
[    2.479827] day32_edu_perf 0000:00:02.0: mmap ok: len=4096 pgoff=0 dma=0x42a48000
[    2.480057] day32_edu_perf 0000:00:02.0: mmap ok: len=4096 pgoff=0 dma=0x42a48000
[    2.480287] day32_edu_perf 0000:00:02.0: mmap ok: len=4096 pgoff=0 dma=0x42a48000
[    2.480517] day32_edu_perf 0000:00:02.0: mmap ok: len=4096 pgoff=0 dma=0x42a48000
[    2.480745] day32_edu_perf 0000:00:02.0: mmap ok: len=4096 pgoff=0 dma=0x42a48000
[    2.480974] day32_edu_perf 0000:00:02.0: mmap ok: len=4096 pgoff=0 dma=0x42a48000
[    2.481353] day32_edu_perf 0000:00:02.0: mmap ok: len=4096 pgoff=0 dma=0x42a48000
[    2.481869] day32_edu_perf 0000:00:02.0: mmap ok: len=4096 pgoff=0 dma=0x42a48000
[    2.482131] day32_edu_perf 0000:00:02.0: mmap ok: len=4096 pgoff=0 dma=0x42a48000
[    2.482367] day32_edu_perf 0000:00:02.0: mmap ok: len=4096 pgoff=0 dma=0x42a48000
[    2.482600] day32_edu_perf 0000:00:02.0: mmap ok: len=4096 pgoff=0 dma=0x42a48000
[    2.482834] day32_edu_perf 0000:00:02.0: mmap ok: len=4096 pgoff=0 dma=0x42a48000
[    2.483251] day32_edu_perf 0000:00:02.0: mmap ok: len=4096 pgoff=0 dma=0x42a48000
[    2.483520] day32_edu_perf 0000:00:02.0: mmap ok: len=4096 pgoff=0 dma=0x42a48000
[    2.483755] day32_edu_perf 0000:00:02.0: mmap ok: len=4096 pgoff=0 dma=0x42a48000
[    2.483985] day32_edu_perf 0000:00:02.0: mmap ok: len=4096 pgoff=0 dma=0x42a48000
[    2.484221] day32_edu_perf 0000:00:02.0: mmap ok: len=4096 pgoff=0 dma=0x42a48000
[    2.484455] day32_edu_perf 0000:00:02.0: mmap ok: len=4096 pgoff=0 dma=0x42a48000
[    2.484687] day32_edu_perf 0000:00:02.0: mmap ok: len=4096 pgoff=0 dma=0x42a48000
[    2.484916] day32_edu_perf 0000:00:02.0: mmap ok: len=4096 pgoff=0 dma=0x42a48000
[    2.485224] day32_edu_perf 0000:00:02.0: mmap ok: len=4096 pgoff=0 dma=0x42a48000
[    2.485516] day32_edu_perf 0000:00:02.0: mmap ok: len=4096 pgoff=0 dma=0x42a48000
[    2.485791] day32_edu_perf 0000:00:02.0: mmap ok: len=4096 pgoff=0 dma=0x42a48000
[    2.486029] day32_edu_perf 0000:00:02.0: mmap ok: len=4096 pgoff=0 dma=0x42a48000
[    2.486264] day32_edu_perf 0000:00:02.0: mmap ok: len=4096 pgoff=0 dma=0x42a48000
[    2.486505] day32_edu_perf 0000:00:02.0: mmap ok: len=4096 pgoff=0 dma=0x42a48000
[    2.486735] day32_edu_perf 0000:00:02.0: mmap ok: len=4096 pgoff=0 dma=0x42a48000
[    2.487007] day32_edu_perf 0000:00:02.0: mmap ok: len=4096 pgoff=0 dma=0x42a48000
[    2.487249] day32_edu_perf 0000:00:02.0: mmap ok: len=4096 pgoff=0 dma=0x42a48000
[    2.487481] day32_edu_perf 0000:00:02.0: mmap ok: len=4096 pgoff=0 dma=0x42a48000
[    2.487713] day32_edu_perf 0000:00:02.0: mmap ok: len=4096 pgoff=0 dma=0x42a48000
[    2.487943] day32_edu_perf 0000:00:02.0: mmap ok: len=4096 pgoff=0 dma=0x42a48000
[    2.488174] day32_edu_perf 0000:00:02.0: mmap ok: len=4096 pgoff=0 dma=0x42a48000
[    2.488404] day32_edu_perf 0000:00:02.0: mmap ok: len=4096 pgoff=0 dma=0x42a48000
[    2.488633] day32_edu_perf 0000:00:02.0: mmap ok: len=4096 pgoff=0 dma=0x42a48000
[    2.488898] day32_edu_perf 0000:00:02.0: mmap ok: len=4096 pgoff=0 dma=0x42a48000
[    2.489138] day32_edu_perf 0000:00:02.0: mmap ok: len=4096 pgoff=0 dma=0x42a48000
[    2.489367] day32_edu_perf 0000:00:02.0: mmap ok: len=4096 pgoff=0 dma=0x42a48000
[    2.489855] day32_edu_perf 0000:00:02.0: mmap ok: len=4096 pgoff=0 dma=0x42a48000
[    2.490160] day32_edu_perf 0000:00:02.0: mmap ok: len=4096 pgoff=0 dma=0x42a48000
[    2.490409] day32_edu_perf 0000:00:02.0: mmap ok: len=4096 pgoff=0 dma=0x42a48000
[    2.490646] day32_edu_perf 0000:00:02.0: mmap ok: len=4096 pgoff=0 dma=0x42a48000
[    2.490955] day32_edu_perf 0000:00:02.0: mmap ok: len=4096 pgoff=0 dma=0x42a48000
[    2.491198] day32_edu_perf 0000:00:02.0: mmap ok: len=4096 pgoff=0 dma=0x42a48000
[    2.491430] day32_edu_perf 0000:00:02.0: mmap ok: len=4096 pgoff=0 dma=0x42a48000
[    2.491663] day32_edu_perf 0000:00:02.0: mmap ok: len=4096 pgoff=0 dma=0x42a48000
[    2.491893] day32_edu_perf 0000:00:02.0: mmap ok: len=4096 pgoff=0 dma=0x42a48000
[    2.492124] day32_edu_perf 0000:00:02.0: mmap ok: len=4096 pgoff=0 dma=0x42a48000
[    2.492357] day32_edu_perf 0000:00:02.0: mmap ok: len=4096 pgoff=0 dma=0x42a48000
[    2.492589] day32_edu_perf 0000:00:02.0: mmap ok: len=4096 pgoff=0 dma=0x42a48000
[    2.492849] day32_edu_perf 0000:00:02.0: mmap ok: len=4096 pgoff=0 dma=0x42a48000
[    2.493097] day32_edu_perf 0000:00:02.0: mmap ok: len=4096 pgoff=0 dma=0x42a48000
[    2.493329] day32_edu_perf 0000:00:02.0: mmap ok: len=4096 pgoff=0 dma=0x42a48000
[    2.493565] day32_edu_perf 0000:00:02.0: mmap ok: len=4096 pgoff=0 dma=0x42a48000
[    2.494055] day32_edu_perf 0000:00:02.0: mmap ok: len=4096 pgoff=0 dma=0x42a48000
[    2.494314] day32_edu_perf 0000:00:02.0: mmap ok: len=4096 pgoff=0 dma=0x42a48000
[    2.494558] day32_edu_perf 0000:00:02.0: mmap ok: len=4096 pgoff=0 dma=0x42a48000
[    2.494855] day32_edu_perf 0000:00:02.0: mmap ok: len=4096 pgoff=0 dma=0x42a48000
[    2.495120] day32_edu_perf 0000:00:02.0: mmap ok: len=4096 pgoff=0 dma=0x42a48000
[    2.495356] day32_edu_perf 0000:00:02.0: mmap ok: len=4096 pgoff=0 dma=0x42a48000
[    2.495587] day32_edu_perf 0000:00:02.0: mmap ok: len=4096 pgoff=0 dma=0x42a48000
[    2.495818] day32_edu_perf 0000:00:02.0: mmap ok: len=4096 pgoff=0 dma=0x42a48000
[    2.496047] day32_edu_perf 0000:00:02.0: mmap ok: len=4096 pgoff=0 dma=0x42a48000
[    2.496278] day32_edu_perf 0000:00:02.0: mmap ok: len=4096 pgoff=0 dma=0x42a48000
[    2.496509] day32_edu_perf 0000:00:02.0: mmap ok: len=4096 pgoff=0 dma=0x42a48000
[    2.496739] day32_edu_perf 0000:00:02.0: mmap ok: len=4096 pgoff=0 dma=0x42a48000
[    2.497007] day32_edu_perf 0000:00:02.0: mmap ok: len=4096 pgoff=0 dma=0x42a48000
[    2.497242] day32_edu_perf 0000:00:02.0: mmap ok: len=4096 pgoff=0 dma=0x42a48000
[    2.497472] day32_edu_perf 0000:00:02.0: mmap ok: len=4096 pgoff=0 dma=0x42a48000
[    2.497701] day32_edu_perf 0000:00:02.0: mmap ok: len=4096 pgoff=0 dma=0x42a48000
[    2.498108] day32_edu_perf 0000:00:02.0: mmap ok: len=4096 pgoff=0 dma=0x42a48000
[    2.498764] day32_edu_perf 0000:00:02.0: mmap ok: len=4096 pgoff=0 dma=0x42a48000
[    2.499059] day32_edu_perf 0000:00:02.0: mmap ok: len=4096 pgoff=0 dma=0x42a48000
[    2.499485] day32_edu_perf 0000:00:02.0: mmap ok: len=4096 pgoff=0 dma=0x42a48000
[    2.499739] day32_edu_perf 0000:00:02.0: mmap ok: len=4096 pgoff=0 dma=0x42a48000
[    2.499972] day32_edu_perf 0000:00:02.0: mmap ok: len=4096 pgoff=0 dma=0x42a48000
[    2.500208] day32_edu_perf 0000:00:02.0: mmap ok: len=4096 pgoff=0 dma=0x42a48000
[    2.500444] day32_edu_perf 0000:00:02.0: mmap ok: len=4096 pgoff=0 dma=0x42a48000
[    2.500675] day32_edu_perf 0000:00:02.0: mmap ok: len=4096 pgoff=0 dma=0x42a48000
[    2.500974] day32_edu_perf 0000:00:02.0: mmap ok: len=4096 pgoff=0 dma=0x42a48000
[    2.501234] day32_edu_perf 0000:00:02.0: mmap ok: len=4096 pgoff=0 dma=0x42a48000
[    2.501468] day32_edu_perf 0000:00:02.0: mmap ok: len=4096 pgoff=0 dma=0x42a48000
[    2.501697] day32_edu_perf 0000:00:02.0: mmap ok: len=4096 pgoff=0 dma=0x42a48000
[    2.501957] day32_edu_perf 0000:00:02.0: mmap ok: len=4096 pgoff=0 dma=0x42a48000
[    2.502265] day32_edu_perf 0000:00:02.0: mmap ok: len=4096 pgoff=0 dma=0x42a48000
[    2.502530] day32_edu_perf 0000:00:02.0: mmap ok: len=4096 pgoff=0 dma=0x42a48000
[    2.502765] day32_edu_perf 0000:00:02.0: mmap ok: len=4096 pgoff=0 dma=0x42a48000
[    2.503130] day32_edu_perf 0000:00:02.0: mmap ok: len=4096 pgoff=0 dma=0x42a48000
[    2.503390] day32_edu_perf 0000:00:02.0: mmap ok: len=4096 pgoff=0 dma=0x42a48000
[    2.503629] day32_edu_perf 0000:00:02.0: mmap ok: len=4096 pgoff=0 dma=0x42a48000
[    2.503922] day32_edu_perf 0000:00:02.0: mmap ok: len=4096 pgoff=0 dma=0x42a48000
[    2.504188] day32_edu_perf 0000:00:02.0: mmap ok: len=4096 pgoff=0 dma=0x42a48000
[    2.504424] day32_edu_perf 0000:00:02.0: mmap ok: len=4096 pgoff=0 dma=0x42a48000
[    2.504656] day32_edu_perf 0000:00:02.0: mmap ok: len=4096 pgoff=0 dma=0x42a48000
[    2.504889] day32_edu_perf 0000:00:02.0: mmap ok: len=4096 pgoff=0 dma=0x42a48000
[    2.505121] day32_edu_perf 0000:00:02.0: mmap ok: len=4096 pgoff=0 dma=0x42a48000
[    2.505353] day32_edu_perf 0000:00:02.0: mmap ok: len=4096 pgoff=0 dma=0x42a48000
[    2.505583] day32_edu_perf 0000:00:02.0: mmap ok: len=4096 pgoff=0 dma=0x42a48000
[    2.505856] day32_edu_perf 0000:00:02.0: mmap ok: len=4096 pgoff=0 dma=0x42a48000
[    2.506106] day32_edu_perf 0000:00:02.0: mmap ok: len=4096 pgoff=0 dma=0x42a48000
[    2.506733] day32_edu_perf 0000:00:02.0: mmap ok: len=4096 pgoff=0 dma=0x42a48000
[    2.507037] day32_edu_perf 0000:00:02.0: mmap ok: len=4096 pgoff=0 dma=0x42a48000
[    2.507281] day32_edu_perf 0000:00:02.0: mmap ok: len=4096 pgoff=0 dma=0x42a48000
[    2.507516] day32_edu_perf 0000:00:02.0: mmap ok: len=4096 pgoff=0 dma=0x42a48000
[    2.507748] day32_edu_perf 0000:00:02.0: mmap ok: len=4096 pgoff=0 dma=0x42a48000
[    2.508240] day32_edu_perf 0000:00:02.0: mmap ok: len=4096 pgoff=0 dma=0x42a48000
[    2.508525] day32_edu_perf 0000:00:02.0: mmap ok: len=4096 pgoff=0 dma=0x42a48000
[    2.508765] day32_edu_perf 0000:00:02.0: mmap ok: len=4096 pgoff=0 dma=0x42a48000
[    2.508999] day32_edu_perf 0000:00:02.0: mmap ok: len=4096 pgoff=0 dma=0x42a48000
[    2.509237] day32_edu_perf 0000:00:02.0: mmap ok: len=4096 pgoff=0 dma=0x42a48000
[    2.509467] day32_edu_perf 0000:00:02.0: mmap ok: len=4096 pgoff=0 dma=0x42a48000
[    2.509698] day32_edu_perf 0000:00:02.0: mmap ok: len=4096 pgoff=0 dma=0x42a48000
[    2.509930] day32_edu_perf 0000:00:02.0: mmap ok: len=4096 pgoff=0 dma=0x42a48000
[    2.510158] day32_edu_perf 0000:00:02.0: mmap ok: len=4096 pgoff=0 dma=0x42a48000
[    2.510524] day32_edu_perf 0000:00:02.0: mmap ok: len=4096 pgoff=0 dma=0x42a48000
[    2.510783] day32_edu_perf 0000:00:02.0: mmap ok: len=4096 pgoff=0 dma=0x42a48000
[    2.511028] day32_edu_perf 0000:00:02.0: mmap ok: len=4096 pgoff=0 dma=0x42a48000
[    2.511265] day32_edu_perf 0000:00:02.0: mmap ok: len=4096 pgoff=0 dma=0x42a48000
[    2.511496] day32_edu_perf 0000:00:02.0: mmap ok: len=4096 pgoff=0 dma=0x42a48000
[    2.511735] day32_edu_perf 0000:00:02.0: mmap ok: len=4096 pgoff=0 dma=0x42a48000
[    2.511974] day32_edu_perf 0000:00:02.0: mmap ok: len=4096 pgoff=0 dma=0x42a48000
[    2.512203] day32_edu_perf 0000:00:02.0: mmap ok: len=4096 pgoff=0 dma=0x42a48000
[    2.512475] day32_edu_perf 0000:00:02.0: mmap ok: len=4096 pgoff=0 dma=0x42a48000
[    2.512709] day32_edu_perf 0000:00:02.0: mmap ok: len=4096 pgoff=0 dma=0x42a48000
[    2.512938] day32_edu_perf 0000:00:02.0: mmap ok: len=4096 pgoff=0 dma=0x42a48000
[    2.513168] day32_edu_perf 0000:00:02.0: mmap ok: len=4096 pgoff=0 dma=0x42a48000
[    2.513398] day32_edu_perf 0000:00:02.0: mmap ok: len=4096 pgoff=0 dma=0x42a48000
[    2.513628] day32_edu_perf 0000:00:02.0: mmap ok: len=4096 pgoff=0 dma=0x42a48000
[    2.513859] day32_edu_perf 0000:00:02.0: mmap ok: len=4096 pgoff=0 dma=0x42a48000
[    2.514089] day32_edu_perf 0000:00:02.0: mmap ok: len=4096 pgoff=0 dma=0x42a48000
[    2.514338] day32_edu_perf 0000:00:02.0: mmap ok: len=4096 pgoff=0 dma=0x42a48000
[    2.514803] day32_edu_perf 0000:00:02.0: mmap ok: len=4096 pgoff=0 dma=0x42a48000
[    2.515258] day32_edu_perf 0000:00:02.0: mmap ok: len=4096 pgoff=0 dma=0x42a48000
[    2.515519] day32_edu_perf 0000:00:02.0: mmap ok: len=4096 pgoff=0 dma=0x42a48000
[    2.515756] day32_edu_perf 0000:00:02.0: mmap ok: len=4096 pgoff=0 dma=0x42a48000
[    2.515991] day32_edu_perf 0000:00:02.0: mmap ok: len=4096 pgoff=0 dma=0x42a48000
[    2.516228] day32_edu_perf 0000:00:02.0: mmap ok: len=4096 pgoff=0 dma=0x42a48000
[    2.516541] day32_edu_perf 0000:00:02.0: mmap ok: len=4096 pgoff=0 dma=0x42a48000
[    2.516785] day32_edu_perf 0000:00:02.0: mmap ok: len=4096 pgoff=0 dma=0x42a48000
[    2.517018] day32_edu_perf 0000:00:02.0: mmap ok: len=4096 pgoff=0 dma=0x42a48000
[    2.517250] day32_edu_perf 0000:00:02.0: mmap ok: len=4096 pgoff=0 dma=0x42a48000
[    2.517486] day32_edu_perf 0000:00:02.0: mmap ok: len=4096 pgoff=0 dma=0x42a48000
[    2.517736] day32_edu_perf 0000:00:02.0: mmap ok: len=4096 pgoff=0 dma=0x42a48000
[    2.517968] day32_edu_perf 0000:00:02.0: mmap ok: len=4096 pgoff=0 dma=0x42a48000
[    2.518199] day32_edu_perf 0000:00:02.0: mmap ok: len=4096 pgoff=0 dma=0x42a48000
[    2.518469] day32_edu_perf 0000:00:02.0: mmap ok: len=4096 pgoff=0 dma=0x42a48000
[    2.518746] day32_edu_perf 0000:00:02.0: mmap ok: len=4096 pgoff=0 dma=0x42a48000
[    2.519022] day32_edu_perf 0000:00:02.0: mmap ok: len=4096 pgoff=0 dma=0x42a48000
[    2.519260] day32_edu_perf 0000:00:02.0: mmap ok: len=4096 pgoff=0 dma=0x42a48000
[    2.519550] day32_edu_perf 0000:00:02.0: mmap ok: len=4096 pgoff=0 dma=0x42a48000
[    2.519809] day32_edu_perf 0000:00:02.0: mmap ok: len=4096 pgoff=0 dma=0x42a48000
[    2.520123] day32_edu_perf 0000:00:02.0: mmap ok: len=4096 pgoff=0 dma=0x42a48000
[    2.520376] day32_edu_perf 0000:00:02.0: mmap ok: len=4096 pgoff=0 dma=0x42a48000
[    2.520608] day32_edu_perf 0000:00:02.0: mmap ok: len=4096 pgoff=0 dma=0x42a48000
[    2.520840] day32_edu_perf 0000:00:02.0: mmap ok: len=4096 pgoff=0 dma=0x42a48000
[    2.521073] day32_edu_perf 0000:00:02.0: mmap ok: len=4096 pgoff=0 dma=0x42a48000
[    2.521310] day32_edu_perf 0000:00:02.0: mmap ok: len=4096 pgoff=0 dma=0x42a48000
[    2.521543] day32_edu_perf 0000:00:02.0: mmap ok: len=4096 pgoff=0 dma=0x42a48000
[    2.521772] day32_edu_perf 0000:00:02.0: mmap ok: len=4096 pgoff=0 dma=0x42a48000
[    2.522002] day32_edu_perf 0000:00:02.0: mmap ok: len=4096 pgoff=0 dma=0x42a48000
[    2.522272] day32_edu_perf 0000:00:02.0: mmap ok: len=4096 pgoff=0 dma=0x42a48000
[    2.522507] day32_edu_perf 0000:00:02.0: mmap ok: len=4096 pgoff=0 dma=0x42a48000
[    2.522743] day32_edu_perf 0000:00:02.0: mmap ok: len=4096 pgoff=0 dma=0x42a48000
[    2.523234] day32_edu_perf 0000:00:02.0: mmap ok: len=4096 pgoff=0 dma=0x42a48000
[    2.523495] day32_edu_perf 0000:00:02.0: mmap ok: len=4096 pgoff=0 dma=0x42a48000
[    2.523731] day32_edu_perf 0000:00:02.0: mmap ok: len=4096 pgoff=0 dma=0x42a48000
[    2.523973] day32_edu_perf 0000:00:02.0: mmap ok: len=4096 pgoff=0 dma=0x42a48000
[    2.524287] day32_edu_perf 0000:00:02.0: mmap ok: len=4096 pgoff=0 dma=0x42a48000
[    2.524530] day32_edu_perf 0000:00:02.0: mmap ok: len=4096 pgoff=0 dma=0x42a48000
[    2.524762] day32_edu_perf 0000:00:02.0: mmap ok: len=4096 pgoff=0 dma=0x42a48000
[    2.524991] day32_edu_perf 0000:00:02.0: mmap ok: len=4096 pgoff=0 dma=0x42a48000
[    2.525228] day32_edu_perf 0000:00:02.0: mmap ok: len=4096 pgoff=0 dma=0x42a48000
[    2.525461] day32_edu_perf 0000:00:02.0: mmap ok: len=4096 pgoff=0 dma=0x42a48000
[    2.525691] day32_edu_perf 0000:00:02.0: mmap ok: len=4096 pgoff=0 dma=0x42a48000
[    2.525921] day32_edu_perf 0000:00:02.0: mmap ok: len=4096 pgoff=0 dma=0x42a48000
[    2.526182] day32_edu_perf 0000:00:02.0: mmap ok: len=4096 pgoff=0 dma=0x42a48000
[    2.526423] day32_edu_perf 0000:00:02.0: mmap ok: len=4096 pgoff=0 dma=0x42a48000
[    2.526652] day32_edu_perf 0000:00:02.0: mmap ok: len=4096 pgoff=0 dma=0x42a48000
[    2.526885] day32_edu_perf 0000:00:02.0: mmap ok: len=4096 pgoff=0 dma=0x42a48000
[    2.527221] day32_edu_perf 0000:00:02.0: mmap ok: len=4096 pgoff=0 dma=0x42a48000
[    2.527468] day32_edu_perf 0000:00:02.0: mmap ok: len=4096 pgoff=0 dma=0x42a48000
[    2.527710] day32_edu_perf 0000:00:02.0: mmap ok: len=4096 pgoff=0 dma=0x42a48000
[    2.528199] day32_edu_perf 0000:00:02.0: mmap ok: len=4096 pgoff=0 dma=0x42a48000
[    2.528450] day32_edu_perf 0000:00:02.0: mmap ok: len=4096 pgoff=0 dma=0x42a48000
[    2.528683] day32_edu_perf 0000:00:02.0: mmap ok: len=4096 pgoff=0 dma=0x42a48000
[    2.528998] day32_edu_perf 0000:00:02.0: mmap ok: len=4096 pgoff=0 dma=0x42a48000
[    2.529282] day32_edu_perf 0000:00:02.0: mmap ok: len=4096 pgoff=0 dma=0x42a48000
[    2.529517] day32_edu_perf 0000:00:02.0: mmap ok: len=4096 pgoff=0 dma=0x42a48000
[    2.529746] day32_edu_perf 0000:00:02.0: mmap ok: len=4096 pgoff=0 dma=0x42a48000
[    2.530002] day32_edu_perf 0000:00:02.0: mmap ok: len=4096 pgoff=0 dma=0x42a48000
[    2.530281] day32_edu_perf 0000:00:02.0: mmap ok: len=4096 pgoff=0 dma=0x42a48000
[    2.530527] day32_edu_perf 0000:00:02.0: mmap ok: len=4096 pgoff=0 dma=0x42a48000
[    2.530760] day32_edu_perf 0000:00:02.0: mmap ok: len=4096 pgoff=0 dma=0x42a48000
[    2.531316] day32_edu_perf 0000:00:02.0: mmap ok: len=4096 pgoff=0 dma=0x42a48000
[    2.531622] day32_edu_perf 0000:00:02.0: mmap ok: len=4096 pgoff=0 dma=0x42a48000
[    2.531907] day32_edu_perf 0000:00:02.0: mmap ok: len=4096 pgoff=0 dma=0x42a48000
[    2.532163] day32_edu_perf 0000:00:02.0: mmap ok: len=4096 pgoff=0 dma=0x42a48000
[    2.532400] day32_edu_perf 0000:00:02.0: mmap ok: len=4096 pgoff=0 dma=0x42a48000
[    2.532633] day32_edu_perf 0000:00:02.0: mmap ok: len=4096 pgoff=0 dma=0x42a48000
[    2.532867] day32_edu_perf 0000:00:02.0: mmap ok: len=4096 pgoff=0 dma=0x42a48000
[    2.533105] day32_edu_perf 0000:00:02.0: mmap ok: len=4096 pgoff=0 dma=0x42a48000
[    2.533339] day32_edu_perf 0000:00:02.0: mmap ok: len=4096 pgoff=0 dma=0x42a48000
[    2.533569] day32_edu_perf 0000:00:02.0: mmap ok: len=4096 pgoff=0 dma=0x42a48000
[    2.533799] day32_edu_perf 0000:00:02.0: mmap ok: len=4096 pgoff=0 dma=0x42a48000
[    2.534114] day32_edu_perf 0000:00:02.0: mmap ok: len=4096 pgoff=0 dma=0x42a48000
[    2.534356] day32_edu_perf 0000:00:02.0: mmap ok: len=4096 pgoff=0 dma=0x42a48000
[    2.534586] day32_edu_perf 0000:00:02.0: mmap ok: len=4096 pgoff=0 dma=0x42a48000
[    2.534817] day32_edu_perf 0000:00:02.0: mmap ok: len=4096 pgoff=0 dma=0x42a48000
[    2.535051] day32_edu_perf 0000:00:02.0: mmap ok: len=4096 pgoff=0 dma=0x42a48000
[    2.535340] day32_edu_perf 0000:00:02.0: mmap ok: len=4096 pgoff=0 dma=0x42a48000
[    2.535801] day32_edu_perf 0000:00:02.0: mmap ok: len=4096 pgoff=0 dma=0x42a48000
[    2.536089] day32_edu_perf 0000:00:02.0: mmap ok: len=4096 pgoff=0 dma=0x42a48000
[    2.536333] day32_edu_perf 0000:00:02.0: mmap ok: len=4096 pgoff=0 dma=0x42a48000
[    2.536571] day32_edu_perf 0000:00:02.0: mmap ok: len=4096 pgoff=0 dma=0x42a48000
[    2.536804] day32_edu_perf 0000:00:02.0: mmap ok: len=4096 pgoff=0 dma=0x42a48000
[    2.537051] day32_edu_perf 0000:00:02.0: mmap ok: len=4096 pgoff=0 dma=0x42a48000
[    2.537283] day32_edu_perf 0000:00:02.0: mmap ok: len=4096 pgoff=0 dma=0x42a48000
[    2.537514] day32_edu_perf 0000:00:02.0: mmap ok: len=4096 pgoff=0 dma=0x42a48000
[    2.537744] day32_edu_perf 0000:00:02.0: mmap ok: len=4096 pgoff=0 dma=0x42a48000
[    2.538052] day32_edu_perf 0000:00:02.0: mmap ok: len=4096 pgoff=0 dma=0x42a48000
[    2.538296] day32_edu_perf 0000:00:02.0: mmap ok: len=4096 pgoff=0 dma=0x42a48000
[    2.538529] day32_edu_perf 0000:00:02.0: mmap ok: len=4096 pgoff=0 dma=0x42a48000
[    2.538761] day32_edu_perf 0000:00:02.0: mmap ok: len=4096 pgoff=0 dma=0x42a48000
[    2.538998] day32_edu_perf 0000:00:02.0: mmap ok: len=4096 pgoff=0 dma=0x42a48000
[    2.539231] day32_edu_perf 0000:00:02.0: mmap ok: len=4096 pgoff=0 dma=0x42a48000
[    2.539519] day32_edu_perf 0000:00:02.0: mmap ok: len=4096 pgoff=0 dma=0x42a48000
[    2.540053] day32_edu_perf 0000:00:02.0: mmap ok: len=4096 pgoff=0 dma=0x42a48000
[    2.540313] day32_edu_perf 0000:00:02.0: mmap ok: len=4096 pgoff=0 dma=0x42a48000
[    2.540549] day32_edu_perf 0000:00:02.0: mmap ok: len=4096 pgoff=0 dma=0x42a48000
[    2.540780] day32_edu_perf 0000:00:02.0: mmap ok: len=4096 pgoff=0 dma=0x42a48000
[    2.541010] day32_edu_perf 0000:00:02.0: mmap ok: len=4096 pgoff=0 dma=0x42a48000
[    2.541248] day32_edu_perf 0000:00:02.0: mmap ok: len=4096 pgoff=0 dma=0x42a48000
[    2.541479] day32_edu_perf 0000:00:02.0: mmap ok: len=4096 pgoff=0 dma=0x42a48000
[    2.541708] day32_edu_perf 0000:00:02.0: mmap ok: len=4096 pgoff=0 dma=0x42a48000
[    2.542009] day32_edu_perf 0000:00:02.0: mmap ok: len=4096 pgoff=0 dma=0x42a48000
[    2.542276] day32_edu_perf 0000:00:02.0: mmap ok: len=4096 pgoff=0 dma=0x42a48000
[    2.542509] day32_edu_perf 0000:00:02.0: mmap ok: len=4096 pgoff=0 dma=0x42a48000
[    2.542738] day32_edu_perf 0000:00:02.0: mmap ok: len=4096 pgoff=0 dma=0x42a48000
[    2.542969] day32_edu_perf 0000:00:02.0: mmap ok: len=4096 pgoff=0 dma=0x42a48000
[    2.543204] day32_edu_perf 0000:00:02.0: mmap ok: len=4096 pgoff=0 dma=0x42a48000
[    2.543433] day32_edu_perf 0000:00:02.0: mmap ok: len=4096 pgoff=0 dma=0x42a48000
[    2.543709] day32_edu_perf 0000:00:02.0: mmap ok: len=4096 pgoff=0 dma=0x42a48000
[    2.544164] day32_edu_perf 0000:00:02.0: mmap ok: len=4096 pgoff=0 dma=0x42a48000
[    2.544430] day32_edu_perf 0000:00:02.0: mmap ok: len=4096 pgoff=0 dma=0x42a48000
[    2.544669] day32_edu_perf 0000:00:02.0: mmap ok: len=4096 pgoff=0 dma=0x42a48000
[    2.544902] day32_edu_perf 0000:00:02.0: mmap ok: len=4096 pgoff=0 dma=0x42a48000
[    2.545135] day32_edu_perf 0000:00:02.0: mmap ok: len=4096 pgoff=0 dma=0x42a48000
[    2.545371] day32_edu_perf 0000:00:02.0: mmap ok: len=4096 pgoff=0 dma=0x42a48000
[    2.545604] day32_edu_perf 0000:00:02.0: mmap ok: len=4096 pgoff=0 dma=0x42a48000
[    2.545833] day32_edu_perf 0000:00:02.0: mmap ok: len=4096 pgoff=0 dma=0x42a48000
[    2.546140] day32_edu_perf 0000:00:02.0: mmap ok: len=4096 pgoff=0 dma=0x42a48000
[    2.546380] day32_edu_perf 0000:00:02.0: mmap ok: len=4096 pgoff=0 dma=0x42a48000
[    2.546611] day32_edu_perf 0000:00:02.0: mmap ok: len=4096 pgoff=0 dma=0x42a48000
[    2.546840] day32_edu_perf 0000:00:02.0: mmap ok: len=4096 pgoff=0 dma=0x42a48000
[    2.547073] day32_edu_perf 0000:00:02.0: mmap ok: len=4096 pgoff=0 dma=0x42a48000
[    2.547304] day32_edu_perf 0000:00:02.0: mmap ok: len=4096 pgoff=0 dma=0x42a48000
[    2.547534] day32_edu_perf 0000:00:02.0: mmap ok: len=4096 pgoff=0 dma=0x42a48000
[    2.547763] day32_edu_perf 0000:00:02.0: mmap ok: len=4096 pgoff=0 dma=0x42a48000
[    2.548882] day32_edu_perf 0000:00:02.0: mmap ok: len=4096 pgoff=0 dma=0x42a48000
[    2.549172] day32_edu_perf 0000:00:02.0: mmap ok: len=4096 pgoff=0 dma=0x42a48000
[    2.549413] day32_edu_perf 0000:00:02.0: mmap ok: len=4096 pgoff=0 dma=0x42a48000
[    2.549732] day32_edu_perf 0000:00:02.0: mmap ok: len=4096 pgoff=0 dma=0x42a48000
[    2.550334] day32_edu_perf 0000:00:02.0: mmap ok: len=4096 pgoff=0 dma=0x42a48000
[    2.550868] day32_edu_perf 0000:00:02.0: mmap ok: len=4096 pgoff=0 dma=0x42a48000
[    2.551107] day32_edu_perf 0000:00:02.0: mmap ok: len=4096 pgoff=0 dma=0x42a48000
[    2.551340] day32_edu_perf 0000:00:02.0: mmap ok: len=4096 pgoff=0 dma=0x42a48000
[    2.551615] day32_edu_perf 0000:00:02.0: mmap ok: len=4096 pgoff=0 dma=0x42a48000
[    2.551850] day32_edu_perf 0000:00:02.0: mmap ok: len=4096 pgoff=0 dma=0x42a48000
[    2.552249] day32_edu_perf 0000:00:02.0: mmap ok: len=4096 pgoff=0 dma=0x42a48000
[    2.552829] day32_edu_perf 0000:00:02.0: mmap ok: len=4096 pgoff=0 dma=0x42a48000
[    2.553111] day32_edu_perf 0000:00:02.0: mmap ok: len=4096 pgoff=0 dma=0x42a48000
[    2.553353] day32_edu_perf 0000:00:02.0: mmap ok: len=4096 pgoff=0 dma=0x42a48000
[    2.553586] day32_edu_perf 0000:00:02.0: mmap ok: len=4096 pgoff=0 dma=0x42a48000
[    2.553898] day32_edu_perf 0000:00:02.0: mmap ok: len=4096 pgoff=0 dma=0x42a48000
[    2.554140] day32_edu_perf 0000:00:02.0: mmap ok: len=4096 pgoff=0 dma=0x42a48000
[    2.554410] day32_edu_perf 0000:00:02.0: mmap ok: len=4096 pgoff=0 dma=0x42a48000
[    2.554646] day32_edu_perf 0000:00:02.0: mmap ok: len=4096 pgoff=0 dma=0x42a48000
[    2.554882] day32_edu_perf 0000:00:02.0: mmap ok: len=4096 pgoff=0 dma=0x42a48000
[    2.555112] day32_edu_perf 0000:00:02.0: mmap ok: len=4096 pgoff=0 dma=0x42a48000
[    2.555340] day32_edu_perf 0000:00:02.0: mmap ok: len=4096 pgoff=0 dma=0x42a48000
[    2.555570] day32_edu_perf 0000:00:02.0: mmap ok: len=4096 pgoff=0 dma=0x42a48000
[    2.555797] day32_edu_perf 0000:00:02.0: mmap ok: len=4096 pgoff=0 dma=0x42a48000
[    2.556026] day32_edu_perf 0000:00:02.0: mmap ok: len=4096 pgoff=0 dma=0x42a48000
[    2.556870] day32_edu_perf 0000:00:02.0: mmap ok: len=4096 pgoff=0 dma=0x42a48000
[    2.557190] day32_edu_perf 0000:00:02.0: mmap ok: len=4096 pgoff=0 dma=0x42a48000
[    2.557548] day32_edu_perf 0000:00:02.0: mmap ok: len=4096 pgoff=0 dma=0x42a48000
[    2.557845] day32_edu_perf 0000:00:02.0: mmap ok: len=4096 pgoff=0 dma=0x42a48000
[    2.558082] day32_edu_perf 0000:00:02.0: mmap ok: len=4096 pgoff=0 dma=0x42a48000
[    2.558316] day32_edu_perf 0000:00:02.0: mmap ok: len=4096 pgoff=0 dma=0x42a48000
[    2.558551] day32_edu_perf 0000:00:02.0: mmap ok: len=4096 pgoff=0 dma=0x42a48000
[    2.558782] day32_edu_perf 0000:00:02.0: mmap ok: len=4096 pgoff=0 dma=0x42a48000
[    2.559012] day32_edu_perf 0000:00:02.0: mmap ok: len=4096 pgoff=0 dma=0x42a48000
[    2.559243] day32_edu_perf 0000:00:02.0: mmap ok: len=4096 pgoff=0 dma=0x42a48000
[    2.559473] day32_edu_perf 0000:00:02.0: mmap ok: len=4096 pgoff=0 dma=0x42a48000
[    2.559730] day32_edu_perf 0000:00:02.0: mmap ok: len=4096 pgoff=0 dma=0x42a48000
[    2.559977] day32_edu_perf 0000:00:02.0: mmap ok: len=4096 pgoff=0 dma=0x42a48000
[    2.560212] day32_edu_perf 0000:00:02.0: mmap ok: len=4096 pgoff=0 dma=0x42a48000
[    2.560634] day32_edu_perf 0000:00:02.0: mmap ok: len=4096 pgoff=0 dma=0x42a48000
[    2.561138] day32_edu_perf 0000:00:02.0: mmap ok: len=4096 pgoff=0 dma=0x42a48000
[    2.561409] day32_edu_perf 0000:00:02.0: mmap ok: len=4096 pgoff=0 dma=0x42a48000
[    2.561751] day32_edu_perf 0000:00:02.0: mmap ok: len=4096 pgoff=0 dma=0x42a48000
[    2.562023] day32_edu_perf 0000:00:02.0: mmap ok: len=4096 pgoff=0 dma=0x42a48000
[    2.562262] day32_edu_perf 0000:00:02.0: mmap ok: len=4096 pgoff=0 dma=0x42a48000
[    2.562494] day32_edu_perf 0000:00:02.0: mmap ok: len=4096 pgoff=0 dma=0x42a48000
[    2.562730] day32_edu_perf 0000:00:02.0: mmap ok: len=4096 pgoff=0 dma=0x42a48000
[    2.562963] day32_edu_perf 0000:00:02.0: mmap ok: len=4096 pgoff=0 dma=0x42a48000
[    2.563194] day32_edu_perf 0000:00:02.0: mmap ok: len=4096 pgoff=0 dma=0x42a48000
[    2.563424] day32_edu_perf 0000:00:02.0: mmap ok: len=4096 pgoff=0 dma=0x42a48000
[    2.563695] day32_edu_perf 0000:00:02.0: mmap ok: len=4096 pgoff=0 dma=0x42a48000
[    2.563928] day32_edu_perf 0000:00:02.0: mmap ok: len=4096 pgoff=0 dma=0x42a48000
[    2.564164] day32_edu_perf 0000:00:02.0: mmap ok: len=4096 pgoff=0 dma=0x42a48000
[    2.564426] day32_edu_perf 0000:00:02.0: mmap ok: len=4096 pgoff=0 dma=0x42a48000
[    2.565067] day32_edu_perf 0000:00:02.0: mmap ok: len=4096 pgoff=0 dma=0x42a48000
[    2.565485] day32_edu_perf 0000:00:02.0: mmap ok: len=4096 pgoff=0 dma=0x42a48000
[    2.565851] day32_edu_perf 0000:00:02.0: mmap ok: len=4096 pgoff=0 dma=0x42a48000
[    2.566326] day32_edu_perf 0000:00:02.0: mmap ok: len=4096 pgoff=0 dma=0x42a48000
[    2.566633] day32_edu_perf 0000:00:02.0: mmap ok: len=4096 pgoff=0 dma=0x42a48000
[    2.566878] day32_edu_perf 0000:00:02.0: mmap ok: len=4096 pgoff=0 dma=0x42a48000
[    2.567114] day32_edu_perf 0000:00:02.0: mmap ok: len=4096 pgoff=0 dma=0x42a48000
[    2.567474] day32_edu_perf 0000:00:02.0: mmap ok: len=4096 pgoff=0 dma=0x42a48000
[    2.567720] day32_edu_perf 0000:00:02.0: mmap ok: len=4096 pgoff=0 dma=0x42a48000
[    2.567953] day32_edu_perf 0000:00:02.0: mmap ok: len=4096 pgoff=0 dma=0x42a48000
[    2.568186] day32_edu_perf 0000:00:02.0: mmap ok: len=4096 pgoff=0 dma=0x42a48000
[    2.568416] day32_edu_perf 0000:00:02.0: mmap ok: len=4096 pgoff=0 dma=0x42a48000
[    2.568725] day32_edu_perf 0000:00:02.0: mmap ok: len=4096 pgoff=0 dma=0x42a48000
[    2.569192] day32_edu_perf 0000:00:02.0: mmap ok: len=4096 pgoff=0 dma=0x42a48000
[    2.569457] day32_edu_perf 0000:00:02.0: mmap ok: len=4096 pgoff=0 dma=0x42a48000
[    2.569696] day32_edu_perf 0000:00:02.0: mmap ok: len=4096 pgoff=0 dma=0x42a48000
[    2.569928] day32_edu_perf 0000:00:02.0: mmap ok: len=4096 pgoff=0 dma=0x42a48000
[    2.570160] day32_edu_perf 0000:00:02.0: mmap ok: len=4096 pgoff=0 dma=0x42a48000
[    2.570398] day32_edu_perf 0000:00:02.0: mmap ok: len=4096 pgoff=0 dma=0x42a48000
[    2.570633] day32_edu_perf 0000:00:02.0: mmap ok: len=4096 pgoff=0 dma=0x42a48000
[    2.570864] day32_edu_perf 0000:00:02.0: mmap ok: len=4096 pgoff=0 dma=0x42a48000
[    2.571125] day32_edu_perf 0000:00:02.0: mmap ok: len=4096 pgoff=0 dma=0x42a48000
[    2.571370] day32_edu_perf 0000:00:02.0: mmap ok: len=4096 pgoff=0 dma=0x42a48000
[    2.571601] day32_edu_perf 0000:00:02.0: mmap ok: len=4096 pgoff=0 dma=0x42a48000
[    2.571844] day32_edu_perf 0000:00:02.0: mmap ok: len=4096 pgoff=0 dma=0x42a48000
[    2.572074] day32_edu_perf 0000:00:02.0: mmap ok: len=4096 pgoff=0 dma=0x42a48000
[    2.572304] day32_edu_perf 0000:00:02.0: mmap ok: len=4096 pgoff=0 dma=0x42a48000
[    2.572534] day32_edu_perf 0000:00:02.0: mmap ok: len=4096 pgoff=0 dma=0x42a48000
[    2.572829] day32_edu_perf 0000:00:02.0: mmap ok: len=4096 pgoff=0 dma=0x42a48000
[    2.573422] day32_edu_perf 0000:00:02.0: mmap ok: len=4096 pgoff=0 dma=0x42a48000
[    2.573720] day32_edu_perf 0000:00:02.0: mmap ok: len=4096 pgoff=0 dma=0x42a48000
[    2.573963] day32_edu_perf 0000:00:02.0: mmap ok: len=4096 pgoff=0 dma=0x42a48000
[    2.574196] day32_edu_perf 0000:00:02.0: mmap ok: len=4096 pgoff=0 dma=0x42a48000
[    2.574428] day32_edu_perf 0000:00:02.0: mmap ok: len=4096 pgoff=0 dma=0x42a48000
[    2.574663] day32_edu_perf 0000:00:02.0: mmap ok: len=4096 pgoff=0 dma=0x42a48000
[    2.574978] day32_edu_perf 0000:00:02.0: mmap ok: len=4096 pgoff=0 dma=0x42a48000
[    2.575221] day32_edu_perf 0000:00:02.0: mmap ok: len=4096 pgoff=0 dma=0x42a48000
[    2.575452] day32_edu_perf 0000:00:02.0: mmap ok: len=4096 pgoff=0 dma=0x42a48000
[    2.575680] day32_edu_perf 0000:00:02.0: mmap ok: len=4096 pgoff=0 dma=0x42a48000
[    2.575915] day32_edu_perf 0000:00:02.0: mmap ok: len=4096 pgoff=0 dma=0x42a48000
[    2.576146] day32_edu_perf 0000:00:02.0: mmap ok: len=4096 pgoff=0 dma=0x42a48000
[    2.576377] day32_edu_perf 0000:00:02.0: mmap ok: len=4096 pgoff=0 dma=0x42a48000
[    2.576619] day32_edu_perf 0000:00:02.0: mmap ok: len=4096 pgoff=0 dma=0x42a48000
[    2.576893] day32_edu_perf 0000:00:02.0: mmap ok: len=4096 pgoff=0 dma=0x42a48000
[    2.577322] day32_edu_perf 0000:00:02.0: mmap ok: len=4096 pgoff=0 dma=0x42a48000
[    2.577582] day32_edu_perf 0000:00:02.0: mmap ok: len=4096 pgoff=0 dma=0x42a48000
[    2.577825] day32_edu_perf 0000:00:02.0: mmap ok: len=4096 pgoff=0 dma=0x42a48000
[    2.578068] day32_edu_perf 0000:00:02.0: mmap ok: len=4096 pgoff=0 dma=0x42a48000
[    2.578302] day32_edu_perf 0000:00:02.0: mmap ok: len=4096 pgoff=0 dma=0x42a48000
[    2.578532] day32_edu_perf 0000:00:02.0: mmap ok: len=4096 pgoff=0 dma=0x42a48000
[    2.578762] day32_edu_perf 0000:00:02.0: mmap ok: len=4096 pgoff=0 dma=0x42a48000
[    2.579081] day32_edu_perf 0000:00:02.0: mmap ok: len=4096 pgoff=0 dma=0x42a48000
[    2.579328] day32_edu_perf 0000:00:02.0: mmap ok: len=4096 pgoff=0 dma=0x42a48000
[    2.579562] day32_edu_perf 0000:00:02.0: mmap ok: len=4096 pgoff=0 dma=0x42a48000
[    2.579796] day32_edu_perf 0000:00:02.0: mmap ok: len=4096 pgoff=0 dma=0x42a48000
[    2.580033] day32_edu_perf 0000:00:02.0: mmap ok: len=4096 pgoff=0 dma=0x42a48000
[    2.580263] day32_edu_perf 0000:00:02.0: mmap ok: len=4096 pgoff=0 dma=0x42a48000
[    2.580492] day32_edu_perf 0000:00:02.0: mmap ok: len=4096 pgoff=0 dma=0x42a48000
[    2.580721] day32_edu_perf 0000:00:02.0: mmap ok: len=4096 pgoff=0 dma=0x42a48000
[    2.580993] day32_edu_perf 0000:00:02.0: mmap ok: len=4096 pgoff=0 dma=0x42a48000
[    2.581450] day32_edu_perf 0000:00:02.0: mmap ok: len=4096 pgoff=0 dma=0x42a48000
[    2.581742] day32_edu_perf 0000:00:02.0: mmap ok: len=4096 pgoff=0 dma=0x42a48000
[    2.581989] day32_edu_perf 0000:00:02.0: mmap ok: len=4096 pgoff=0 dma=0x42a48000
[    2.582228] day32_edu_perf 0000:00:02.0: mmap ok: len=4096 pgoff=0 dma=0x42a48000
[    2.582460] day32_edu_perf 0000:00:02.0: mmap ok: len=4096 pgoff=0 dma=0x42a48000
[    2.582692] day32_edu_perf 0000:00:02.0: mmap ok: len=4096 pgoff=0 dma=0x42a48000
[    2.583053] day32_edu_perf 0000:00:02.0: mmap ok: len=4096 pgoff=0 dma=0x42a48000
[    2.583305] day32_edu_perf 0000:00:02.0: mmap ok: len=4096 pgoff=0 dma=0x42a48000
[    2.583537] day32_edu_perf 0000:00:02.0: mmap ok: len=4096 pgoff=0 dma=0x42a48000
[    2.583766] day32_edu_perf 0000:00:02.0: mmap ok: len=4096 pgoff=0 dma=0x42a48000
[    2.583997] day32_edu_perf 0000:00:02.0: mmap ok: len=4096 pgoff=0 dma=0x42a48000
[    2.584226] day32_edu_perf 0000:00:02.0: mmap ok: len=4096 pgoff=0 dma=0x42a48000
[    2.584453] day32_edu_perf 0000:00:02.0: mmap ok: len=4096 pgoff=0 dma=0x42a48000
[    2.584682] day32_edu_perf 0000:00:02.0: mmap ok: len=4096 pgoff=0 dma=0x42a48000
[    2.584945] day32_edu_perf 0000:00:02.0: mmap ok: len=4096 pgoff=0 dma=0x42a48000
[    2.585185] day32_edu_perf 0000:00:02.0: mmap ok: len=4096 pgoff=0 dma=0x42a48000
[    2.585611] day32_edu_perf 0000:00:02.0: mmap ok: len=4096 pgoff=0 dma=0x42a48000
[    2.585939] day32_edu_perf 0000:00:02.0: mmap ok: len=4096 pgoff=0 dma=0x42a48000
[    2.586251] day32_edu_perf 0000:00:02.0: mmap ok: len=4096 pgoff=0 dma=0x42a48000
[    2.586494] day32_edu_perf 0000:00:02.0: mmap ok: len=4096 pgoff=0 dma=0x42a48000
[    2.586728] day32_edu_perf 0000:00:02.0: mmap ok: len=4096 pgoff=0 dma=0x42a48000
[    2.587038] day32_edu_perf 0000:00:02.0: mmap ok: len=4096 pgoff=0 dma=0x42a48000
[    2.587279] day32_edu_perf 0000:00:02.0: mmap ok: len=4096 pgoff=0 dma=0x42a48000
[    2.587511] day32_edu_perf 0000:00:02.0: mmap ok: len=4096 pgoff=0 dma=0x42a48000
[    2.587741] day32_edu_perf 0000:00:02.0: mmap ok: len=4096 pgoff=0 dma=0x42a48000
[    2.587970] day32_edu_perf 0000:00:02.0: mmap ok: len=4096 pgoff=0 dma=0x42a48000
[    2.588201] day32_edu_perf 0000:00:02.0: mmap ok: len=4096 pgoff=0 dma=0x42a48000
[    2.588437] day32_edu_perf 0000:00:02.0: mmap ok: len=4096 pgoff=0 dma=0x42a48000
[    2.588678] day32_edu_perf 0000:00:02.0: mmap ok: len=4096 pgoff=0 dma=0x42a48000
[    2.588942] day32_edu_perf 0000:00:02.0: mmap ok: len=4096 pgoff=0 dma=0x42a48000
[    2.589185] day32_edu_perf 0000:00:02.0: mmap ok: len=4096 pgoff=0 dma=0x42a48000
[    2.589447] day32_edu_perf 0000:00:02.0: mmap ok: len=4096 pgoff=0 dma=0x42a48000
[    2.590007] day32_edu_perf 0000:00:02.0: mmap ok: len=4096 pgoff=0 dma=0x42a48000
[    2.590272] day32_edu_perf 0000:00:02.0: mmap ok: len=4096 pgoff=0 dma=0x42a48000
[    2.590520] day32_edu_perf 0000:00:02.0: mmap ok: len=4096 pgoff=0 dma=0x42a48000
[    2.590818] day32_edu_perf 0000:00:02.0: mmap ok: len=4096 pgoff=0 dma=0x42a48000
[    2.591072] day32_edu_perf 0000:00:02.0: mmap ok: len=4096 pgoff=0 dma=0x42a48000
[    2.591337] day32_edu_perf 0000:00:02.0: mmap ok: len=4096 pgoff=0 dma=0x42a48000
[    2.591574] day32_edu_perf 0000:00:02.0: mmap ok: len=4096 pgoff=0 dma=0x42a48000
[    2.591805] day32_edu_perf 0000:00:02.0: mmap ok: len=4096 pgoff=0 dma=0x42a48000
[    2.592033] day32_edu_perf 0000:00:02.0: mmap ok: len=4096 pgoff=0 dma=0x42a48000
[    2.592262] day32_edu_perf 0000:00:02.0: mmap ok: len=4096 pgoff=0 dma=0x42a48000
[    2.592490] day32_edu_perf 0000:00:02.0: mmap ok: len=4096 pgoff=0 dma=0x42a48000
[    2.592718] day32_edu_perf 0000:00:02.0: mmap ok: len=4096 pgoff=0 dma=0x42a48000
[    2.592948] day32_edu_perf 0000:00:02.0: mmap ok: len=4096 pgoff=0 dma=0x42a48000
[    2.593177] day32_edu_perf 0000:00:02.0: mmap ok: len=4096 pgoff=0 dma=0x42a48000
[    2.593445] day32_edu_perf 0000:00:02.0: mmap ok: len=4096 pgoff=0 dma=0x42a48000
[    2.593730] day32_edu_perf 0000:00:02.0: mmap ok: len=4096 pgoff=0 dma=0x42a48000
[    2.594353] day32_edu_perf 0000:00:02.0: mmap ok: len=4096 pgoff=0 dma=0x42a48000
[    2.594628] day32_edu_perf 0000:00:02.0: mmap ok: len=4096 pgoff=0 dma=0x42a48000
[    2.594927] day32_edu_perf 0000:00:02.0: mmap ok: len=4096 pgoff=0 dma=0x42a48000
[    2.595331] day32_edu_perf 0000:00:02.0: mmap ok: len=4096 pgoff=0 dma=0x42a48000
[    2.595613] day32_edu_perf 0000:00:02.0: mmap ok: len=4096 pgoff=0 dma=0x42a48000
[    2.595877] day32_edu_perf 0000:00:02.0: mmap ok: len=4096 pgoff=0 dma=0x42a48000
[    2.596114] day32_edu_perf 0000:00:02.0: mmap ok: len=4096 pgoff=0 dma=0x42a48000
[    2.596353] day32_edu_perf 0000:00:02.0: mmap ok: len=4096 pgoff=0 dma=0x42a48000
[    2.596585] day32_edu_perf 0000:00:02.0: mmap ok: len=4096 pgoff=0 dma=0x42a48000
[    2.596817] day32_edu_perf 0000:00:02.0: mmap ok: len=4096 pgoff=0 dma=0x42a48000
[    2.597049] day32_edu_perf 0000:00:02.0: mmap ok: len=4096 pgoff=0 dma=0x42a48000
[    2.597282] day32_edu_perf 0000:00:02.0: mmap ok: len=4096 pgoff=0 dma=0x42a48000
[    2.597514] day32_edu_perf 0000:00:02.0: mmap ok: len=4096 pgoff=0 dma=0x42a48000
[    2.597928] day32_edu_perf 0000:00:02.0: mmap ok: len=4096 pgoff=0 dma=0x42a48000
[    2.598330] day32_edu_perf 0000:00:02.0: mmap ok: len=4096 pgoff=0 dma=0x42a48000
[    2.598587] day32_edu_perf 0000:00:02.0: mmap ok: len=4096 pgoff=0 dma=0x42a48000
[    2.598822] day32_edu_perf 0000:00:02.0: mmap ok: len=4096 pgoff=0 dma=0x42a48000
[    2.599052] day32_edu_perf 0000:00:02.0: mmap ok: len=4096 pgoff=0 dma=0x42a48000
[    2.599283] day32_edu_perf 0000:00:02.0: mmap ok: len=4096 pgoff=0 dma=0x42a48000
[    2.599522] day32_edu_perf 0000:00:02.0: mmap ok: len=4096 pgoff=0 dma=0x42a48000
[    2.599790] day32_edu_perf 0000:00:02.0: mmap ok: len=4096 pgoff=0 dma=0x42a48000
[    2.600033] day32_edu_perf 0000:00:02.0: mmap ok: len=4096 pgoff=0 dma=0x42a48000
[    2.600264] day32_edu_perf 0000:00:02.0: mmap ok: len=4096 pgoff=0 dma=0x42a48000
[    2.600493] day32_edu_perf 0000:00:02.0: mmap ok: len=4096 pgoff=0 dma=0x42a48000
[    2.600723] day32_edu_perf 0000:00:02.0: mmap ok: len=4096 pgoff=0 dma=0x42a48000
[    2.600952] day32_edu_perf 0000:00:02.0: mmap ok: len=4096 pgoff=0 dma=0x42a48000
[    2.601182] day32_edu_perf 0000:00:02.0: mmap ok: len=4096 pgoff=0 dma=0x42a48000
[    2.601412] day32_edu_perf 0000:00:02.0: mmap ok: len=4096 pgoff=0 dma=0x42a48000
[    2.601680] day32_edu_perf 0000:00:02.0: mmap ok: len=4096 pgoff=0 dma=0x42a48000
[    2.601944] day32_edu_perf 0000:00:02.0: mmap ok: len=4096 pgoff=0 dma=0x42a48000
[    2.602428] day32_edu_perf 0000:00:02.0: mmap ok: len=4096 pgoff=0 dma=0x42a48000
[    2.602685] day32_edu_perf 0000:00:02.0: mmap ok: len=4096 pgoff=0 dma=0x42a48000
[    2.602937] day32_edu_perf 0000:00:02.0: mmap ok: len=4096 pgoff=0 dma=0x42a48000
[    2.603188] day32_edu_perf 0000:00:02.0: mmap ok: len=4096 pgoff=0 dma=0x42a48000
[    2.603465] day32_edu_perf 0000:00:02.0: mmap ok: len=4096 pgoff=0 dma=0x42a48000
[    2.603865] day32_edu_perf 0000:00:02.0: mmap ok: len=4096 pgoff=0 dma=0x42a48000
[    2.604107] day32_edu_perf 0000:00:02.0: mmap ok: len=4096 pgoff=0 dma=0x42a48000
[    2.604341] day32_edu_perf 0000:00:02.0: mmap ok: len=4096 pgoff=0 dma=0x42a48000
[    2.604571] day32_edu_perf 0000:00:02.0: mmap ok: len=4096 pgoff=0 dma=0x42a48000
[    2.604804] day32_edu_perf 0000:00:02.0: mmap ok: len=4096 pgoff=0 dma=0x42a48000
[    2.605035] day32_edu_perf 0000:00:02.0: mmap ok: len=4096 pgoff=0 dma=0x42a48000
[    2.605266] day32_edu_perf 0000:00:02.0: mmap ok: len=4096 pgoff=0 dma=0x42a48000
[    2.605558] day32_edu_perf 0000:00:02.0: mmap ok: len=4096 pgoff=0 dma=0x42a48000
[    2.605810] day32_edu_perf 0000:00:02.0: mmap ok: len=4096 pgoff=0 dma=0x42a48000
[    2.606052] day32_edu_perf 0000:00:02.0: mmap ok: len=4096 pgoff=0 dma=0x42a48000
[    2.606457] day32_edu_perf 0000:00:02.0: mmap ok: len=4096 pgoff=0 dma=0x42a48000
[    2.606826] day32_edu_perf 0000:00:02.0: mmap ok: len=4096 pgoff=0 dma=0x42a48000
[    2.607088] day32_edu_perf 0000:00:02.0: mmap ok: len=4096 pgoff=0 dma=0x42a48000
[    2.607326] day32_edu_perf 0000:00:02.0: mmap ok: len=4096 pgoff=0 dma=0x42a48000
[    2.607602] day32_edu_perf 0000:00:02.0: mmap ok: len=4096 pgoff=0 dma=0x42a48000
[    2.607840] day32_edu_perf 0000:00:02.0: mmap ok: len=4096 pgoff=0 dma=0x42a48000
[    2.608078] day32_edu_perf 0000:00:02.0: mmap ok: len=4096 pgoff=0 dma=0x42a48000
[    2.608310] day32_edu_perf 0000:00:02.0: mmap ok: len=4096 pgoff=0 dma=0x42a48000
[    2.608538] day32_edu_perf 0000:00:02.0: mmap ok: len=4096 pgoff=0 dma=0x42a48000
[    2.608769] day32_edu_perf 0000:00:02.0: mmap ok: len=4096 pgoff=0 dma=0x42a48000
[    2.608999] day32_edu_perf 0000:00:02.0: mmap ok: len=4096 pgoff=0 dma=0x42a48000
[    2.609230] day32_edu_perf 0000:00:02.0: mmap ok: len=4096 pgoff=0 dma=0x42a48000
[    2.609484] day32_edu_perf 0000:00:02.0: mmap ok: len=4096 pgoff=0 dma=0x42a48000
[    2.609731] day32_edu_perf 0000:00:02.0: mmap ok: len=4096 pgoff=0 dma=0x42a48000
[    2.609964] day32_edu_perf 0000:00:02.0: mmap ok: len=4096 pgoff=0 dma=0x42a48000
[    2.610196] day32_edu_perf 0000:00:02.0: mmap ok: len=4096 pgoff=0 dma=0x42a48000
[    2.610621] day32_edu_perf 0000:00:02.0: mmap ok: len=4096 pgoff=0 dma=0x42a48000
[    2.610912] day32_edu_perf 0000:00:02.0: mmap ok: len=4096 pgoff=0 dma=0x42a48000
[    2.611161] day32_edu_perf 0000:00:02.0: mmap ok: len=4096 pgoff=0 dma=0x42a48000
[    2.611611] day32_edu_perf 0000:00:02.0: mmap ok: len=4096 pgoff=0 dma=0x42a48000
[    2.611879] day32_edu_perf 0000:00:02.0: mmap ok: len=4096 pgoff=0 dma=0x42a48000
[    2.612114] day32_edu_perf 0000:00:02.0: mmap ok: len=4096 pgoff=0 dma=0x42a48000
[    2.612460] day32_edu_perf 0000:00:02.0: mmap ok: len=4096 pgoff=0 dma=0x42a48000
[    2.612700] day32_edu_perf 0000:00:02.0: mmap ok: len=4096 pgoff=0 dma=0x42a48000
[    2.612931] day32_edu_perf 0000:00:02.0: mmap ok: len=4096 pgoff=0 dma=0x42a48000
[    2.613161] day32_edu_perf 0000:00:02.0: mmap ok: len=4096 pgoff=0 dma=0x42a48000
[    2.613431] day32_edu_perf 0000:00:02.0: mmap ok: len=4096 pgoff=0 dma=0x42a48000
[    2.613666] day32_edu_perf 0000:00:02.0: mmap ok: len=4096 pgoff=0 dma=0x42a48000
[    2.613897] day32_edu_perf 0000:00:02.0: mmap ok: len=4096 pgoff=0 dma=0x42a48000
[    2.614127] day32_edu_perf 0000:00:02.0: mmap ok: len=4096 pgoff=0 dma=0x42a48000
[    2.614358] day32_edu_perf 0000:00:02.0: mmap ok: len=4096 pgoff=0 dma=0x42a48000
[    2.614642] day32_edu_perf 0000:00:02.0: mmap ok: len=4096 pgoff=0 dma=0x42a48000
[    2.614931] day32_edu_perf 0000:00:02.0: mmap ok: len=4096 pgoff=0 dma=0x42a48000
[    2.615175] day32_edu_perf 0000:00:02.0: mmap ok: len=4096 pgoff=0 dma=0x42a48000
[    2.615453] day32_edu_perf 0000:00:02.0: mmap ok: len=4096 pgoff=0 dma=0x42a48000
[    2.615687] day32_edu_perf 0000:00:02.0: mmap ok: len=4096 pgoff=0 dma=0x42a48000
[    2.615925] day32_edu_perf 0000:00:02.0: mmap ok: len=4096 pgoff=0 dma=0x42a48000
[    2.616160] day32_edu_perf 0000:00:02.0: mmap ok: len=4096 pgoff=0 dma=0x42a48000
[    2.616392] day32_edu_perf 0000:00:02.0: mmap ok: len=4096 pgoff=0 dma=0x42a48000
[    2.616623] day32_edu_perf 0000:00:02.0: mmap ok: len=4096 pgoff=0 dma=0x42a48000
[    2.616852] day32_edu_perf 0000:00:02.0: mmap ok: len=4096 pgoff=0 dma=0x42a48000
[    2.617080] day32_edu_perf 0000:00:02.0: mmap ok: len=4096 pgoff=0 dma=0x42a48000
[    2.617348] day32_edu_perf 0000:00:02.0: mmap ok: len=4096 pgoff=0 dma=0x42a48000
[    2.617581] day32_edu_perf 0000:00:02.0: mmap ok: len=4096 pgoff=0 dma=0x42a48000
[    2.617811] day32_edu_perf 0000:00:02.0: mmap ok: len=4096 pgoff=0 dma=0x42a48000
[    2.618037] day32_edu_perf 0000:00:02.0: mmap ok: len=4096 pgoff=0 dma=0x42a48000
[    2.618265] day32_edu_perf 0000:00:02.0: mmap ok: len=4096 pgoff=0 dma=0x42a48000
[    2.618492] day32_edu_perf 0000:00:02.0: mmap ok: len=4096 pgoff=0 dma=0x42a48000
[    2.618786] day32_edu_perf 0000:00:02.0: mmap ok: len=4096 pgoff=0 dma=0x42a48000
[    2.619252] day32_edu_perf 0000:00:02.0: mmap ok: len=4096 pgoff=0 dma=0x42a48000
[    2.619521] day32_edu_perf 0000:00:02.0: mmap ok: len=4096 pgoff=0 dma=0x42a48000
[    2.619761] day32_edu_perf 0000:00:02.0: mmap ok: len=4096 pgoff=0 dma=0x42a48000
[    2.620050] day32_edu_perf 0000:00:02.0: mmap ok: len=4096 pgoff=0 dma=0x42a48000
[    2.620292] day32_edu_perf 0000:00:02.0: mmap ok: len=4096 pgoff=0 dma=0x42a48000
[    2.620524] day32_edu_perf 0000:00:02.0: mmap ok: len=4096 pgoff=0 dma=0x42a48000
[    2.620754] day32_edu_perf 0000:00:02.0: mmap ok: len=4096 pgoff=0 dma=0x42a48000
[    2.620988] day32_edu_perf 0000:00:02.0: mmap ok: len=4096 pgoff=0 dma=0x42a48000
[    2.621241] day32_edu_perf 0000:00:02.0: mmap ok: len=4096 pgoff=0 dma=0x42a48000
[    2.621494] day32_edu_perf 0000:00:02.0: mmap ok: len=4096 pgoff=0 dma=0x42a48000
[    2.621726] day32_edu_perf 0000:00:02.0: mmap ok: len=4096 pgoff=0 dma=0x42a48000
[    2.621956] day32_edu_perf 0000:00:02.0: mmap ok: len=4096 pgoff=0 dma=0x42a48000
[    2.622185] day32_edu_perf 0000:00:02.0: mmap ok: len=4096 pgoff=0 dma=0x42a48000
[    2.622414] day32_edu_perf 0000:00:02.0: mmap ok: len=4096 pgoff=0 dma=0x42a48000
[    2.622642] day32_edu_perf 0000:00:02.0: mmap ok: len=4096 pgoff=0 dma=0x42a48000
[    2.622917] day32_edu_perf 0000:00:02.0: mmap ok: len=4096 pgoff=0 dma=0x42a48000
[    2.623914] day32_edu_perf 0000:00:02.0: mmap ok: len=4096 pgoff=0 dma=0x42a48000
[    2.624275] day32_edu_perf 0000:00:02.0: mmap ok: len=4096 pgoff=0 dma=0x42a48000
[    2.624523] day32_edu_perf 0000:00:02.0: mmap ok: len=4096 pgoff=0 dma=0x42a48000
[    2.624763] day32_edu_perf 0000:00:02.0: mmap ok: len=4096 pgoff=0 dma=0x42a48000
[    2.624999] day32_edu_perf 0000:00:02.0: mmap ok: len=4096 pgoff=0 dma=0x42a48000
[    2.625235] day32_edu_perf 0000:00:02.0: mmap ok: len=4096 pgoff=0 dma=0x42a48000
[    2.625467] day32_edu_perf 0000:00:02.0: mmap ok: len=4096 pgoff=0 dma=0x42a48000
[    2.625698] day32_edu_perf 0000:00:02.0: mmap ok: len=4096 pgoff=0 dma=0x42a48000
[    2.626003] day32_edu_perf 0000:00:02.0: mmap ok: len=4096 pgoff=0 dma=0x42a48000
[    2.626241] day32_edu_perf 0000:00:02.0: mmap ok: len=4096 pgoff=0 dma=0x42a48000
[    2.626472] day32_edu_perf 0000:00:02.0: mmap ok: len=4096 pgoff=0 dma=0x42a48000
[    2.626702] day32_edu_perf 0000:00:02.0: mmap ok: len=4096 pgoff=0 dma=0x42a48000
[    2.626956] day32_edu_perf 0000:00:02.0: mmap ok: len=4096 pgoff=0 dma=0x42a48000
[    2.627605] day32_edu_perf 0000:00:02.0: mmap ok: len=4096 pgoff=0 dma=0x42a48000
[    2.627928] day32_edu_perf 0000:00:02.0: mmap ok: len=4096 pgoff=0 dma=0x42a48000
[    2.628172] day32_edu_perf 0000:00:02.0: mmap ok: len=4096 pgoff=0 dma=0x42a48000
[    2.628411] day32_edu_perf 0000:00:02.0: mmap ok: len=4096 pgoff=0 dma=0x42a48000
[    2.628648] day32_edu_perf 0000:00:02.0: mmap ok: len=4096 pgoff=0 dma=0x42a48000
[    2.628887] day32_edu_perf 0000:00:02.0: mmap ok: len=4096 pgoff=0 dma=0x42a48000
[    2.629127] day32_edu_perf 0000:00:02.0: mmap ok: len=4096 pgoff=0 dma=0x42a48000
[    2.629358] day32_edu_perf 0000:00:02.0: mmap ok: len=4096 pgoff=0 dma=0x42a48000
[    2.629588] day32_edu_perf 0000:00:02.0: mmap ok: len=4096 pgoff=0 dma=0x42a48000
[    2.629882] day32_edu_perf 0000:00:02.0: mmap ok: len=4096 pgoff=0 dma=0x42a48000
[    2.630140] day32_edu_perf 0000:00:02.0: mmap ok: len=4096 pgoff=0 dma=0x42a48000
[    2.630373] day32_edu_perf 0000:00:02.0: mmap ok: len=4096 pgoff=0 dma=0x42a48000
[    2.630604] day32_edu_perf 0000:00:02.0: mmap ok: len=4096 pgoff=0 dma=0x42a48000
[    2.630834] day32_edu_perf 0000:00:02.0: mmap ok: len=4096 pgoff=0 dma=0x42a48000
[    2.631085] day32_edu_perf 0000:00:02.0: mmap ok: len=4096 pgoff=0 dma=0x42a48000
[    2.631561] day32_edu_perf 0000:00:02.0: mmap ok: len=4096 pgoff=0 dma=0x42a48000
[    2.631849] day32_edu_perf 0000:00:02.0: mmap ok: len=4096 pgoff=0 dma=0x42a48000
[    2.632102] day32_edu_perf 0000:00:02.0: mmap ok: len=4096 pgoff=0 dma=0x42a48000
[    2.632339] day32_edu_perf 0000:00:02.0: mmap ok: len=4096 pgoff=0 dma=0x42a48000
[    2.632572] day32_edu_perf 0000:00:02.0: mmap ok: len=4096 pgoff=0 dma=0x42a48000
[    2.632803] day32_edu_perf 0000:00:02.0: mmap ok: len=4096 pgoff=0 dma=0x42a48000
[    2.633034] day32_edu_perf 0000:00:02.0: mmap ok: len=4096 pgoff=0 dma=0x42a48000
[    2.633271] day32_edu_perf 0000:00:02.0: mmap ok: len=4096 pgoff=0 dma=0x42a48000
[    2.633503] day32_edu_perf 0000:00:02.0: mmap ok: len=4096 pgoff=0 dma=0x42a48000
[    2.633737] day32_edu_perf 0000:00:02.0: mmap ok: len=4096 pgoff=0 dma=0x42a48000
[    2.634053] day32_edu_perf 0000:00:02.0: mmap ok: len=4096 pgoff=0 dma=0x42a48000
[    2.634296] day32_edu_perf 0000:00:02.0: mmap ok: len=4096 pgoff=0 dma=0x42a48000
[    2.634528] day32_edu_perf 0000:00:02.0: mmap ok: len=4096 pgoff=0 dma=0x42a48000
[    2.634760] day32_edu_perf 0000:00:02.0: mmap ok: len=4096 pgoff=0 dma=0x42a48000
[    2.634995] day32_edu_perf 0000:00:02.0: mmap ok: len=4096 pgoff=0 dma=0x42a48000
[    2.635230] day32_edu_perf 0000:00:02.0: mmap ok: len=4096 pgoff=0 dma=0x42a48000
[    2.635690] day32_edu_perf 0000:00:02.0: mmap ok: len=4096 pgoff=0 dma=0x42a48000
[    2.635980] day32_edu_perf 0000:00:02.0: mmap ok: len=4096 pgoff=0 dma=0x42a48000
[    2.636228] day32_edu_perf 0000:00:02.0: mmap ok: len=4096 pgoff=0 dma=0x42a48000
[    2.636461] day32_edu_perf 0000:00:02.0: mmap ok: len=4096 pgoff=0 dma=0x42a48000
[    2.636694] day32_edu_perf 0000:00:02.0: mmap ok: len=4096 pgoff=0 dma=0x42a48000
[    2.636924] day32_edu_perf 0000:00:02.0: mmap ok: len=4096 pgoff=0 dma=0x42a48000
[    2.637159] day32_edu_perf 0000:00:02.0: mmap ok: len=4096 pgoff=0 dma=0x42a48000
[    2.637391] day32_edu_perf 0000:00:02.0: mmap ok: len=4096 pgoff=0 dma=0x42a48000
[    2.637622] day32_edu_perf 0000:00:02.0: mmap ok: len=4096 pgoff=0 dma=0x42a48000
[    2.637917] day32_edu_perf 0000:00:02.0: mmap ok: len=4096 pgoff=0 dma=0x42a48000
[    2.638173] day32_edu_perf 0000:00:02.0: mmap ok: len=4096 pgoff=0 dma=0x42a48000
[    2.638407] day32_edu_perf 0000:00:02.0: mmap ok: len=4096 pgoff=0 dma=0x42a48000
[    2.638635] day32_edu_perf 0000:00:02.0: mmap ok: len=4096 pgoff=0 dma=0x42a48000
[    2.638869] day32_edu_perf 0000:00:02.0: mmap ok: len=4096 pgoff=0 dma=0x42a48000
[    2.639103] day32_edu_perf 0000:00:02.0: mmap ok: len=4096 pgoff=0 dma=0x42a48000
[    2.639331] day32_edu_perf 0000:00:02.0: mmap ok: len=4096 pgoff=0 dma=0x42a48000
[    2.639664] day32_edu_perf 0000:00:02.0: mmap ok: len=4096 pgoff=0 dma=0x42a48000
[    2.640269] day32_edu_perf 0000:00:02.0: mmap ok: len=4096 pgoff=0 dma=0x42a48000
[    2.640525] day32_edu_perf 0000:00:02.0: mmap ok: len=4096 pgoff=0 dma=0x42a48000
[    2.640761] day32_edu_perf 0000:00:02.0: mmap ok: len=4096 pgoff=0 dma=0x42a48000
[    2.640994] day32_edu_perf 0000:00:02.0: mmap ok: len=4096 pgoff=0 dma=0x42a48000
[    2.641232] day32_edu_perf 0000:00:02.0: mmap ok: len=4096 pgoff=0 dma=0x42a48000
[    2.641474] day32_edu_perf 0000:00:02.0: mmap ok: len=4096 pgoff=0 dma=0x42a48000
[    2.641705] day32_edu_perf 0000:00:02.0: mmap ok: len=4096 pgoff=0 dma=0x42a48000
[    2.642022] day32_edu_perf 0000:00:02.0: mmap ok: len=4096 pgoff=0 dma=0x42a48000
[    2.642266] day32_edu_perf 0000:00:02.0: mmap ok: len=4096 pgoff=0 dma=0x42a48000
[    2.642499] day32_edu_perf 0000:00:02.0: mmap ok: len=4096 pgoff=0 dma=0x42a48000
[    2.642731] day32_edu_perf 0000:00:02.0: mmap ok: len=4096 pgoff=0 dma=0x42a48000
[    2.642967] day32_edu_perf 0000:00:02.0: mmap ok: len=4096 pgoff=0 dma=0x42a48000
[    2.643197] day32_edu_perf 0000:00:02.0: mmap ok: len=4096 pgoff=0 dma=0x42a48000
[    2.643427] day32_edu_perf 0000:00:02.0: mmap ok: len=4096 pgoff=0 dma=0x42a48000
[    2.643903] day32_edu_perf 0000:00:02.0: mmap ok: len=4096 pgoff=0 dma=0x42a48000
[    2.644211] day32_edu_perf 0000:00:02.0: mmap ok: len=4096 pgoff=0 dma=0x42a48000
[    2.644461] day32_edu_perf 0000:00:02.0: mmap ok: len=4096 pgoff=0 dma=0x42a48000
[    2.644701] day32_edu_perf 0000:00:02.0: mmap ok: len=4096 pgoff=0 dma=0x42a48000
[    2.644934] day32_edu_perf 0000:00:02.0: mmap ok: len=4096 pgoff=0 dma=0x42a48000
[    2.645164] day32_edu_perf 0000:00:02.0: mmap ok: len=4096 pgoff=0 dma=0x42a48000
[    2.645401] day32_edu_perf 0000:00:02.0: mmap ok: len=4096 pgoff=0 dma=0x42a48000
[    2.645636] day32_edu_perf 0000:00:02.0: mmap ok: len=4096 pgoff=0 dma=0x42a48000
[    2.645925] day32_edu_perf 0000:00:02.0: mmap ok: len=4096 pgoff=0 dma=0x42a48000
[    2.646183] day32_edu_perf 0000:00:02.0: mmap ok: len=4096 pgoff=0 dma=0x42a48000
[    2.646415] day32_edu_perf 0000:00:02.0: mmap ok: len=4096 pgoff=0 dma=0x42a48000
[    2.646645] day32_edu_perf 0000:00:02.0: mmap ok: len=4096 pgoff=0 dma=0x42a48000
[    2.646875] day32_edu_perf 0000:00:02.0: mmap ok: len=4096 pgoff=0 dma=0x42a48000
[    2.647109] day32_edu_perf 0000:00:02.0: mmap ok: len=4096 pgoff=0 dma=0x42a48000
[    2.647340] day32_edu_perf 0000:00:02.0: mmap ok: len=4096 pgoff=0 dma=0x42a48000
[    2.647570] day32_edu_perf 0000:00:02.0: mmap ok: len=4096 pgoff=0 dma=0x42a48000
[    2.647903] day32_edu_perf 0000:00:02.0: mmap ok: len=4096 pgoff=0 dma=0x42a48000
[    2.648603] day32_edu_perf 0000:00:02.0: mmap ok: len=4096 pgoff=0 dma=0x42a48000
[    2.648945] day32_edu_perf 0000:00:02.0: mmap ok: len=4096 pgoff=0 dma=0x42a48000
[    2.649301] day32_edu_perf 0000:00:02.0: mmap ok: len=4096 pgoff=0 dma=0x42a48000
[    2.649562] day32_edu_perf 0000:00:02.0: mmap ok: len=4096 pgoff=0 dma=0x42a48000
[    2.650300] day32_edu_perf 0000:00:02.0: mmap ok: len=4096 pgoff=0 dma=0x42a48000
compare_mode=mmap
payload_bytes=256
iterations=1000
warmup=100
baseline_avg_us=268.957
optimized_avg_us=0.943
avg_latency_gain_pct=99.65
baseline_p99_us=628.160
optimized_p99_us=0.944
p99_latency_gain_pct=99.85
baseline_throughput_mbps=6.853
optimized_throughput_mbps=1708.261
throughput_gain_pct=24826.37
===DAY32:COMPARE_MMAP:END===
===DAY32:BENCH_IOCTL:BEGIN===
mode=ioctl
payload_bytes=0
iterations=1000
warmup=100
success_ops=1000
failed_ops=0
success_rate=100.00
wall_total_us=18497.54
avg_us=16.291
p50_us=14.496
p95_us=20.416
p99_us=46.160
min_us=14.320
max_us=408.224
throughput_mbps=0.000
cpu_user_pct=37.091
cpu_sys_pct=59.170
csv,mode=ioctl,payload_bytes=0,iterations=1000,warmup=100,success_ops=1000,failed_ops=0,success_rate=100.00,avg_us=16.291,p50_us=14.496,p95_us=20.416,p99_us=46.160,min_us=14.320,max_us=408.224,throughput_mbps=0.000,cpu_user_pct=37.091,cpu_sys_pct=59.170
===DAY32:BENCH_IOCTL:END===
===DAY32:BENCH_DMA_LITE:BEGIN===
[    2.684022] day32_edu_perf 0000:00:02.0: mmap ok: len=4096 pgoff=0 dma=0x42a48000
mode=dma
payload_bytes=64
iterations=32
warmup=4
success_ops=32
failed_ops=0
success_rate=100.00
wall_total_us=7243375.54
avg_us=201041.057
p50_us=200039.840
p95_us=204498.752
p99_us=207965.824
min_us=199690.592
max_us=207965.824
throughput_mbps=0.002
cpu_user_pct=0.034
cpu_sys_pct=98.386
csv,mode=dma,payload_bytes=64,iterations=32,warmup=4,success_ops=32,failed_ops=0,success_rate=100.00,avg_us=201041.057,p50_us=200039.840,p95_us=204498.752,p99_us=207965.824,min_us=199690.592,max_us=207965.824,throughput_mbps=0.002,cpu_user_pct=0.034,cpu_sys_pct=98.386
===DAY32:BENCH_DMA_LITE:END===
===DAY32:RUN_RESULT:BEGIN===
total_run_calls=37
total_run_ok=37
total_run_fail=0
last_run_ns=203713568
run_len=64
run_seed=0x64
run_ok=1
run_error=0
irq_delta=2
last_dma_cmd=0x00000007
mmap_ok=1
mmap_error=0
mmap_len=4096
mmap_pgoff=0
===DAY32:RUN_RESULT:END===
===DAY32:DEVICE_STATE_AFTER:BEGIN===
vendor=0x1234 device=0x11e8
bar0_start=0x10000000 bar0_len=0x100000
irq_vector=50 irq_count=74 msi_enabled=1
last_irq_status=0x00000100 last_ack_value=0x00000100
dma_handle=0x42a48000 dma_bytes=4096 dma_mask_bits=32
map_bytes=4096 src_off=0 dst_off=2048 max_verify_len=2048
total_run_calls=37 total_run_ok=37 total_run_fail=0 last_run_ns=203713568
run_len=64 run_seed=0x64 run_ok=1 r===DAY32:DEVICE_STATE_AFTER:END===
===DAY32:PROC_INTERRUPTS_AFTER:BEGIN===
           CPU0       
 11:       2126     GIC-0  27 Level     arch_timer
 46:          0     GIC-0  34 Level     rtc-pl031
 47:          0     GIC-0  33 Level     uart-pl011
 48:          0     GIC-0  23 Level     arm-pmu
 50:         74       MSI 32768 Edge      day32_edu_perf
IPI0:         0       Rescheduling interrupts
IPI1:         0       Function call interrupts
IPI2:         0       CPU stop interrupts
IPI3:         0       CPU stop (for crash dump) interrupts
IPI4:         0       Timer broadcast interrupts
IPI5:         0       IRQ work interrupts
IPI6:         0       CPU wake-up interrupts
Err:          0
===DAY32:PROC_INTERRUPTS_AFTER:END===
===DAY32:DMESG_DRIVER:BEGIN===
[    2.209180] day32_edu_perf 0000:00:02.0: mmap ok: len=4096 pgoff=0 dma=0x42a48000
[    2.209447] day32_edu_perf 0000:00:02.0: mmap ok: len=4096 pgoff=0 dma=0x42a48000
[    2.209681] day32_edu_perf 0000:00:02.0: mmap ok: len=4096 pgoff=0 dma=0x42a48000
[    2.209911] day32_edu_perf 0000:00:02.0: mmap ok: len=4096 pgoff=0 dma=0x42a48000
[    2.210141] day32_edu_perf 0000:00:02.0: mmap ok: len=4096 pgoff=0 dma=0x42a48000
[    2.210774] day32_edu_perf 0000:00:02.0: mmap ok: len=4096 pgoff=0 dma=0x42a48000
[    2.211484] day32_edu_perf 0000:00:02.0: mmap ok: len=4096 pgoff=0 dma=0x42a48000
[    2.211756] day32_edu_perf 0000:00:02.0: mmap ok: len=4096 pgoff=0 dma=0x42a48000
[    2.211993] day32_edu_perf 0000:00:02.0: mmap ok: len=4096 pgoff=0 dma=0x42a48000
[    2.212223] day32_edu_perf 0000:00:02.0: mmap ok: len=4096 pgoff=0 dma=0x42a48000
[    2.212450] day32_edu_perf 0000:00:02.0: mmap ok: len=4096 pgoff=0 dma=0x42a48000
[    2.212678] day32_edu_perf 0000:00:02.0: mmap ok: len=4096 pgoff=0 dma=0x42a48000
[    2.212969] day32_edu_perf 0000:00:02.0: mmap ok: len=4096 pgoff=0 dma=0x42a48000
[    2.213329] day32_edu_perf 0000:00:02.0: mmap ok: len=4096 pgoff=0 dma=0x42a48000
[    2.213627] day32_edu_perf 0000:00:02.0: mmap ok: len=4096 pgoff=0 dma=0x42a48000
[    2.213920] day32_edu_perf 0000:00:02.0: mmap ok: len=4096 pgoff=0 dma=0x42a48000
[    2.214210] day32_edu_perf 0000:00:02.0: mmap ok: len=4096 pgoff=0 dma=0x42a48000
[    2.214531] day32_edu_perf 0000:00:02.0: mmap ok: len=4096 pgoff=0 dma=0x42a48000
[    2.214900] day32_edu_perf 0000:00:02.0: mmap ok: len=4096 pgoff=0 dma=0x42a48000
[    2.215146] day32_edu_perf 0000:00:02.0: mmap ok: len=4096 pgoff=0 dma=0x42a48000
[    2.215389] day32_edu_perf 0000:00:02.0: mmap ok: len=4096 pgoff=0 dma=0x42a48000
[    2.215623] day32_edu_perf 0000:00:02.0: mmap ok: len=4096 pgoff=0 dma=0x42a48000
[    2.215856] day32_edu_perf 0000:00:02.0: mmap ok: len=4096 pgoff=0 dma=0x42a48000
[    2.216087] day32_edu_perf 0000:00:02.0: mmap ok: len=4096 pgoff=0 dma=0x42a48000
[    2.216326] day32_edu_perf 0000:00:02.0: mmap ok: len=4096 pgoff=0 dma=0x42a48000
[    2.216560] day32_edu_perf 0000:00:02.0: mmap ok: len=4096 pgoff=0 dma=0x42a48000
[    2.216831] day32_edu_perf 0000:00:02.0: mmap ok: len=4096 pgoff=0 dma=0x42a48000
[    2.217067] day32_edu_perf 0000:00:02.0: mmap ok: len=4096 pgoff=0 dma=0x42a48000
[    2.217299] day32_edu_perf 0000:00:02.0: mmap ok: len=4096 pgoff=0 dma=0x42a48000
[    2.217528] day32_edu_perf 0000:00:02.0: mmap ok: len=4096 pgoff=0 dma=0x42a48000
[    2.217761] day32_edu_perf 0000:00:02.0: mmap ok: len=4096 pgoff=0 dma=0x42a48000
[    2.217992] day32_edu_perf 0000:00:02.0: mmap ok: len=4096 pgoff=0 dma=0x42a48000
[    2.218221] day32_edu_perf 0000:00:02.0: mmap ok: len=4096 pgoff=0 dma=0x42a48000
[    2.218450] day32_edu_perf 0000:00:02.0: mmap ok: len=4096 pgoff=0 dma=0x42a48000
[    2.218764] day32_edu_perf 0000:00:02.0: mmap ok: len=4096 pgoff=0 dma=0x42a48000
[    2.219451] day32_edu_perf 0000:00:02.0: mmap ok: len=4096 pgoff=0 dma=0x42a48000
[    2.219735] day32_edu_perf 0000:00:02.0: mmap ok: len=4096 pgoff=0 dma=0x42a48000
[    2.220042] day32_edu_perf 0000:00:02.0: mmap ok: len=4096 pgoff=0 dma=0x42a48000
[    2.220289] day32_edu_perf 0000:00:02.0: mmap ok: len=4096 pgoff=0 dma=0x42a48000
[    2.220521] day32_edu_perf 0000:00:02.0: mmap ok: len=4096 pgoff=0 dma=0x42a48000
[    2.220752] day32_edu_perf 0000:00:02.0: mmap ok: len=4096 pgoff=0 dma=0x42a48000
[    2.220980] day32_edu_perf 0000:00:02.0: mmap ok: len=4096 pgoff=0 dma=0x42a48000
[    2.221210] day32_edu_perf 0000:00:02.0: mmap ok: len=4096 pgoff=0 dma=0x42a48000
[    2.221447] day32_edu_perf 0000:00:02.0: mmap ok: len=4096 pgoff=0 dma=0x42a48000
[    2.221754] day32_edu_perf 0000:00:02.0: mmap ok: len=4096 pgoff=0 dma=0x42a48000
[    2.221994] day32_edu_perf 0000:00:02.0: mmap ok: len=4096 pgoff=0 dma=0x42a48000
[    2.222225] day32_edu_perf 0000:00:02.0: mmap ok: len=4096 pgoff=0 dma=0x42a48000
[    2.222476] day32_edu_perf 0000:00:02.0: mmap ok: len=4096 pgoff=0 dma=0x42a48000
[    2.222726] day32_edu_perf 0000:00:02.0: mmap ok: len=4096 pgoff=0 dma=0x42a48000
[    2.223130] day32_edu_perf 0000:00:02.0: mmap ok: len=4096 pgoff=0 dma=0x42a48000
[    2.223382] day32_edu_perf 0000:00:02.0: mmap ok: len=4096 pgoff=0 dma=0x42a48000
[    2.223659] day32_edu_perf 0000:00:02.0: mmap ok: len=4096 pgoff=0 dma=0x42a48000
[    2.223906] day32_edu_perf 0000:00:02.0: mmap ok: len=4096 pgoff=0 dma=0x42a48000
[    2.224139] day32_edu_perf 0000:00:02.0: mmap ok: len=4096 pgoff=0 dma=0x42a48000
[    2.224370] day32_edu_perf 0000:00:02.0: mmap ok: len=4096 pgoff=0 dma=0x42a48000
[    2.224606] day32_edu_perf 0000:00:02.0: mmap ok: len=4096 pgoff=0 dma=0x42a48000
[    2.224839] day32_edu_perf 0000:00:02.0: mmap ok: len=4096 pgoff=0 dma=0x42a48000
[    2.225069] day32_edu_perf 0000:00:02.0: mmap ok: len=4096 pgoff=0 dma=0x42a48000
[    2.225300] day32_edu_perf 0000:00:02.0: mmap ok: len=4096 pgoff=0 dma=0x42a48000
[    2.225531] day32_edu_perf 0000:00:02.0: mmap ok: len=4096 pgoff=0 dma=0x42a48000
[    2.225808] day32_edu_perf 0000:00:02.0: mmap ok: len=4096 pgoff=0 dma=0x42a48000
[    2.226043] day32_edu_perf 0000:00:02.0: mmap ok: len=4096 pgoff=0 dma=0x42a48000
[    2.226273] day32_edu_perf 0000:00:02.0: mmap ok: len=4096 pgoff=0 dma=0x42a48000
[    2.226503] day32_edu_perf 0000:00:02.0: mmap ok: len=4096 pgoff=0 dma=0x42a48000
[    2.226732] day32_edu_perf 0000:00:02.0: mmap ok: len=4096 pgoff=0 dma=0x42a48000
[    2.227010] day32_edu_perf 0000:00:02.0: mmap ok: len=4096 pgoff=0 dma=0x42a48000
[    2.227449] day32_edu_perf 0000:00:02.0: mmap ok: len=4096 pgoff=0 dma=0x42a48000
[    2.227740] day32_edu_perf 0000:00:02.0: mmap ok: len=4096 pgoff=0 dma=0x42a48000
[    2.227982] day32_edu_perf 0000:00:02.0: mmap ok: len=4096 pgoff=0 dma=0x42a48000
[    2.228215] day32_edu_perf 0000:00:02.0: mmap ok: len=4096 pgoff=0 dma=0x42a48000
[    2.228445] day32_edu_perf 0000:00:02.0: mmap ok: len=4096 pgoff=0 dma=0x42a48000
[    2.228685] day32_edu_perf 0000:00:02.0: mmap ok: len=4096 pgoff=0 dma=0x42a48000
[    2.228919] day32_edu_perf 0000:00:02.0: mmap ok: len=4096 pgoff=0 dma=0x42a48000
[    2.229151] day32_edu_perf 0000:00:02.0: mmap ok: len=4096 pgoff=0 dma=0x42a48000
[    2.229380] day32_edu_perf 0000:00:02.0: mmap ok: len=4096 pgoff=0 dma=0x42a48000
[    2.229641] day32_edu_perf 0000:00:02.0: mmap ok: len=4096 pgoff=0 dma=0x42a48000
[    2.229885] day32_edu_perf 0000:00:02.0: mmap ok: len=4096 pgoff=0 dma=0x42a48000
[    2.230116] day32_edu_perf 0000:00:02.0: mmap ok: len=4096 pgoff=0 dma=0x42a48000
[    2.230345] day32_edu_perf 0000:00:02.0: mmap ok: len=4096 pgoff=0 dma=0x42a48000
[    2.230573] day32_edu_perf 0000:00:02.0: mmap ok: len=4096 pgoff=0 dma=0x42a48000
[    2.230802] day32_edu_perf 0000:00:02.0: mmap ok: len=4096 pgoff=0 dma=0x42a48000
[    2.231035] day32_edu_perf 0000:00:02.0: mmap ok: len=4096 pgoff=0 dma=0x42a48000
[    2.231636] day32_edu_perf 0000:00:02.0: mmap ok: len=4096 pgoff=0 dma=0x42a48000
[    2.231891] day32_edu_perf 0000:00:02.0: mmap ok: len=4096 pgoff=0 dma=0x42a48000
[    2.232137] day32_edu_perf 0000:00:02.0: mmap ok: len=4096 pgoff=0 dma=0x42a48000
[    2.232372] day32_edu_perf 0000:00:02.0: mmap ok: len=4096 pgoff=0 dma=0x42a48000
[    2.232604] day32_edu_perf 0000:00:02.0: mmap ok: len=4096 pgoff=0 dma=0x42a48000
[    2.232833] day32_edu_perf 0000:00:02.0: mmap ok: len=4096 pgoff=0 dma=0x42a48000
[    2.233063] day32_edu_perf 0000:00:02.0: mmap ok: len=4096 pgoff=0 dma=0x42a48000
[    2.233300] day32_edu_perf 0000:00:02.0: mmap ok: len=4096 pgoff=0 dma=0x42a48000
[    2.233609] day32_edu_perf 0000:00:02.0: mmap ok: len=4096 pgoff=0 dma=0x42a48000
[    2.233861] day32_edu_perf 0000:00:02.0: mmap ok: len=4096 pgoff=0 dma=0x42a48000
[    2.234099] day32_edu_perf 0000:00:02.0: mmap ok: len=4096 pgoff=0 dma=0x42a48000
[    2.234331] day32_edu_perf 0000:00:02.0: mmap ok: len=4096 pgoff=0 dma=0x42a48000
[    2.234566] day32_edu_perf 0000:00:02.0: mmap ok: len=4096 pgoff=0 dma=0x42a48000
[    2.234799] day32_edu_perf 0000:00:02.0: mmap ok: len=4096 pgoff=0 dma=0x42a48000
[    2.235029] day32_edu_perf 0000:00:02.0: mmap ok: len=4096 pgoff=0 dma=0x42a48000
[    2.235353] day32_edu_perf 0000:00:02.0: mmap ok: len=4096 pgoff=0 dma=0x42a48000
[    2.235830] day32_edu_perf 0000:00:02.0: mmap ok: len=4096 pgoff=0 dma=0x42a48000
[    2.236089] day32_edu_perf 0000:00:02.0: mmap ok: len=4096 pgoff=0 dma=0x42a48000
[    2.236335] day32_edu_perf 0000:00:02.0: mmap ok: len=4096 pgoff=0 dma=0x42a48000
[    2.236572] day32_edu_perf 0000:00:02.0: mmap ok: len=4096 pgoff=0 dma=0x42a48000
[    2.236804] day32_edu_perf 0000:00:02.0: mmap ok: len=4096 pgoff=0 dma=0x42a48000
[    2.237033] day32_edu_perf 0000:00:02.0: mmap ok: len=4096 pgoff=0 dma=0x42a48000
[    2.237358] day32_edu_perf 0000:00:02.0: mmap ok: len=4096 pgoff=0 dma=0x42a48000
[    2.237626] day32_edu_perf 0000:00:02.0: mmap ok: len=4096 pgoff=0 dma=0x42a48000
[    2.237862] day32_edu_perf 0000:00:02.0: mmap ok: len=4096 pgoff=0 dma=0x42a48000
[    2.238092] day32_edu_perf 0000:00:02.0: mmap ok: len=4096 pgoff=0 dma=0x42a48000
[    2.238321] day32_edu_perf 0000:00:02.0: mmap ok: len=4096 pgoff=0 dma=0x42a48000
[    2.238556] day32_edu_perf 0000:00:02.0: mmap ok: len=4096 pgoff=0 dma=0x42a48000
[    2.238785] day32_edu_perf 0000:00:02.0: mmap ok: len=4096 pgoff=0 dma=0x42a48000
[    2.239018] day32_edu_perf 0000:00:02.0: mmap ok: len=4096 pgoff=0 dma=0x42a48000
[    2.239248] day32_edu_perf 0000:00:02.0: mmap ok: len=4096 pgoff=0 dma=0x42a48000
[    2.239563] day32_edu_perf 0000:00:02.0: mmap ok: len=4096 pgoff=0 dma=0x42a48000
[    2.240013] day32_edu_perf 0000:00:02.0: mmap ok: len=4096 pgoff=0 dma=0x42a48000
[    2.240506] day32_edu_perf 0000:00:02.0: mmap ok: len=4096 pgoff=0 dma=0x42a48000
[    2.240762] day32_edu_perf 0000:00:02.0: mmap ok: len=4096 pgoff=0 dma=0x42a48000
[    2.240998] day32_edu_perf 0000:00:02.0: mmap ok: len=4096 pgoff=0 dma=0x42a48000
[    2.241228] day32_edu_perf 0000:00:02.0: mmap ok: len=4096 pgoff=0 dma=0x42a48000
[    2.241462] day32_edu_perf 0000:00:02.0: mmap ok: len=4096 pgoff=0 dma=0x42a48000
[    2.241690] day32_edu_perf 0000:00:02.0: mmap ok: len=4096 pgoff=0 dma=0x42a48000
[    2.241916] day32_edu_perf 0000:00:02.0: mmap ok: len=4096 pgoff=0 dma=0x42a48000
[    2.242263] day32_edu_perf 0000:00:02.0: mmap ok: len=4096 pgoff=0 dma=0x42a48000
[    2.242517] day32_edu_perf 0000:00:02.0: mmap ok: len=4096 pgoff=0 dma=0x42a48000
[    2.242754] day32_edu_perf 0000:00:02.0: mmap ok: len=4096 pgoff=0 dma=0x42a48000
[    2.242986] day32_edu_perf 0000:00:02.0: mmap ok: len=4096 pgoff=0 dma=0x42a48000
[    2.243217] day32_edu_perf 0000:00:02.0: mmap ok: len=4096 pgoff=0 dma=0x42a48000
[    2.243448] day32_edu_perf 0000:00:02.0: mmap ok: len=4096 pgoff=0 dma=0x42a48000
[    2.243772] day32_edu_perf 0000:00:02.0: mmap ok: len=4096 pgoff=0 dma=0x42a48000
[    2.244554] day32_edu_perf 0000:00:02.0: mmap ok: len=4096 pgoff=0 dma=0x42a48000
[    2.244864] day32_edu_perf 0000:00:02.0: mmap ok: len=4096 pgoff=0 dma=0x42a48000
[    2.245129] day32_edu_perf 0000:00:02.0: mmap ok: len=4096 pgoff=0 dma=0x42a48000
[    2.245418] day32_edu_perf 0000:00:02.0: mmap ok: len=4096 pgoff=0 dma=0x42a48000
[    2.245687] day32_edu_perf 0000:00:02.0: mmap ok: len=4096 pgoff=0 dma=0x42a48000
[    2.245924] day32_edu_perf 0000:00:02.0: mmap ok: len=4096 pgoff=0 dma=0x42a48000
[    2.246156] day32_edu_perf 0000:00:02.0: mmap ok: len=4096 pgoff=0 dma=0x42a48000
[    2.246387] day32_edu_perf 0000:00:02.0: mmap ok: len=4096 pgoff=0 dma=0x42a48000
[    2.246626] day32_edu_perf 0000:00:02.0: mmap ok: len=4096 pgoff=0 dma=0x42a48000
[    2.246873] day32_edu_perf 0000:00:02.0: mmap ok: len=4096 pgoff=0 dma=0x42a48000
[    2.247108] day32_edu_perf 0000:00:02.0: mmap ok: len=4096 pgoff=0 dma=0x42a48000
[    2.247339] day32_edu_perf 0000:00:02.0: mmap ok: len=4096 pgoff=0 dma=0x42a48000
[    2.247612] day32_edu_perf 0000:00:02.0: mmap ok: len=4096 pgoff=0 dma=0x42a48000
[    2.247889] day32_edu_perf 0000:00:02.0: mmap ok: len=4096 pgoff=0 dma=0x42a48000
[    2.248336] day32_edu_perf 0000:00:02.0: mmap ok: len=4096 pgoff=0 dma=0x42a48000
[    2.248597] day32_edu_perf 0000:00:02.0: mmap ok: len=4096 pgoff=0 dma=0x42a48000
[    2.248835] day32_edu_perf 0000:00:02.0: mmap ok: len=4096 pgoff=0 dma=0x42a48000
[    2.249066] day32_edu_perf 0000:00:02.0: mmap ok: len=4096 pgoff=0 dma=0x42a48000
[    2.249296] day32_edu_perf 0000:00:02.0: mmap ok: len=4096 pgoff=0 dma=0x42a48000
[    2.249605] day32_edu_perf 0000:00:02.0: mmap ok: len=4096 pgoff=0 dma=0x42a48000
[    2.249845] day32_edu_perf 0000:00:02.0: mmap ok: len=4096 pgoff=0 dma=0x42a48000
[    2.250077] day32_edu_perf 0000:00:02.0: mmap ok: len=4096 pgoff=0 dma=0x42a48000
[    2.250306] day32_edu_perf 0000:00:02.0: mmap ok: len=4096 pgoff=0 dma=0x42a48000
[    2.250538] day32_edu_perf 0000:00:02.0: mmap ok: len=4096 pgoff=0 dma=0x42a48000
[    2.250768] day32_edu_perf 0000:00:02.0: mmap ok: len=4096 pgoff=0 dma=0x42a48000
[    2.250998] day32_edu_perf 0000:00:02.0: mmap ok: len=4096 pgoff=0 dma=0x42a48000
[    2.251228] day32_edu_perf 0000:00:02.0: mmap ok: len=4096 pgoff=0 dma=0x42a48000
[    2.251493] day32_edu_perf 0000:00:02.0: mmap ok: len=4096 pgoff=0 dma=0x42a48000
[    2.251749] day32_edu_perf 0000:00:02.0: mmap ok: len=4096 pgoff=0 dma=0x42a48000
[    2.252055] day32_edu_perf 0000:00:02.0: mmap ok: len=4096 pgoff=0 dma=0x42a48000
[    2.252583] day32_edu_perf 0000:00:02.0: mmap ok: len=4096 pgoff=0 dma=0x42a48000
[    2.252852] day32_edu_perf 0000:00:02.0: mmap ok: len=4096 pgoff=0 dma=0x42a48000
[    2.253160] day32_edu_perf 0000:00:02.0: mmap ok: len=4096 pgoff=0 dma=0x42a48000
[    2.253410] day32_edu_perf 0000:00:02.0: mmap ok: len=4096 pgoff=0 dma=0x42a48000
[    2.253642] day32_edu_perf 0000:00:02.0: mmap ok: len=4096 pgoff=0 dma=0x42a48000
[    2.253875] day32_edu_perf 0000:00:02.0: mmap ok: len=4096 pgoff=0 dma=0x42a48000
[    2.254109] day32_edu_perf 0000:00:02.0: mmap ok: len=4096 pgoff=0 dma=0x42a48000
[    2.254341] day32_edu_perf 0000:00:02.0: mmap ok: len=4096 pgoff=0 dma=0x42a48000
[    2.254573] day32_edu_perf 0000:00:02.0: mmap ok: len=4096 pgoff=0 dma=0x42a48000
[    2.254804] day32_edu_perf 0000:00:02.0: mmap ok: len=4096 pgoff=0 dma=0x42a48000
[    2.255062] day32_edu_perf 0000:00:02.0: mmap ok: len=4096 pgoff=0 dma=0x42a48000
[    2.255307] day32_edu_perf 0000:00:02.0: mmap ok: len=4096 pgoff=0 dma=0x42a48000
[    2.255539] day32_edu_perf 0000:00:02.0: mmap ok: len=4096 pgoff=0 dma=0x42a48000
[    2.255767] day32_edu_perf 0000:00:02.0: mmap ok: len=4096 pgoff=0 dma=0x42a48000
[    2.255997] day32_edu_perf 0000:00:02.0: mmap ok: len=4096 pgoff=0 dma=0x42a48000
[    2.256360] day32_edu_perf 0000:00:02.0: mmap ok: len=4096 pgoff=0 dma=0x42a48000
[    2.256781] day32_edu_perf 0000:00:02.0: mmap ok: len=4096 pgoff=0 dma=0x42a48000
[    2.257089] day32_edu_perf 0000:00:02.0: mmap ok: len=4096 pgoff=0 dma=0x42a48000
[    2.257354] day32_edu_perf 0000:00:02.0: mmap ok: len=4096 pgoff=0 dma=0x42a48000
[    2.257589] day32_edu_perf 0000:00:02.0: mmap ok: len=4096 pgoff=0 dma=0x42a48000
[    2.257820] day32_edu_perf 0000:00:02.0: mmap ok: len=4096 pgoff=0 dma=0x42a48000
[    2.258050] day32_edu_perf 0000:00:02.0: mmap ok: len=4096 pgoff=0 dma=0x42a48000
[    2.258284] day32_edu_perf 0000:00:02.0: mmap ok: len=4096 pgoff=0 dma=0x42a48000
[    2.258515] day32_edu_perf 0000:00:02.0: mmap ok: len=4096 pgoff=0 dma=0x42a48000
[    2.258744] day32_edu_perf 0000:00:02.0: mmap ok: len=4096 pgoff=0 dma=0x42a48000
[    2.258972] day32_edu_perf 0000:00:02.0: mmap ok: len=4096 pgoff=0 dma=0x42a48000
[    2.259242] day32_edu_perf 0000:00:02.0: mmap ok: len=4096 pgoff=0 dma=0x42a48000
[    2.259482] day32_edu_perf 0000:00:02.0: mmap ok: len=4096 pgoff=0 dma=0x42a48000
[    2.259712] day32_edu_perf 0000:00:02.0: mmap ok: len=4096 pgoff=0 dma=0x42a48000
[    2.259941] day32_edu_perf 0000:00:02.0: mmap ok: len=4096 pgoff=0 dma=0x42a48000
[    2.260170] day32_edu_perf 0000:00:02.0: mmap ok: len=4096 pgoff=0 dma=0x42a48000
[    2.260442] day32_edu_perf 0000:00:02.0: mmap ok: len=4096 pgoff=0 dma=0x42a48000
[    2.260824] day32_edu_perf 0000:00:02.0: mmap ok: len=4096 pgoff=0 dma=0x42a48000
[    2.261126] day32_edu_perf 0000:00:02.0: mmap ok: len=4096 pgoff=0 dma=0x42a48000
[    2.261387] day32_edu_perf 0000:00:02.0: mmap ok: len=4096 pgoff=0 dma=0x42a48000
[    2.261621] day32_edu_perf 0000:00:02.0: mmap ok: len=4096 pgoff=0 dma=0x42a48000
[    2.261849] day32_edu_perf 0000:00:02.0: mmap ok: len=4096 pgoff=0 dma=0x42a48000
[    2.262079] day32_edu_perf 0000:00:02.0: mmap ok: len=4096 pgoff=0 dma=0x42a48000
[    2.262312] day32_edu_perf 0000:00:02.0: mmap ok: len=4096 pgoff=0 dma=0x42a48000
[    2.262543] day32_edu_perf 0000:00:02.0: mmap ok: len=4096 pgoff=0 dma=0x42a48000
[    2.262772] day32_edu_perf 0000:00:02.0: mmap ok: len=4096 pgoff=0 dma=0x42a48000
[    2.263001] day32_edu_perf 0000:00:02.0: mmap ok: len=4096 pgoff=0 dma=0x42a48000
[    2.263270] day32_edu_perf 0000:00:02.0: mmap ok: len=4096 pgoff=0 dma=0x42a48000
[    2.263504] day32_edu_perf 0000:00:02.0: mmap ok: len=4096 pgoff=0 dma=0x42a48000
[    2.263732] day32_edu_perf 0000:00:02.0: mmap ok: len=4096 pgoff=0 dma=0x42a48000
[    2.263959] day32_edu_perf 0000:00:02.0: mmap ok: len=4096 pgoff=0 dma=0x42a48000
[    2.264189] day32_edu_perf 0000:00:02.0: mmap ok: len=4096 pgoff=0 dma=0x42a48000
[    2.264471] day32_edu_perf 0000:00:02.0: mmap ok: len=4096 pgoff=0 dma=0x42a48000
[    2.265012] day32_edu_perf 0000:00:02.0: mmap ok: len=4096 pgoff=0 dma=0x42a48000
[    2.265304] day32_edu_perf 0000:00:02.0: mmap ok: len=4096 pgoff=0 dma=0x42a48000
[    2.265551] day32_edu_perf 0000:00:02.0: mmap ok: len=4096 pgoff=0 dma=0x42a48000
[    2.265784] day32_edu_perf 0000:00:02.0: mmap ok: len=4096 pgoff=0 dma=0x42a48000
[    2.266012] day32_edu_perf 0000:00:02.0: mmap ok: len=4096 pgoff=0 dma=0x42a48000
[    2.266243] day32_edu_perf 0000:00:02.0: mmap ok: len=4096 pgoff=0 dma=0x42a48000
[    2.266479] day32_edu_perf 0000:00:02.0: mmap ok: len=4096 pgoff=0 dma=0x42a48000
[    2.266712] day32_edu_perf 0000:00:02.0: mmap ok: len=4096 pgoff=0 dma=0x42a48000
[    2.266941] day32_edu_perf 0000:00:02.0: mmap ok: len=4096 pgoff=0 dma=0x42a48000
[    2.267211] day32_edu_perf 0000:00:02.0: mmap ok: len=4096 pgoff=0 dma=0x42a48000
[    2.267445] day32_edu_perf 0000:00:02.0: mmap ok: len=4096 pgoff=0 dma=0x42a48000
[    2.267675] day32_edu_perf 0000:00:02.0: mmap ok: len=4096 pgoff=0 dma=0x42a48000
[    2.267906] day32_edu_perf 0000:00:02.0: mmap ok: len=4096 pgoff=0 dma=0x42a48000
[    2.268134] day32_edu_perf 0000:00:02.0: mmap ok: len=4096 pgoff=0 dma=0x42a48000
[    2.268363] day32_edu_perf 0000:00:02.0: mmap ok: len=4096 pgoff=0 dma=0x42a48000
[    2.268644] day32_edu_perf 0000:00:02.0: mmap ok: len=4096 pgoff=0 dma=0x42a48000
[    2.269253] day32_edu_perf 0000:00:02.0: mmap ok: len=4096 pgoff=0 dma=0x42a48000
[    2.269518] day32_edu_perf 0000:00:02.0: mmap ok: len=4096 pgoff=0 dma=0x42a48000
[    2.269758] day32_edu_perf 0000:00:02.0: mmap ok: len=4096 pgoff=0 dma=0x42a48000
[    2.269993] day32_edu_perf 0000:00:02.0: mmap ok: len=4096 pgoff=0 dma=0x42a48000
[    2.270223] day32_edu_perf 0000:00:02.0: mmap ok: len=4096 pgoff=0 dma=0x42a48000
[    2.270457] day32_edu_perf 0000:00:02.0: mmap ok: len=4096 pgoff=0 dma=0x42a48000
[    2.270691] day32_edu_perf 0000:00:02.0: mmap ok: len=4096 pgoff=0 dma=0x42a48000
[    2.270922] day32_edu_perf 0000:00:02.0: mmap ok: len=4096 pgoff=0 dma=0x42a48000
[    2.271341] day32_edu_perf 0000:00:02.0: mmap ok: len=4096 pgoff=0 dma=0x42a48000
[    2.271592] day32_edu_perf 0000:00:02.0: mmap ok: len=4096 pgoff=0 dma=0x42a48000
[    2.271824] day32_edu_perf 0000:00:02.0: mmap ok: len=4096 pgoff=0 dma=0x42a48000
[    2.272061] day32_edu_perf 0000:00:02.0: mmap ok: len=4096 pgoff=0 dma=0x42a48000
[    2.272297] day32_edu_perf 0000:00:02.0: mmap ok: len=4096 pgoff=0 dma=0x42a48000
[    2.272528] day32_edu_perf 0000:00:02.0: mmap ok: len=4096 pgoff=0 dma=0x42a48000
[    2.272775] day32_edu_perf 0000:00:02.0: mmap ok: len=4096 pgoff=0 dma=0x42a48000
[    2.273114] day32_edu_perf 0000:00:02.0: mmap ok: len=4096 pgoff=0 dma=0x42a48000
[    2.273389] day32_edu_perf 0000:00:02.0: mmap ok: len=4096 pgoff=0 dma=0x42a48000
[    2.273678] day32_edu_perf 0000:00:02.0: mmap ok: len=4096 pgoff=0 dma=0x42a48000
[    2.273935] day32_edu_perf 0000:00:02.0: mmap ok: len=4096 pgoff=0 dma=0x42a48000
[    2.274209] day32_edu_perf 0000:00:02.0: mmap ok: len=4096 pgoff=0 dma=0x42a48000
[    2.274444] day32_edu_perf 0000:00:02.0: mmap ok: len=4096 pgoff=0 dma=0x42a48000
[    2.274674] day32_edu_perf 0000:00:02.0: mmap ok: len=4096 pgoff=0 dma=0x42a48000
[    2.274904] day32_edu_perf 0000:00:02.0: mmap ok: len=4096 pgoff=0 dma=0x42a48000
[    2.275164] day32_edu_perf 0000:00:02.0: mmap ok: len=4096 pgoff=0 dma=0x42a48000
[    2.275406] day32_edu_perf 0000:00:02.0: mmap ok: len=4096 pgoff=0 dma=0x42a48000
[    2.275638] day32_edu_perf 0000:00:02.0: mmap ok: len=4096 pgoff=0 dma=0x42a48000
[    2.275868] day32_edu_perf 0000:00:02.0: mmap ok: len=4096 pgoff=0 dma=0x42a48000
[    2.276096] day32_edu_perf 0000:00:02.0: mmap ok: len=4096 pgoff=0 dma=0x42a48000
[    2.276326] day32_edu_perf 0000:00:02.0: mmap ok: len=4096 pgoff=0 dma=0x42a48000
[    2.276554] day32_edu_perf 0000:00:02.0: mmap ok: len=4096 pgoff=0 dma=0x42a48000
[    2.276782] day32_edu_perf 0000:00:02.0: mmap ok: len=4096 pgoff=0 dma=0x42a48000
[    2.277178] day32_edu_perf 0000:00:02.0: mmap ok: len=4096 pgoff=0 dma=0x42a48000
[    2.278196] day32_edu_perf 0000:00:02.0: mmap ok: len=4096 pgoff=0 dma=0x42a48000
[    2.278488] day32_edu_perf 0000:00:02.0: mmap ok: len=4096 pgoff=0 dma=0x42a48000
[    2.278729] day32_edu_perf 0000:00:02.0: mmap ok: len=4096 pgoff=0 dma=0x42a48000
[    2.278960] day32_edu_perf 0000:00:02.0: mmap ok: len=4096 pgoff=0 dma=0x42a48000
[    2.279190] day32_edu_perf 0000:00:02.0: mmap ok: len=4096 pgoff=0 dma=0x42a48000
[    2.279947] day32_edu_perf 0000:00:02.0: mmap ok: len=4096 pgoff=0 dma=0x42a48000
[    2.280481] day32_edu_perf 0000:00:02.0: mmap ok: len=4096 pgoff=0 dma=0x42a48000
[    2.280744] day32_edu_perf 0000:00:02.0: mmap ok: len=4096 pgoff=0 dma=0x42a48000
[    2.280991] day32_edu_perf 0000:00:02.0: mmap ok: len=4096 pgoff=0 dma=0x42a48000
[    2.281387] day32_edu_perf 0000:00:02.0: mmap ok: len=4096 pgoff=0 dma=0x42a48000
[    2.281751] day32_edu_perf 0000:00:02.0: mmap ok: len=4096 pgoff=0 dma=0x42a48000
[    2.282061] day32_edu_perf 0000:00:02.0: mmap ok: len=4096 pgoff=0 dma=0x42a48000
[    2.282354] day32_edu_perf 0000:00:02.0: mmap ok: len=4096 pgoff=0 dma=0x42a48000
[    2.282596] day32_edu_perf 0000:00:02.0: mmap ok: len=4096 pgoff=0 dma=0x42a48000
[    2.282829] day32_edu_perf 0000:00:02.0: mmap ok: len=4096 pgoff=0 dma=0x42a48000
[    2.283066] day32_edu_perf 0000:00:02.0: mmap ok: len=4096 pgoff=0 dma=0x42a48000
[    2.283339] day32_edu_perf 0000:00:02.0: mmap ok: len=4096 pgoff=0 dma=0x42a48000
[    2.283575] day32_edu_perf 0000:00:02.0: mmap ok: len=4096 pgoff=0 dma=0x42a48000
[    2.283803] day32_edu_perf 0000:00:02.0: mmap ok: len=4096 pgoff=0 dma=0x42a48000
[    2.284033] day32_edu_perf 0000:00:02.0: mmap ok: len=4096 pgoff=0 dma=0x42a48000
[    2.284263] day32_edu_perf 0000:00:02.0: mmap ok: len=4096 pgoff=0 dma=0x42a48000
[    2.284495] day32_edu_perf 0000:00:02.0: mmap ok: len=4096 pgoff=0 dma=0x42a48000
[    2.284729] day32_edu_perf 0000:00:02.0: mmap ok: len=4096 pgoff=0 dma=0x42a48000
[    2.284961] day32_edu_perf 0000:00:02.0: mmap ok: len=4096 pgoff=0 dma=0x42a48000
[    2.285221] day32_edu_perf 0000:00:02.0: mmap ok: len=4096 pgoff=0 dma=0x42a48000
[    2.285769] day32_edu_perf 0000:00:02.0: mmap ok: len=4096 pgoff=0 dma=0x42a48000
[    2.286120] day32_edu_perf 0000:00:02.0: mmap ok: len=4096 pgoff=0 dma=0x42a48000
[    2.286371] day32_edu_perf 0000:00:02.0: mmap ok: len=4096 pgoff=0 dma=0x42a48000
[    2.286607] day32_edu_perf 0000:00:02.0: mmap ok: len=4096 pgoff=0 dma=0x42a48000
[    2.286839] day32_edu_perf 0000:00:02.0: mmap ok: len=4096 pgoff=0 dma=0x42a48000
[    2.287075] day32_edu_perf 0000:00:02.0: mmap ok: len=4096 pgoff=0 dma=0x42a48000
[    2.287508] day32_edu_perf 0000:00:02.0: mmap ok: len=4096 pgoff=0 dma=0x42a48000
[    2.287760] day32_edu_perf 0000:00:02.0: mmap ok: len=4096 pgoff=0 dma=0x42a48000
[    2.287993] day32_edu_perf 0000:00:02.0: mmap ok: len=4096 pgoff=0 dma=0x42a48000
[    2.288230] day32_edu_perf 0000:00:02.0: mmap ok: len=4096 pgoff=0 dma=0x42a48000
[    2.288468] day32_edu_perf 0000:00:02.0: mmap ok: len=4096 pgoff=0 dma=0x42a48000
[    2.288698] day32_edu_perf 0000:00:02.0: mmap ok: len=4096 pgoff=0 dma=0x42a48000
[    2.288928] day32_edu_perf 0000:00:02.0: mmap ok: len=4096 pgoff=0 dma=0x42a48000
[    2.289211] day32_edu_perf 0000:00:02.0: mmap ok: len=4096 pgoff=0 dma=0x42a48000
[    2.289510] day32_edu_perf 0000:00:02.0: mmap ok: len=4096 pgoff=0 dma=0x42a48000
[    2.289801] day32_edu_perf 0000:00:02.0: mmap ok: len=4096 pgoff=0 dma=0x42a48000
[    2.290040] day32_edu_perf 0000:00:02.0: mmap ok: len=4096 pgoff=0 dma=0x42a48000
[    2.290270] day32_edu_perf 0000:00:02.0: mmap ok: len=4096 pgoff=0 dma=0x42a48000
[    2.290508] day32_edu_perf 0000:00:02.0: mmap ok: len=4096 pgoff=0 dma=0x42a48000
[    2.290740] day32_edu_perf 0000:00:02.0: mmap ok: len=4096 pgoff=0 dma=0x42a48000
[    2.291005] day32_edu_perf 0000:00:02.0: mmap ok: len=4096 pgoff=0 dma=0x42a48000
[    2.291246] day32_edu_perf 0000:00:02.0: mmap ok: len=4096 pgoff=0 dma=0x42a48000
[    2.291476] day32_edu_perf 0000:00:02.0: mmap ok: len=4096 pgoff=0 dma=0x42a48000
[    2.291705] day32_edu_perf 0000:00:02.0: mmap ok: len=4096 pgoff=0 dma=0x42a48000
[    2.291934] day32_edu_perf 0000:00:02.0: mmap ok: len=4096 pgoff=0 dma=0x42a48000
[    2.292163] day32_edu_perf 0000:00:02.0: mmap ok: len=4096 pgoff=0 dma=0x42a48000
[    2.292392] day32_edu_perf 0000:00:02.0: mmap ok: len=4096 pgoff=0 dma=0x42a48000
[    2.292621] day32_edu_perf 0000:00:02.0: mmap ok: len=4096 pgoff=0 dma=0x42a48000
[    2.292849] day32_edu_perf 0000:00:02.0: mmap ok: len=4096 pgoff=0 dma=0x42a48000
[    2.293116] day32_edu_perf 0000:00:02.0: mmap ok: len=4096 pgoff=0 dma=0x42a48000
[    2.293350] day32_edu_perf 0000:00:02.0: mmap ok: len=4096 pgoff=0 dma=0x42a48000
[    2.293623] day32_edu_perf 0000:00:02.0: mmap ok: len=4096 pgoff=0 dma=0x42a48000
[    2.294252] day32_edu_perf 0000:00:02.0: mmap ok: len=4096 pgoff=0 dma=0x42a48000
[    2.294526] day32_edu_perf 0000:00:02.0: mmap ok: len=4096 pgoff=0 dma=0x42a48000
[    2.294765] day32_edu_perf 0000:00:02.0: mmap ok: len=4096 pgoff=0 dma=0x42a48000
[    2.294997] day32_edu_perf 0000:00:02.0: mmap ok: len=4096 pgoff=0 dma=0x42a48000
[    2.295227] day32_edu_perf 0000:00:02.0: mmap ok: len=4096 pgoff=0 dma=0x42a48000
[    2.295462] day32_edu_perf 0000:00:02.0: mmap ok: len=4096 pgoff=0 dma=0x42a48000
[    2.295732] day32_edu_perf 0000:00:02.0: mmap ok: len=4096 pgoff=0 dma=0x42a48000
[    2.295972] day32_edu_perf 0000:00:02.0: mmap ok: len=4096 pgoff=0 dma=0x42a48000
[    2.296206] day32_edu_perf 0000:00:02.0: mmap ok: len=4096 pgoff=0 dma=0x42a48000
[    2.296442] day32_edu_perf 0000:00:02.0: mmap ok: len=4096 pgoff=0 dma=0x42a48000
[    2.296672] day32_edu_perf 0000:00:02.0: mmap ok: len=4096 pgoff=0 dma=0x42a48000
[    2.296903] day32_edu_perf 0000:00:02.0: mmap ok: len=4096 pgoff=0 dma=0x42a48000
[    2.297133] day32_edu_perf 0000:00:02.0: mmap ok: len=4096 pgoff=0 dma=0x42a48000
[    2.297361] day32_edu_perf 0000:00:02.0: mmap ok: len=4096 pgoff=0 dma=0x42a48000
[    2.297589] day32_edu_perf 0000:00:02.0: mmap ok: len=4096 pgoff=0 dma=0x42a48000
[    2.298217] day32_edu_perf 0000:00:02.0: mmap ok: len=4096 pgoff=0 dma=0x42a48000
[    2.298479] day32_edu_perf 0000:00:02.0: mmap ok: len=4096 pgoff=0 dma=0x42a48000
[    2.298723] day32_edu_perf 0000:00:02.0: mmap ok: len=4096 pgoff=0 dma=0x42a48000
[    2.298957] day32_edu_perf 0000:00:02.0: mmap ok: len=4096 pgoff=0 dma=0x42a48000
[    2.299188] day32_edu_perf 0000:00:02.0: mmap ok: len=4096 pgoff=0 dma=0x42a48000
[    2.299424] day32_edu_perf 0000:00:02.0: mmap ok: len=4096 pgoff=0 dma=0x42a48000
[    2.299688] day32_edu_perf 0000:00:02.0: mmap ok: len=4096 pgoff=0 dma=0x42a48000
[    2.299934] day32_edu_perf 0000:00:02.0: mmap ok: len=4096 pgoff=0 dma=0x42a48000
[    2.300166] day32_edu_perf 0000:00:02.0: mmap ok: len=4096 pgoff=0 dma=0x42a48000
[    2.300395] day32_edu_perf 0000:00:02.0: mmap ok: len=4096 pgoff=0 dma=0x42a48000
[    2.300622] day32_edu_perf 0000:00:02.0: mmap ok: len=4096 pgoff=0 dma=0x42a48000
[    2.300850] day32_edu_perf 0000:00:02.0: mmap ok: len=4096 pgoff=0 dma=0x42a48000
[    2.301077] day32_edu_perf 0000:00:02.0: mmap ok: len=4096 pgoff=0 dma=0x42a48000
[    2.301305] day32_edu_perf 0000:00:02.0: mmap ok: len=4096 pgoff=0 dma=0x42a48000
[    2.301534] day32_edu_perf 0000:00:02.0: mmap ok: len=4096 pgoff=0 dma=0x42a48000
[    2.301799] day32_edu_perf 0000:00:02.0: mmap ok: len=4096 pgoff=0 dma=0x42a48000
[    2.302077] day32_edu_perf 0000:00:02.0: mmap ok: len=4096 pgoff=0 dma=0x42a48000
[    2.302692] day32_edu_perf 0000:00:02.0: mmap ok: len=4096 pgoff=0 dma=0x42a48000
[    2.302982] day32_edu_perf 0000:00:02.0: mmap ok: len=4096 pgoff=0 dma=0x42a48000
[    2.303407] day32_edu_perf 0000:00:02.0: mmap ok: len=4096 pgoff=0 dma=0x42a48000
[    2.303677] day32_edu_perf 0000:00:02.0: mmap ok: len=4096 pgoff=0 dma=0x42a48000
[    2.303915] day32_edu_perf 0000:00:02.0: mmap ok: len=4096 pgoff=0 dma=0x42a48000
[    2.304145] day32_edu_perf 0000:00:02.0: mmap ok: len=4096 pgoff=0 dma=0x42a48000
[    2.304407] day32_edu_perf 0000:00:02.0: mmap ok: len=4096 pgoff=0 dma=0x42a48000
[    2.304645] day32_edu_perf 0000:00:02.0: mmap ok: len=4096 pgoff=0 dma=0x42a48000
[    2.304876] day32_edu_perf 0000:00:02.0: mmap ok: len=4096 pgoff=0 dma=0x42a48000
[    2.305196] day32_edu_perf 0000:00:02.0: mmap ok: len=4096 pgoff=0 dma=0x42a48000
[    2.305437] day32_edu_perf 0000:00:02.0: mmap ok: len=4096 pgoff=0 dma=0x42a48000
[    2.305668] day32_edu_perf 0000:00:02.0: mmap ok: len=4096 pgoff=0 dma=0x42a48000
[    2.305897] day32_edu_perf 0000:00:02.0: mmap ok: len=4096 pgoff=0 dma=0x42a48000
[    2.306172] day32_edu_perf 0000:00:02.0: mmap ok: len=4096 pgoff=0 dma=0x42a48000
[    2.306446] day32_edu_perf 0000:00:02.0: mmap ok: len=4096 pgoff=0 dma=0x42a48000
[    2.306679] day32_edu_perf 0000:00:02.0: mmap ok: len=4096 pgoff=0 dma=0x42a48000
[    2.306917] day32_edu_perf 0000:00:02.0: mmap ok: len=4096 pgoff=0 dma=0x42a48000
[    2.307191] day32_edu_perf 0000:00:02.0: mmap ok: len=4096 pgoff=0 dma=0x42a48000
[    2.307424] day32_edu_perf 0000:00:02.0: mmap ok: len=4096 pgoff=0 dma=0x42a48000
[    2.307653] day32_edu_perf 0000:00:02.0: mmap ok: len=4096 pgoff=0 dma=0x42a48000
[    2.307887] day32_edu_perf 0000:00:02.0: mmap ok: len=4096 pgoff=0 dma=0x42a48000
[    2.308115] day32_edu_perf 0000:00:02.0: mmap ok: len=4096 pgoff=0 dma=0x42a48000
[    2.308345] day32_edu_perf 0000:00:02.0: mmap ok: len=4096 pgoff=0 dma=0x42a48000
[    2.308573] day32_edu_perf 0000:00:02.0: mmap ok: len=4096 pgoff=0 dma=0x42a48000
[    2.308802] day32_edu_perf 0000:00:02.0: mmap ok: len=4096 pgoff=0 dma=0x42a48000
[    2.309064] day32_edu_perf 0000:00:02.0: mmap ok: len=4096 pgoff=0 dma=0x42a48000
[    2.309303] day32_edu_perf 0000:00:02.0: mmap ok: len=4096 pgoff=0 dma=0x42a48000
[    2.309534] day32_edu_perf 0000:00:02.0: mmap ok: len=4096 pgoff=0 dma=0x42a48000
[    2.309762] day32_edu_perf 0000:00:02.0: mmap ok: len=4096 pgoff=0 dma=0x42a48000
[    2.309990] day32_edu_perf 0000:00:02.0: mmap ok: len=4096 pgoff=0 dma=0x42a48000
[    2.310237] day32_edu_perf 0000:00:02.0: mmap ok: len=4096 pgoff=0 dma=0x42a48000
[    2.310668] day32_edu_perf 0000:00:02.0: mmap ok: len=4096 pgoff=0 dma=0x42a48000
[    2.310927] day32_edu_perf 0000:00:02.0: mmap ok: len=4096 pgoff=0 dma=0x42a48000
[    2.311515] day32_edu_perf 0000:00:02.0: mmap ok: len=4096 pgoff=0 dma=0x42a48000
[    2.311791] day32_edu_perf 0000:00:02.0: mmap ok: len=4096 pgoff=0 dma=0x42a48000
[    2.312029] day32_edu_perf 0000:00:02.0: mmap ok: len=4096 pgoff=0 dma=0x42a48000
[    2.312260] day32_edu_perf 0000:00:02.0: mmap ok: len=4096 pgoff=0 dma=0x42a48000
[    2.312653] day32_edu_perf 0000:00:02.0: mmap ok: len=4096 pgoff=0 dma=0x42a48000
[    2.312894] day32_edu_perf 0000:00:02.0: mmap ok: len=4096 pgoff=0 dma=0x42a48000
[    2.313127] day32_edu_perf 0000:00:02.0: mmap ok: len=4096 pgoff=0 dma=0x42a48000
[    2.313359] day32_edu_perf 0000:00:02.0: mmap ok: len=4096 pgoff=0 dma=0x42a48000
[    2.313597] day32_edu_perf 0000:00:02.0: mmap ok: len=4096 pgoff=0 dma=0x42a48000
[    2.341419] day32_edu_perf 0000:00:02.0: mmap ok: len=4096 pgoff=0 dma=0x42a48000
[    2.351022] day32_edu_perf 0000:00:02.0: mmap ok: len=4096 pgoff=0 dma=0x42a48000
[    2.351314] day32_edu_perf 0000:00:02.0: mmap ok: len=4096 pgoff=0 dma=0x42a48000
[    2.351587] day32_edu_perf 0000:00:02.0: mmap ok: len=4096 pgoff=0 dma=0x42a48000
[    2.351837] day32_edu_perf 0000:00:02.0: mmap ok: len=4096 pgoff=0 dma=0x42a48000
[    2.352215] day32_edu_perf 0000:00:02.0: mmap ok: len=4096 pgoff=0 dma=0x42a48000
[    2.353041] day32_edu_perf 0000:00:02.0: mmap ok: len=4096 pgoff=0 dma=0x42a48000
[    2.353431] day32_edu_perf 0000:00:02.0: mmap ok: len=4096 pgoff=0 dma=0x42a48000
[    2.353707] day32_edu_perf 0000:00:02.0: mmap ok: len=4096 pgoff=0 dma=0x42a48000
[    2.353946] day32_edu_perf 0000:00:02.0: mmap ok: len=4096 pgoff=0 dma=0x42a48000
[    2.354182] day32_edu_perf 0000:00:02.0: mmap ok: len=4096 pgoff=0 dma=0x42a48000
[    2.354419] day32_edu_perf 0000:00:02.0: mmap ok: len=4096 pgoff=0 dma=0x42a48000
[    2.354651] day32_edu_perf 0000:00:02.0: mmap ok: len=4096 pgoff=0 dma=0x42a48000
[    2.354881] day32_edu_perf 0000:00:02.0: mmap ok: len=4096 pgoff=0 dma=0x42a48000
[    2.355112] day32_edu_perf 0000:00:02.0: mmap ok: len=4096 pgoff=0 dma=0x42a48000
[    2.355342] day32_edu_perf 0000:00:02.0: mmap ok: len=4096 pgoff=0 dma=0x42a48000
[    2.355602] day32_edu_perf 0000:00:02.0: mmap ok: len=4096 pgoff=0 dma=0x42a48000
[    2.355846] day32_edu_perf 0000:00:02.0: mmap ok: len=4096 pgoff=0 dma=0x42a48000
[    2.356087] day32_edu_perf 0000:00:02.0: mmap ok: len=4096 pgoff=0 dma=0x42a48000
[    2.356380] day32_edu_perf 0000:00:02.0: mmap ok: len=4096 pgoff=0 dma=0x42a48000
[    2.357119] day32_edu_perf 0000:00:02.0: mmap ok: len=4096 pgoff=0 dma=0x42a48000
[    2.357462] day32_edu_perf 0000:00:02.0: mmap ok: len=4096 pgoff=0 dma=0x42a48000
[    2.357740] day32_edu_perf 0000:00:02.0: mmap ok: len=4096 pgoff=0 dma=0x42a48000
[    2.358072] day32_edu_perf 0000:00:02.0: mmap ok: len=4096 pgoff=0 dma=0x42a48000
[    2.358322] day32_edu_perf 0000:00:02.0: mmap ok: len=4096 pgoff=0 dma=0x42a48000
[    2.358661] day32_edu_perf 0000:00:02.0: mmap ok: len=4096 pgoff=0 dma=0x42a48000
[    2.359298] day32_edu_perf 0000:00:02.0: mmap ok: len=4096 pgoff=0 dma=0x42a48000
[    2.359606] day32_edu_perf 0000:00:02.0: mmap ok: len=4096 pgoff=0 dma=0x42a48000
[    2.359836] day32_edu_perf 0000:00:02.0: mmap ok: len=4096 pgoff=0 dma=0x42a48000
[    2.360063] day32_edu_perf 0000:00:02.0: mmap ok: len=4096 pgoff=0 dma=0x42a48000
[    2.360401] day32_edu_perf 0000:00:02.0: mmap ok: len=4096 pgoff=0 dma=0x42a48000
[    2.361028] day32_edu_perf 0000:00:02.0: mmap ok: len=4096 pgoff=0 dma=0x42a48000
[    2.361289] day32_edu_perf 0000:00:02.0: mmap ok: len=4096 pgoff=0 dma=0x42a48000
[    2.361525] day32_edu_perf 0000:00:02.0: mmap ok: len=4096 pgoff=0 dma=0x42a48000
[    2.361752] day32_edu_perf 0000:00:02.0: mmap ok: len=4096 pgoff=0 dma=0x42a48000
[    2.361984] day32_edu_perf 0000:00:02.0: mmap ok: len=4096 pgoff=0 dma=0x42a48000
[    2.362213] day32_edu_perf 0000:00:02.0: mmap ok: len=4096 pgoff=0 dma=0x42a48000
[    2.362710] day32_edu_perf 0000:00:02.0: mmap ok: len=4096 pgoff=0 dma=0x42a48000
[    2.363265] day32_edu_perf 0000:00:02.0: mmap ok: len=4096 pgoff=0 dma=0x42a48000
[    2.363586] day32_edu_perf 0000:00:02.0: mmap ok: len=4096 pgoff=0 dma=0x42a48000
[    2.363818] day32_edu_perf 0000:00:02.0: mmap ok: len=4096 pgoff=0 dma=0x42a48000
[    2.364049] day32_edu_perf 0000:00:02.0: mmap ok: len=4096 pgoff=0 dma=0x42a48000
[    2.364554] day32_edu_perf 0000:00:02.0: mmap ok: len=4096 pgoff=0 dma=0x42a48000
[    2.364851] day32_edu_perf 0000:00:02.0: mmap ok: len=4096 pgoff=0 dma=0x42a48000
[    2.365091] day32_edu_perf 0000:00:02.0: mmap ok: len=4096 pgoff=0 dma=0x42a48000
[    2.365323] day32_edu_perf 0000:00:02.0: mmap ok: len=4096 pgoff=0 dma=0x42a48000
[    2.365569] day32_edu_perf 0000:00:02.0: mmap ok: len=4096 pgoff=0 dma=0x42a48000
[    2.365803] day32_edu_perf 0000:00:02.0: mmap ok: len=4096 pgoff=0 dma=0x42a48000
[    2.366032] day32_edu_perf 0000:00:02.0: mmap ok: len=4096 pgoff=0 dma=0x42a48000
[    2.366339] day32_edu_perf 0000:00:02.0: mmap ok: len=4096 pgoff=0 dma=0x42a48000
[    2.366579] day32_edu_perf 0000:00:02.0: mmap ok: len=4096 pgoff=0 dma=0x42a48000
[    2.366810] day32_edu_perf 0000:00:02.0: mmap ok: len=4096 pgoff=0 dma=0x42a48000
[    2.367038] day32_edu_perf 0000:00:02.0: mmap ok: len=4096 pgoff=0 dma=0x42a48000
[    2.367271] day32_edu_perf 0000:00:02.0: mmap ok: len=4096 pgoff=0 dma=0x42a48000
[    2.367500] day32_edu_perf 0000:00:02.0: mmap ok: len=4096 pgoff=0 dma=0x42a48000
[    2.367727] day32_edu_perf 0000:00:02.0: mmap ok: len=4096 pgoff=0 dma=0x42a48000
[    2.367957] day32_edu_perf 0000:00:02.0: mmap ok: len=4096 pgoff=0 dma=0x42a48000
[    2.368222] day32_edu_perf 0000:00:02.0: mmap ok: len=4096 pgoff=0 dma=0x42a48000
[    2.368457] day32_edu_perf 0000:00:02.0: mmap ok: len=4096 pgoff=0 dma=0x42a48000
[    2.368778] day32_edu_perf 0000:00:02.0: mmap ok: len=4096 pgoff=0 dma=0x42a48000
[    2.369187] day32_edu_perf 0000:00:02.0: mmap ok: len=4096 pgoff=0 dma=0x42a48000
[    2.369428] day32_edu_perf 0000:00:02.0: mmap ok: len=4096 pgoff=0 dma=0x42a48000
[    2.369669] day32_edu_perf 0000:00:02.0: mmap ok: len=4096 pgoff=0 dma=0x42a48000
[    2.369902] day32_edu_perf 0000:00:02.0: mmap ok: len=4096 pgoff=0 dma=0x42a48000
[    2.370192] day32_edu_perf 0000:00:02.0: mmap ok: len=4096 pgoff=0 dma=0x42a48000
[    2.370450] day32_edu_perf 0000:00:02.0: mmap ok: len=4096 pgoff=0 dma=0x42a48000
[    2.370681] day32_edu_perf 0000:00:02.0: mmap ok: len=4096 pgoff=0 dma=0x42a48000
[    2.370910] day32_edu_perf 0000:00:02.0: mmap ok: len=4096 pgoff=0 dma=0x42a48000
[    2.371140] day32_edu_perf 0000:00:02.0: mmap ok: len=4096 pgoff=0 dma=0x42a48000
[    2.371368] day32_edu_perf 0000:00:02.0: mmap ok: len=4096 pgoff=0 dma=0x42a48000
[    2.371596] day32_edu_perf 0000:00:02.0: mmap ok: len=4096 pgoff=0 dma=0x42a48000
[    2.371833] day32_edu_perf 0000:00:02.0: mmap ok: len=4096 pgoff=0 dma=0x42a48000
[    2.372063] day32_edu_perf 0000:00:02.0: mmap ok: len=4096 pgoff=0 dma=0x42a48000
[    2.372332] day32_edu_perf 0000:00:02.0: mmap ok: len=4096 pgoff=0 dma=0x42a48000
[    2.372566] day32_edu_perf 0000:00:02.0: mmap ok: len=4096 pgoff=0 dma=0x42a48000
[    2.372845] day32_edu_perf 0000:00:02.0: mmap ok: len=4096 pgoff=0 dma=0x42a48000
[    2.373714] day32_edu_perf 0000:00:02.0: mmap ok: len=4096 pgoff=0 dma=0x42a48000
[    2.374027] day32_edu_perf 0000:00:02.0: mmap ok: len=4096 pgoff=0 dma=0x42a48000
[    2.374292] day32_edu_perf 0000:00:02.0: mmap ok: len=4096 pgoff=0 dma=0x42a48000
[    2.374529] day32_edu_perf 0000:00:02.0: mmap ok: len=4096 pgoff=0 dma=0x42a48000
[    2.374759] day32_edu_perf 0000:00:02.0: mmap ok: len=4096 pgoff=0 dma=0x42a48000
[    2.374990] day32_edu_perf 0000:00:02.0: mmap ok: len=4096 pgoff=0 dma=0x42a48000
[    2.375218] day32_edu_perf 0000:00:02.0: mmap ok: len=4096 pgoff=0 dma=0x42a48000
[    2.375448] day32_edu_perf 0000:00:02.0: mmap ok: len=4096 pgoff=0 dma=0x42a48000
[    2.375677] day32_edu_perf 0000:00:02.0: mmap ok: len=4096 pgoff=0 dma=0x42a48000
[    2.376110] day32_edu_perf 0000:00:02.0: mmap ok: len=4096 pgoff=0 dma=0x42a48000
[    2.376359] day32_edu_perf 0000:00:02.0: mmap ok: len=4096 pgoff=0 dma=0x42a48000
[    2.376591] day32_edu_perf 0000:00:02.0: mmap ok: len=4096 pgoff=0 dma=0x42a48000
[    2.376826] day32_edu_perf 0000:00:02.0: mmap ok: len=4096 pgoff=0 dma=0x42a48000
[    2.377199] day32_edu_perf 0000:00:02.0: mmap ok: len=4096 pgoff=0 dma=0x42a48000
[    2.377581] day32_edu_perf 0000:00:02.0: mmap ok: len=4096 pgoff=0 dma=0x42a48000
[    2.377897] day32_edu_perf 0000:00:02.0: mmap ok: len=4096 pgoff=0 dma=0x42a48000
[    2.378136] day32_edu_perf 0000:00:02.0: mmap ok: len=4096 pgoff=0 dma=0x42a48000
[    2.378368] day32_edu_perf 0000:00:02.0: mmap ok: len=4096 pgoff=0 dma=0x42a48000
[    2.378597] day32_edu_perf 0000:00:02.0: mmap ok: len=4096 pgoff=0 dma=0x42a48000
[    2.378832] day32_edu_perf 0000:00:02.0: mmap ok: len=4096 pgoff=0 dma=0x42a48000
[    2.379062] day32_edu_perf 0000:00:02.0: mmap ok: len=4096 pgoff=0 dma=0x42a48000
[    2.379289] day32_edu_perf 0000:00:02.0: mmap ok: len=4096 pgoff=0 dma=0x42a48000
[    2.379517] day32_edu_perf 0000:00:02.0: mmap ok: len=4096 pgoff=0 dma=0x42a48000
[    2.379776] day32_edu_perf 0000:00:02.0: mmap ok: len=4096 pgoff=0 dma=0x42a48000
[    2.380017] day32_edu_perf 0000:00:02.0: mmap ok: len=4096 pgoff=0 dma=0x42a48000
[    2.380247] day32_edu_perf 0000:00:02.0: mmap ok: len=4096 pgoff=0 dma=0x42a48000
[    2.380475] day32_edu_perf 0000:00:02.0: mmap ok: len=4096 pgoff=0 dma=0x42a48000
[    2.380703] day32_edu_perf 0000:00:02.0: mmap ok: len=4096 pgoff=0 dma=0x42a48000
[    2.380936] day32_edu_perf 0000:00:02.0: mmap ok: len=4096 pgoff=0 dma=0x42a48000
[    2.381239] day32_edu_perf 0000:00:02.0: mmap ok: len=4096 pgoff=0 dma=0x42a48000
[    2.381696] day32_edu_perf 0000:00:02.0: mmap ok: len=4096 pgoff=0 dma=0x42a48000
[    2.381980] day32_edu_perf 0000:00:02.0: mmap ok: len=4096 pgoff=0 dma=0x42a48000
[    2.382216] day32_edu_perf 0000:00:02.0: mmap ok: len=4096 pgoff=0 dma=0x42a48000
[    2.382447] day32_edu_perf 0000:00:02.0: mmap ok: len=4096 pgoff=0 dma=0x42a48000
[    2.382679] day32_edu_perf 0000:00:02.0: mmap ok: len=4096 pgoff=0 dma=0x42a48000
[    2.382917] day32_edu_perf 0000:00:02.0: mmap ok: len=4096 pgoff=0 dma=0x42a48000
[    2.383226] day32_edu_perf 0000:00:02.0: mmap ok: len=4096 pgoff=0 dma=0x42a48000
[    2.383565] day32_edu_perf 0000:00:02.0: mmap ok: len=4096 pgoff=0 dma=0x42a48000
[    2.384028] day32_edu_perf 0000:00:02.0: mmap ok: len=4096 pgoff=0 dma=0x42a48000
[    2.384287] day32_edu_perf 0000:00:02.0: mmap ok: len=4096 pgoff=0 dma=0x42a48000
[    2.384522] day32_edu_perf 0000:00:02.0: mmap ok: len=4096 pgoff=0 dma=0x42a48000
[    2.384752] day32_edu_perf 0000:00:02.0: mmap ok: len=4096 pgoff=0 dma=0x42a48000
[    2.384995] day32_edu_perf 0000:00:02.0: mmap ok: len=4096 pgoff=0 dma=0x42a48000
[    2.385249] day32_edu_perf 0000:00:02.0: mmap ok: len=4096 pgoff=0 dma=0x42a48000
[    2.385523] day32_edu_perf 0000:00:02.0: mmap ok: len=4096 pgoff=0 dma=0x42a48000
[    2.385819] day32_edu_perf 0000:00:02.0: mmap ok: len=4096 pgoff=0 dma=0x42a48000
[    2.386089] day32_edu_perf 0000:00:02.0: mmap ok: len=4096 pgoff=0 dma=0x42a48000
[    2.386324] day32_edu_perf 0000:00:02.0: mmap ok: len=4096 pgoff=0 dma=0x42a48000
[    2.386554] day32_edu_perf 0000:00:02.0: mmap ok: len=4096 pgoff=0 dma=0x42a48000
[    2.386783] day32_edu_perf 0000:00:02.0: mmap ok: len=4096 pgoff=0 dma=0x42a48000
[    2.387017] day32_edu_perf 0000:00:02.0: mmap ok: len=4096 pgoff=0 dma=0x42a48000
[    2.387249] day32_edu_perf 0000:00:02.0: mmap ok: len=4096 pgoff=0 dma=0x42a48000
[    2.387478] day32_edu_perf 0000:00:02.0: mmap ok: len=4096 pgoff=0 dma=0x42a48000
[    2.387705] day32_edu_perf 0000:00:02.0: mmap ok: len=4096 pgoff=0 dma=0x42a48000
[    2.387975] day32_edu_perf 0000:00:02.0: mmap ok: len=4096 pgoff=0 dma=0x42a48000
[    2.388208] day32_edu_perf 0000:00:02.0: mmap ok: len=4096 pgoff=0 dma=0x42a48000
[    2.388436] day32_edu_perf 0000:00:02.0: mmap ok: len=4096 pgoff=0 dma=0x42a48000
[    2.388664] day32_edu_perf 0000:00:02.0: mmap ok: len=4096 pgoff=0 dma=0x42a48000
[    2.388900] day32_edu_perf 0000:00:02.0: mmap ok: len=4096 pgoff=0 dma=0x42a48000
[    2.389128] day32_edu_perf 0000:00:02.0: mmap ok: len=4096 pgoff=0 dma=0x42a48000
[    2.389357] day32_edu_perf 0000:00:02.0: mmap ok: len=4096 pgoff=0 dma=0x42a48000
[    2.389992] day32_edu_perf 0000:00:02.0: mmap ok: len=4096 pgoff=0 dma=0x42a48000
[    2.390626] day32_edu_perf 0000:00:02.0: mmap ok: len=4096 pgoff=0 dma=0x42a48000
[    2.390884] day32_edu_perf 0000:00:02.0: mmap ok: len=4096 pgoff=0 dma=0x42a48000
[    2.391359] day32_edu_perf 0000:00:02.0: mmap ok: len=4096 pgoff=0 dma=0x42a48000
[    2.391610] day32_edu_perf 0000:00:02.0: mmap ok: len=4096 pgoff=0 dma=0x42a48000
[    2.391843] day32_edu_perf 0000:00:02.0: mmap ok: len=4096 pgoff=0 dma=0x42a48000
[    2.392075] day32_edu_perf 0000:00:02.0: mmap ok: len=4096 pgoff=0 dma=0x42a48000
[    2.392308] day32_edu_perf 0000:00:02.0: mmap ok: len=4096 pgoff=0 dma=0x42a48000
[    2.392540] day32_edu_perf 0000:00:02.0: mmap ok: len=4096 pgoff=0 dma=0x42a48000
[    2.392769] day32_edu_perf 0000:00:02.0: mmap ok: len=4096 pgoff=0 dma=0x42a48000
[    2.392998] day32_edu_perf 0000:00:02.0: mmap ok: len=4096 pgoff=0 dma=0x42a48000
[    2.393309] day32_edu_perf 0000:00:02.0: mmap ok: len=4096 pgoff=0 dma=0x42a48000
[    2.393564] day32_edu_perf 0000:00:02.0: mmap ok: len=4096 pgoff=0 dma=0x42a48000
[    2.393968] day32_edu_perf 0000:00:02.0: mmap ok: len=4096 pgoff=0 dma=0x42a48000
[    2.394349] day32_edu_perf 0000:00:02.0: mmap ok: len=4096 pgoff=0 dma=0x42a48000
[    2.394610] day32_edu_perf 0000:00:02.0: mmap ok: len=4096 pgoff=0 dma=0x42a48000
[    2.394848] day32_edu_perf 0000:00:02.0: mmap ok: len=4096 pgoff=0 dma=0x42a48000
[    2.395079] day32_edu_perf 0000:00:02.0: mmap ok: len=4096 pgoff=0 dma=0x42a48000
[    2.395355] day32_edu_perf 0000:00:02.0: mmap ok: len=4096 pgoff=0 dma=0x42a48000
[    2.395595] day32_edu_perf 0000:00:02.0: mmap ok: len=4096 pgoff=0 dma=0x42a48000
[    2.395824] day32_edu_perf 0000:00:02.0: mmap ok: len=4096 pgoff=0 dma=0x42a48000
[    2.396052] day32_edu_perf 0000:00:02.0: mmap ok: len=4096 pgoff=0 dma=0x42a48000
[    2.396282] day32_edu_perf 0000:00:02.0: mmap ok: len=4096 pgoff=0 dma=0x42a48000
[    2.396511] day32_edu_perf 0000:00:02.0: mmap ok: len=4096 pgoff=0 dma=0x42a48000
[    2.396740] day32_edu_perf 0000:00:02.0: mmap ok: len=4096 pgoff=0 dma=0x42a48000
[    2.396967] day32_edu_perf 0000:00:02.0: mmap ok: len=4096 pgoff=0 dma=0x42a48000
[    2.397376] day32_edu_perf 0000:00:02.0: mmap ok: len=4096 pgoff=0 dma=0x42a48000
[    2.397644] day32_edu_perf 0000:00:02.0: mmap ok: len=4096 pgoff=0 dma=0x42a48000
[    2.397925] day32_edu_perf 0000:00:02.0: mmap ok: len=4096 pgoff=0 dma=0x42a48000
[    2.398217] day32_edu_perf 0000:00:02.0: mmap ok: len=4096 pgoff=0 dma=0x42a48000
[    2.398455] day32_edu_perf 0000:00:02.0: mmap ok: len=4096 pgoff=0 dma=0x42a48000
[    2.398702] day32_edu_perf 0000:00:02.0: mmap ok: len=4096 pgoff=0 dma=0x42a48000
[    2.399008] day32_edu_perf 0000:00:02.0: mmap ok: len=4096 pgoff=0 dma=0x42a48000
[    2.399263] day32_edu_perf 0000:00:02.0: mmap ok: len=4096 pgoff=0 dma=0x42a48000
[    2.399495] day32_edu_perf 0000:00:02.0: mmap ok: len=4096 pgoff=0 dma=0x42a48000
[    2.399724] day32_edu_perf 0000:00:02.0: mmap ok: len=4096 pgoff=0 dma=0x42a48000
[    2.399956] day32_edu_perf 0000:00:02.0: mmap ok: len=4096 pgoff=0 dma=0x42a48000
[    2.400190] day32_edu_perf 0000:00:02.0: mmap ok: len=4096 pgoff=0 dma=0x42a48000
[    2.400419] day32_edu_perf 0000:00:02.0: mmap ok: len=4096 pgoff=0 dma=0x42a48000
[    2.400647] day32_edu_perf 0000:00:02.0: mmap ok: len=4096 pgoff=0 dma=0x42a48000
[    2.400873] day32_edu_perf 0000:00:02.0: mmap ok: len=4096 pgoff=0 dma=0x42a48000
[    2.401144] day32_edu_perf 0000:00:02.0: mmap ok: len=4096 pgoff=0 dma=0x42a48000
[    2.401377] day32_edu_perf 0000:00:02.0: mmap ok: len=4096 pgoff=0 dma=0x42a48000
[    2.401607] day32_edu_perf 0000:00:02.0: mmap ok: len=4096 pgoff=0 dma=0x42a48000
[    2.401836] day32_edu_perf 0000:00:02.0: mmap ok: len=4096 pgoff=0 dma=0x42a48000
[    2.402409] day32_edu_perf 0000:00:02.0: mmap ok: len=4096 pgoff=0 dma=0x42a48000
[    2.402760] day32_edu_perf 0000:00:02.0: mmap ok: len=4096 pgoff=0 dma=0x42a48000
[    2.403032] day32_edu_perf 0000:00:02.0: mmap ok: len=4096 pgoff=0 dma=0x42a48000
[    2.403268] day32_edu_perf 0000:00:02.0: mmap ok: len=4096 pgoff=0 dma=0x42a48000
[    2.403498] day32_edu_perf 0000:00:02.0: mmap ok: len=4096 pgoff=0 dma=0x42a48000
[    2.403732] day32_edu_perf 0000:00:02.0: mmap ok: len=4096 pgoff=0 dma=0x42a48000
[    2.403962] day32_edu_perf 0000:00:02.0: mmap ok: len=4096 pgoff=0 dma=0x42a48000
[    2.404190] day32_edu_perf 0000:00:02.0: mmap ok: len=4096 pgoff=0 dma=0x42a48000
[    2.404418] day32_edu_perf 0000:00:02.0: mmap ok: len=4096 pgoff=0 dma=0x42a48000
[    2.404645] day32_edu_perf 0000:00:02.0: mmap ok: len=4096 pgoff=0 dma=0x42a48000
[    2.404873] day32_edu_perf 0000:00:02.0: mmap ok: len=4096 pgoff=0 dma=0x42a48000
[    2.405146] day32_edu_perf 0000:00:02.0: mmap ok: len=4096 pgoff=0 dma=0x42a48000
[    2.405380] day32_edu_perf 0000:00:02.0: mmap ok: len=4096 pgoff=0 dma=0x42a48000
[    2.405609] day32_edu_perf 0000:00:02.0: mmap ok: len=4096 pgoff=0 dma=0x42a48000
[    2.405837] day32_edu_perf 0000:00:02.0: mmap ok: len=4096 pgoff=0 dma=0x42a48000
[    2.406068] day32_edu_perf 0000:00:02.0: mmap ok: len=4096 pgoff=0 dma=0x42a48000
[    2.406373] day32_edu_perf 0000:00:02.0: mmap ok: len=4096 pgoff=0 dma=0x42a48000
[    2.406816] day32_edu_perf 0000:00:02.0: mmap ok: len=4096 pgoff=0 dma=0x42a48000
[    2.407089] day32_edu_perf 0000:00:02.0: mmap ok: len=4096 pgoff=0 dma=0x42a48000
[    2.407325] day32_edu_perf 0000:00:02.0: mmap ok: len=4096 pgoff=0 dma=0x42a48000
[    2.407556] day32_edu_perf 0000:00:02.0: mmap ok: len=4096 pgoff=0 dma=0x42a48000
[    2.407786] day32_edu_perf 0000:00:02.0: mmap ok: len=4096 pgoff=0 dma=0x42a48000
[    2.408021] day32_edu_perf 0000:00:02.0: mmap ok: len=4096 pgoff=0 dma=0x42a48000
[    2.408249] day32_edu_perf 0000:00:02.0: mmap ok: len=4096 pgoff=0 dma=0x42a48000
[    2.408479] day32_edu_perf 0000:00:02.0: mmap ok: len=4096 pgoff=0 dma=0x42a48000
[    2.408709] day32_edu_perf 0000:00:02.0: mmap ok: len=4096 pgoff=0 dma=0x42a48000
[    2.409094] day32_edu_perf 0000:00:02.0: mmap ok: len=4096 pgoff=0 dma=0x42a48000
[    2.409374] day32_edu_perf 0000:00:02.0: mmap ok: len=4096 pgoff=0 dma=0x42a48000
[    2.409610] day32_edu_perf 0000:00:02.0: mmap ok: len=4096 pgoff=0 dma=0x42a48000
[    2.409841] day32_edu_perf 0000:00:02.0: mmap ok: len=4096 pgoff=0 dma=0x42a48000
[    2.410076] day32_edu_perf 0000:00:02.0: mmap ok: len=4096 pgoff=0 dma=0x42a48000
[    2.410353] day32_edu_perf 0000:00:02.0: mmap ok: len=4096 pgoff=0 dma=0x42a48000
[    2.410669] day32_edu_perf 0000:00:02.0: mmap ok: len=4096 pgoff=0 dma=0x42a48000
[    2.410912] day32_edu_perf 0000:00:02.0: mmap ok: len=4096 pgoff=0 dma=0x42a48000
[    2.411336] day32_edu_perf 0000:00:02.0: mmap ok: len=4096 pgoff=0 dma=0x42a48000
[    2.411592] day32_edu_perf 0000:00:02.0: mmap ok: len=4096 pgoff=0 dma=0x42a48000
[    2.411827] day32_edu_perf 0000:00:02.0: mmap ok: len=4096 pgoff=0 dma=0x42a48000
[    2.412056] day32_edu_perf 0000:00:02.0: mmap ok: len=4096 pgoff=0 dma=0x42a48000
[    2.412287] day32_edu_perf 0000:00:02.0: mmap ok: len=4096 pgoff=0 dma=0x42a48000
[    2.412516] day32_edu_perf 0000:00:02.0: mmap ok: len=4096 pgoff=0 dma=0x42a48000
[    2.412748] day32_edu_perf 0000:00:02.0: mmap ok: len=4096 pgoff=0 dma=0x42a48000
[    2.413040] day32_edu_perf 0000:00:02.0: mmap ok: len=4096 pgoff=0 dma=0x42a48000
[    2.413296] day32_edu_perf 0000:00:02.0: mmap ok: len=4096 pgoff=0 dma=0x42a48000
[    2.413528] day32_edu_perf 0000:00:02.0: mmap ok: len=4096 pgoff=0 dma=0x42a48000
[    2.413758] day32_edu_perf 0000:00:02.0: mmap ok: len=4096 pgoff=0 dma=0x42a48000
[    2.413986] day32_edu_perf 0000:00:02.0: mmap ok: len=4096 pgoff=0 dma=0x42a48000
[    2.414224] day32_edu_perf 0000:00:02.0: mmap ok: len=4096 pgoff=0 dma=0x42a48000
[    2.414496] day32_edu_perf 0000:00:02.0: mmap ok: len=4096 pgoff=0 dma=0x42a48000
[    2.414806] day32_edu_perf 0000:00:02.0: mmap ok: len=4096 pgoff=0 dma=0x42a48000
[    2.415088] day32_edu_perf 0000:00:02.0: mmap ok: len=4096 pgoff=0 dma=0x42a48000
[    2.415324] day32_edu_perf 0000:00:02.0: mmap ok: len=4096 pgoff=0 dma=0x42a48000
[    2.415567] day32_edu_perf 0000:00:02.0: mmap ok: len=4096 pgoff=0 dma=0x42a48000
[    2.415799] day32_edu_perf 0000:00:02.0: mmap ok: len=4096 pgoff=0 dma=0x42a48000
[    2.416028] day32_edu_perf 0000:00:02.0: mmap ok: len=4096 pgoff=0 dma=0x42a48000
[    2.416256] day32_edu_perf 0000:00:02.0: mmap ok: len=4096 pgoff=0 dma=0x42a48000
[    2.416489] day32_edu_perf 0000:00:02.0: mmap ok: len=4096 pgoff=0 dma=0x42a48000
[    2.416719] day32_edu_perf 0000:00:02.0: mmap ok: len=4096 pgoff=0 dma=0x42a48000
[    2.416971] day32_edu_perf 0000:00:02.0: mmap ok: len=4096 pgoff=0 dma=0x42a48000
[    2.417219] day32_edu_perf 0000:00:02.0: mmap ok: len=4096 pgoff=0 dma=0x42a48000
[    2.417450] day32_edu_perf 0000:00:02.0: mmap ok: len=4096 pgoff=0 dma=0x42a48000
[    2.417679] day32_edu_perf 0000:00:02.0: mmap ok: len=4096 pgoff=0 dma=0x42a48000
[    2.417907] day32_edu_perf 0000:00:02.0: mmap ok: len=4096 pgoff=0 dma=0x42a48000
[    2.418133] day32_edu_perf 0000:00:02.0: mmap ok: len=4096 pgoff=0 dma=0x42a48000
[    2.418363] day32_edu_perf 0000:00:02.0: mmap ok: len=4096 pgoff=0 dma=0x42a48000
[    2.418609] day32_edu_perf 0000:00:02.0: mmap ok: len=4096 pgoff=0 dma=0x42a48000
[    2.419287] day32_edu_perf 0000:00:02.0: mmap ok: len=4096 pgoff=0 dma=0x42a48000
[    2.419718] day32_edu_perf 0000:00:02.0: mmap ok: len=4096 pgoff=0 dma=0x42a48000
[    2.420129] day32_edu_perf 0000:00:02.0: mmap ok: len=4096 pgoff=0 dma=0x42a48000
[    2.420519] day32_edu_perf 0000:00:02.0: mmap ok: len=4096 pgoff=0 dma=0x42a48000
[    2.420838] day32_edu_perf 0000:00:02.0: mmap ok: len=4096 pgoff=0 dma=0x42a48000
[    2.421089] day32_edu_perf 0000:00:02.0: mmap ok: len=4096 pgoff=0 dma=0x42a48000
[    2.421325] day32_edu_perf 0000:00:02.0: mmap ok: len=4096 pgoff=0 dma=0x42a48000
[    2.421560] day32_edu_perf 0000:00:02.0: mmap ok: len=4096 pgoff=0 dma=0x42a48000
[    2.421887] day32_edu_perf 0000:00:02.0: mmap ok: len=4096 pgoff=0 dma=0x42a48000
[    2.422157] day32_edu_perf 0000:00:02.0: mmap ok: len=4096 pgoff=0 dma=0x42a48000
[    2.422394] day32_edu_perf 0000:00:02.0: mmap ok: len=4096 pgoff=0 dma=0x42a48000
[    2.422626] day32_edu_perf 0000:00:02.0: mmap ok: len=4096 pgoff=0 dma=0x42a48000
[    2.422923] day32_edu_perf 0000:00:02.0: mmap ok: len=4096 pgoff=0 dma=0x42a48000
[    2.423235] day32_edu_perf 0000:00:02.0: mmap ok: len=4096 pgoff=0 dma=0x42a48000
[    2.423483] day32_edu_perf 0000:00:02.0: mmap ok: len=4096 pgoff=0 dma=0x42a48000
[    2.423726] day32_edu_perf 0000:00:02.0: mmap ok: len=4096 pgoff=0 dma=0x42a48000
[    2.423987] day32_edu_perf 0000:00:02.0: mmap ok: len=4096 pgoff=0 dma=0x42a48000
[    2.424221] day32_edu_perf 0000:00:02.0: mmap ok: len=4096 pgoff=0 dma=0x42a48000
[    2.424452] day32_edu_perf 0000:00:02.0: mmap ok: len=4096 pgoff=0 dma=0x42a48000
[    2.424686] day32_edu_perf 0000:00:02.0: mmap ok: len=4096 pgoff=0 dma=0x42a48000
[    2.424918] day32_edu_perf 0000:00:02.0: mmap ok: len=4096 pgoff=0 dma=0x42a48000
[    2.425148] day32_edu_perf 0000:00:02.0: mmap ok: len=4096 pgoff=0 dma=0x42a48000
[    2.425377] day32_edu_perf 0000:00:02.0: mmap ok: len=4096 pgoff=0 dma=0x42a48000
[    2.425605] day32_edu_perf 0000:00:02.0: mmap ok: len=4096 pgoff=0 dma=0x42a48000
[    2.425864] day32_edu_perf 0000:00:02.0: mmap ok: len=4096 pgoff=0 dma=0x42a48000
[    2.426106] day32_edu_perf 0000:00:02.0: mmap ok: len=4096 pgoff=0 dma=0x42a48000
[    2.426336] day32_edu_perf 0000:00:02.0: mmap ok: len=4096 pgoff=0 dma=0x42a48000
[    2.426562] day32_edu_perf 0000:00:02.0: mmap ok: len=4096 pgoff=0 dma=0x42a48000
[    2.426789] day32_edu_perf 0000:00:02.0: mmap ok: len=4096 pgoff=0 dma=0x42a48000
[    2.427104] day32_edu_perf 0000:00:02.0: mmap ok: len=4096 pgoff=0 dma=0x42a48000
[    2.427700] day32_edu_perf 0000:00:02.0: mmap ok: len=4096 pgoff=0 dma=0x42a48000
[    2.427989] day32_edu_perf 0000:00:02.0: mmap ok: len=4096 pgoff=0 dma=0x42a48000
[    2.428230] day32_edu_perf 0000:00:02.0: mmap ok: len=4096 pgoff=0 dma=0x42a48000
[    2.428463] day32_edu_perf 0000:00:02.0: mmap ok: len=4096 pgoff=0 dma=0x42a48000
[    2.428697] day32_edu_perf 0000:00:02.0: mmap ok: len=4096 pgoff=0 dma=0x42a48000
[    2.428931] day32_edu_perf 0000:00:02.0: mmap ok: len=4096 pgoff=0 dma=0x42a48000
[    2.429164] day32_edu_perf 0000:00:02.0: mmap ok: len=4096 pgoff=0 dma=0x42a48000
[    2.429395] day32_edu_perf 0000:00:02.0: mmap ok: len=4096 pgoff=0 dma=0x42a48000
[    2.429626] day32_edu_perf 0000:00:02.0: mmap ok: len=4096 pgoff=0 dma=0x42a48000
[    2.429934] day32_edu_perf 0000:00:02.0: mmap ok: len=4096 pgoff=0 dma=0x42a48000
[    2.430190] day32_edu_perf 0000:00:02.0: mmap ok: len=4096 pgoff=0 dma=0x42a48000
[    2.430421] day32_edu_perf 0000:00:02.0: mmap ok: len=4096 pgoff=0 dma=0x42a48000
[    2.430656] day32_edu_perf 0000:00:02.0: mmap ok: len=4096 pgoff=0 dma=0x42a48000
[    2.430950] day32_edu_perf 0000:00:02.0: mmap ok: len=4096 pgoff=0 dma=0x42a48000
[    2.431321] day32_edu_perf 0000:00:02.0: mmap ok: len=4096 pgoff=0 dma=0x42a48000
[    2.431600] day32_edu_perf 0000:00:02.0: mmap ok: len=4096 pgoff=0 dma=0x42a48000
[    2.432013] day32_edu_perf 0000:00:02.0: mmap ok: len=4096 pgoff=0 dma=0x42a48000
[    2.432285] day32_edu_perf 0000:00:02.0: mmap ok: len=4096 pgoff=0 dma=0x42a48000
[    2.432536] day32_edu_perf 0000:00:02.0: mmap ok: len=4096 pgoff=0 dma=0x42a48000
[    2.432766] day32_edu_perf 0000:00:02.0: mmap ok: len=4096 pgoff=0 dma=0x42a48000
[    2.433072] day32_edu_perf 0000:00:02.0: mmap ok: len=4096 pgoff=0 dma=0x42a48000
[    2.433309] day32_edu_perf 0000:00:02.0: mmap ok: len=4096 pgoff=0 dma=0x42a48000
[    2.433542] day32_edu_perf 0000:00:02.0: mmap ok: len=4096 pgoff=0 dma=0x42a48000
[    2.433773] day32_edu_perf 0000:00:02.0: mmap ok: len=4096 pgoff=0 dma=0x42a48000
[    2.434051] day32_edu_perf 0000:00:02.0: mmap ok: len=4096 pgoff=0 dma=0x42a48000
[    2.434286] day32_edu_perf 0000:00:02.0: mmap ok: len=4096 pgoff=0 dma=0x42a48000
[    2.434520] day32_edu_perf 0000:00:02.0: mmap ok: len=4096 pgoff=0 dma=0x42a48000
[    2.434751] day32_edu_perf 0000:00:02.0: mmap ok: len=4096 pgoff=0 dma=0x42a48000
[    2.434981] day32_edu_perf 0000:00:02.0: mmap ok: len=4096 pgoff=0 dma=0x42a48000
[    2.435214] day32_edu_perf 0000:00:02.0: mmap ok: len=4096 pgoff=0 dma=0x42a48000
[    2.435651] day32_edu_perf 0000:00:02.0: mmap ok: len=4096 pgoff=0 dma=0x42a48000
[    2.435956] day32_edu_perf 0000:00:02.0: mmap ok: len=4096 pgoff=0 dma=0x42a48000
[    2.436211] day32_edu_perf 0000:00:02.0: mmap ok: len=4096 pgoff=0 dma=0x42a48000
[    2.436446] day32_edu_perf 0000:00:02.0: mmap ok: len=4096 pgoff=0 dma=0x42a48000
[    2.436677] day32_edu_perf 0000:00:02.0: mmap ok: len=4096 pgoff=0 dma=0x42a48000
[    2.436912] day32_edu_perf 0000:00:02.0: mmap ok: len=4096 pgoff=0 dma=0x42a48000
[    2.437147] day32_edu_perf 0000:00:02.0: mmap ok: len=4096 pgoff=0 dma=0x42a48000
[    2.437377] day32_edu_perf 0000:00:02.0: mmap ok: len=4096 pgoff=0 dma=0x42a48000
[    2.437606] day32_edu_perf 0000:00:02.0: mmap ok: len=4096 pgoff=0 dma=0x42a48000
[    2.437893] day32_edu_perf 0000:00:02.0: mmap ok: len=4096 pgoff=0 dma=0x42a48000
[    2.438155] day32_edu_perf 0000:00:02.0: mmap ok: len=4096 pgoff=0 dma=0x42a48000
[    2.438389] day32_edu_perf 0000:00:02.0: mmap ok: len=4096 pgoff=0 dma=0x42a48000
[    2.438620] day32_edu_perf 0000:00:02.0: mmap ok: len=4096 pgoff=0 dma=0x42a48000
[    2.438850] day32_edu_perf 0000:00:02.0: mmap ok: len=4096 pgoff=0 dma=0x42a48000
[    2.439087] day32_edu_perf 0000:00:02.0: mmap ok: len=4096 pgoff=0 dma=0x42a48000
[    2.439317] day32_edu_perf 0000:00:02.0: mmap ok: len=4096 pgoff=0 dma=0x42a48000
[    2.439595] day32_edu_perf 0000:00:02.0: mmap ok: len=4096 pgoff=0 dma=0x42a48000
[    2.440031] day32_edu_perf 0000:00:02.0: mmap ok: len=4096 pgoff=0 dma=0x42a48000
[    2.440293] day32_edu_perf 0000:00:02.0: mmap ok: len=4096 pgoff=0 dma=0x42a48000
[    2.440537] day32_edu_perf 0000:00:02.0: mmap ok: len=4096 pgoff=0 dma=0x42a48000
[    2.440770] day32_edu_perf 0000:00:02.0: mmap ok: len=4096 pgoff=0 dma=0x42a48000
[    2.441002] day32_edu_perf 0000:00:02.0: mmap ok: len=4096 pgoff=0 dma=0x42a48000
[    2.441232] day32_edu_perf 0000:00:02.0: mmap ok: len=4096 pgoff=0 dma=0x42a48000
[    2.441466] day32_edu_perf 0000:00:02.0: mmap ok: len=4096 pgoff=0 dma=0x42a48000
[    2.441700] day32_edu_perf 0000:00:02.0: mmap ok: len=4096 pgoff=0 dma=0x42a48000
[    2.442007] day32_edu_perf 0000:00:02.0: mmap ok: len=4096 pgoff=0 dma=0x42a48000
[    2.442246] day32_edu_perf 0000:00:02.0: mmap ok: len=4096 pgoff=0 dma=0x42a48000
[    2.442478] day32_edu_perf 0000:00:02.0: mmap ok: len=4096 pgoff=0 dma=0x42a48000
[    2.442707] day32_edu_perf 0000:00:02.0: mmap ok: len=4096 pgoff=0 dma=0x42a48000
[    2.442941] day32_edu_perf 0000:00:02.0: mmap ok: len=4096 pgoff=0 dma=0x42a48000
[    2.443173] day32_edu_perf 0000:00:02.0: mmap ok: len=4096 pgoff=0 dma=0x42a48000
[    2.443403] day32_edu_perf 0000:00:02.0: mmap ok: len=4096 pgoff=0 dma=0x42a48000
[    2.443727] day32_edu_perf 0000:00:02.0: mmap ok: len=4096 pgoff=0 dma=0x42a48000
[    2.444340] day32_edu_perf 0000:00:02.0: mmap ok: len=4096 pgoff=0 dma=0x42a48000
[    2.444614] day32_edu_perf 0000:00:02.0: mmap ok: len=4096 pgoff=0 dma=0x42a48000
[    2.444853] day32_edu_perf 0000:00:02.0: mmap ok: len=4096 pgoff=0 dma=0x42a48000
[    2.445085] day32_edu_perf 0000:00:02.0: mmap ok: len=4096 pgoff=0 dma=0x42a48000
[    2.445317] day32_edu_perf 0000:00:02.0: mmap ok: len=4096 pgoff=0 dma=0x42a48000
[    2.445555] day32_edu_perf 0000:00:02.0: mmap ok: len=4096 pgoff=0 dma=0x42a48000
[    2.445829] day32_edu_perf 0000:00:02.0: mmap ok: len=4096 pgoff=0 dma=0x42a48000
[    2.446065] day32_edu_perf 0000:00:02.0: mmap ok: len=4096 pgoff=0 dma=0x42a48000
[    2.446297] day32_edu_perf 0000:00:02.0: mmap ok: len=4096 pgoff=0 dma=0x42a48000
[    2.446528] day32_edu_perf 0000:00:02.0: mmap ok: len=4096 pgoff=0 dma=0x42a48000
[    2.446760] day32_edu_perf 0000:00:02.0: mmap ok: len=4096 pgoff=0 dma=0x42a48000
[    2.446988] day32_edu_perf 0000:00:02.0: mmap ok: len=4096 pgoff=0 dma=0x42a48000
[    2.447217] day32_edu_perf 0000:00:02.0: mmap ok: len=4096 pgoff=0 dma=0x42a48000
[    2.447444] day32_edu_perf 0000:00:02.0: mmap ok: len=4096 pgoff=0 dma=0x42a48000
[    2.447693] day32_edu_perf 0000:00:02.0: mmap ok: len=4096 pgoff=0 dma=0x42a48000
[    2.448506] day32_edu_perf 0000:00:02.0: mmap ok: len=4096 pgoff=0 dma=0x42a48000
[    2.448849] day32_edu_perf 0000:00:02.0: mmap ok: len=4096 pgoff=0 dma=0x42a48000
[    2.449113] day32_edu_perf 0000:00:02.0: mmap ok: len=4096 pgoff=0 dma=0x42a48000
[    2.449473] day32_edu_perf 0000:00:02.0: mmap ok: len=4096 pgoff=0 dma=0x42a48000
[    2.449723] day32_edu_perf 0000:00:02.0: mmap ok: len=4096 pgoff=0 dma=0x42a48000
[    2.449958] day32_edu_perf 0000:00:02.0: mmap ok: len=4096 pgoff=0 dma=0x42a48000
[    2.450189] day32_edu_perf 0000:00:02.0: mmap ok: len=4096 pgoff=0 dma=0x42a48000
[    2.450425] day32_edu_perf 0000:00:02.0: mmap ok: len=4096 pgoff=0 dma=0x42a48000
[    2.450658] day32_edu_perf 0000:00:02.0: mmap ok: len=4096 pgoff=0 dma=0x42a48000
[    2.450886] day32_edu_perf 0000:00:02.0: mmap ok: len=4096 pgoff=0 dma=0x42a48000
[    2.451161] day32_edu_perf 0000:00:02.0: mmap ok: len=4096 pgoff=0 dma=0x42a48000
[    2.451395] day32_edu_perf 0000:00:02.0: mmap ok: len=4096 pgoff=0 dma=0x42a48000
[    2.451623] day32_edu_perf 0000:00:02.0: mmap ok: len=4096 pgoff=0 dma=0x42a48000
[    2.451851] day32_edu_perf 0000:00:02.0: mmap ok: len=4096 pgoff=0 dma=0x42a48000
[    2.452137] day32_edu_perf 0000:00:02.0: mmap ok: len=4096 pgoff=0 dma=0x42a48000
[    2.452719] day32_edu_perf 0000:00:02.0: mmap ok: len=4096 pgoff=0 dma=0x42a48000
[    2.452994] day32_edu_perf 0000:00:02.0: mmap ok: len=4096 pgoff=0 dma=0x42a48000
[    2.453236] day32_edu_perf 0000:00:02.0: mmap ok: len=4096 pgoff=0 dma=0x42a48000
[    2.453470] day32_edu_perf 0000:00:02.0: mmap ok: len=4096 pgoff=0 dma=0x42a48000
[    2.453702] day32_edu_perf 0000:00:02.0: mmap ok: len=4096 pgoff=0 dma=0x42a48000
[    2.453937] day32_edu_perf 0000:00:02.0: mmap ok: len=4096 pgoff=0 dma=0x42a48000
[    2.454168] day32_edu_perf 0000:00:02.0: mmap ok: len=4096 pgoff=0 dma=0x42a48000
[    2.454396] day32_edu_perf 0000:00:02.0: mmap ok: len=4096 pgoff=0 dma=0x42a48000
[    2.454629] day32_edu_perf 0000:00:02.0: mmap ok: len=4096 pgoff=0 dma=0x42a48000
[    2.454858] day32_edu_perf 0000:00:02.0: mmap ok: len=4096 pgoff=0 dma=0x42a48000
[    2.455162] day32_edu_perf 0000:00:02.0: mmap ok: len=4096 pgoff=0 dma=0x42a48000
[    2.455402] day32_edu_perf 0000:00:02.0: mmap ok: len=4096 pgoff=0 dma=0x42a48000
[    2.455632] day32_edu_perf 0000:00:02.0: mmap ok: len=4096 pgoff=0 dma=0x42a48000
[    2.455863] day32_edu_perf 0000:00:02.0: mmap ok: len=4096 pgoff=0 dma=0x42a48000
[    2.456134] day32_edu_perf 0000:00:02.0: mmap ok: len=4096 pgoff=0 dma=0x42a48000
[    2.456604] day32_edu_perf 0000:00:02.0: mmap ok: len=4096 pgoff=0 dma=0x42a48000
[    2.456864] day32_edu_perf 0000:00:02.0: mmap ok: len=4096 pgoff=0 dma=0x42a48000
[    2.457125] day32_edu_perf 0000:00:02.0: mmap ok: len=4096 pgoff=0 dma=0x42a48000
[    2.457358] day32_edu_perf 0000:00:02.0: mmap ok: len=4096 pgoff=0 dma=0x42a48000
[    2.457588] day32_edu_perf 0000:00:02.0: mmap ok: len=4096 pgoff=0 dma=0x42a48000
[    2.457823] day32_edu_perf 0000:00:02.0: mmap ok: len=4096 pgoff=0 dma=0x42a48000
[    2.458053] day32_edu_perf 0000:00:02.0: mmap ok: len=4096 pgoff=0 dma=0x42a48000
[    2.458283] day32_edu_perf 0000:00:02.0: mmap ok: len=4096 pgoff=0 dma=0x42a48000
[    2.458513] day32_edu_perf 0000:00:02.0: mmap ok: len=4096 pgoff=0 dma=0x42a48000
[    2.458744] day32_edu_perf 0000:00:02.0: mmap ok: len=4096 pgoff=0 dma=0x42a48000
[    2.459160] day32_edu_perf 0000:00:02.0: mmap ok: len=4096 pgoff=0 dma=0x42a48000
[    2.459428] day32_edu_perf 0000:00:02.0: mmap ok: len=4096 pgoff=0 dma=0x42a48000
[    2.459663] day32_edu_perf 0000:00:02.0: mmap ok: len=4096 pgoff=0 dma=0x42a48000
[    2.459893] day32_edu_perf 0000:00:02.0: mmap ok: len=4096 pgoff=0 dma=0x42a48000
[    2.460128] day32_edu_perf 0000:00:02.0: mmap ok: len=4096 pgoff=0 dma=0x42a48000
[    2.460399] day32_edu_perf 0000:00:02.0: mmap ok: len=4096 pgoff=0 dma=0x42a48000
[    2.460652] day32_edu_perf 0000:00:02.0: mmap ok: len=4096 pgoff=0 dma=0x42a48000
[    2.460885] day32_edu_perf 0000:00:02.0: mmap ok: len=4096 pgoff=0 dma=0x42a48000
[    2.461203] day32_edu_perf 0000:00:02.0: mmap ok: len=4096 pgoff=0 dma=0x42a48000
[    2.461452] day32_edu_perf 0000:00:02.0: mmap ok: len=4096 pgoff=0 dma=0x42a48000
[    2.461692] day32_edu_perf 0000:00:02.0: mmap ok: len=4096 pgoff=0 dma=0x42a48000
[    2.461928] day32_edu_perf 0000:00:02.0: mmap ok: len=4096 pgoff=0 dma=0x42a48000
[    2.462164] day32_edu_perf 0000:00:02.0: mmap ok: len=4096 pgoff=0 dma=0x42a48000
[    2.462395] day32_edu_perf 0000:00:02.0: mmap ok: len=4096 pgoff=0 dma=0x42a48000
[    2.462626] day32_edu_perf 0000:00:02.0: mmap ok: len=4096 pgoff=0 dma=0x42a48000
[    2.462856] day32_edu_perf 0000:00:02.0: mmap ok: len=4096 pgoff=0 dma=0x42a48000
[    2.463129] day32_edu_perf 0000:00:02.0: mmap ok: len=4096 pgoff=0 dma=0x42a48000
[    2.463365] day32_edu_perf 0000:00:02.0: mmap ok: len=4096 pgoff=0 dma=0x42a48000
[    2.463596] day32_edu_perf 0000:00:02.0: mmap ok: len=4096 pgoff=0 dma=0x42a48000
[    2.463825] day32_edu_perf 0000:00:02.0: mmap ok: len=4096 pgoff=0 dma=0x42a48000
[    2.464057] day32_edu_perf 0000:00:02.0: mmap ok: len=4096 pgoff=0 dma=0x42a48000
[    2.464288] day32_edu_perf 0000:00:02.0: mmap ok: len=4096 pgoff=0 dma=0x42a48000
[    2.464680] day32_edu_perf 0000:00:02.0: mmap ok: len=4096 pgoff=0 dma=0x42a48000
[    2.465259] day32_edu_perf 0000:00:02.0: mmap ok: len=4096 pgoff=0 dma=0x42a48000
[    2.465508] day32_edu_perf 0000:00:02.0: mmap ok: len=4096 pgoff=0 dma=0x42a48000
[    2.465742] day32_edu_perf 0000:00:02.0: mmap ok: len=4096 pgoff=0 dma=0x42a48000
[    2.465974] day32_edu_perf 0000:00:02.0: mmap ok: len=4096 pgoff=0 dma=0x42a48000
[    2.466210] day32_edu_perf 0000:00:02.0: mmap ok: len=4096 pgoff=0 dma=0x42a48000
[    2.466442] day32_edu_perf 0000:00:02.0: mmap ok: len=4096 pgoff=0 dma=0x42a48000
[    2.466675] day32_edu_perf 0000:00:02.0: mmap ok: len=4096 pgoff=0 dma=0x42a48000
[    2.466906] day32_edu_perf 0000:00:02.0: mmap ok: len=4096 pgoff=0 dma=0x42a48000
[    2.467180] day32_edu_perf 0000:00:02.0: mmap ok: len=4096 pgoff=0 dma=0x42a48000
[    2.467414] day32_edu_perf 0000:00:02.0: mmap ok: len=4096 pgoff=0 dma=0x42a48000
[    2.467645] day32_edu_perf 0000:00:02.0: mmap ok: len=4096 pgoff=0 dma=0x42a48000
[    2.467874] day32_edu_perf 0000:00:02.0: mmap ok: len=4096 pgoff=0 dma=0x42a48000
[    2.468105] day32_edu_perf 0000:00:02.0: mmap ok: len=4096 pgoff=0 dma=0x42a48000
[    2.468334] day32_edu_perf 0000:00:02.0: mmap ok: len=4096 pgoff=0 dma=0x42a48000
[    2.468565] day32_edu_perf 0000:00:02.0: mmap ok: len=4096 pgoff=0 dma=0x42a48000
[    2.469044] day32_edu_perf 0000:00:02.0: mmap ok: len=4096 pgoff=0 dma=0x42a48000
[    2.469327] day32_edu_perf 0000:00:02.0: mmap ok: len=4096 pgoff=0 dma=0x42a48000
[    2.469588] day32_edu_perf 0000:00:02.0: mmap ok: len=4096 pgoff=0 dma=0x42a48000
[    2.469828] day32_edu_perf 0000:00:02.0: mmap ok: len=4096 pgoff=0 dma=0x42a48000
[    2.470061] day32_edu_perf 0000:00:02.0: mmap ok: len=4096 pgoff=0 dma=0x42a48000
[    2.470291] day32_edu_perf 0000:00:02.0: mmap ok: len=4096 pgoff=0 dma=0x42a48000
[    2.470522] day32_edu_perf 0000:00:02.0: mmap ok: len=4096 pgoff=0 dma=0x42a48000
[    2.470755] day32_edu_perf 0000:00:02.0: mmap ok: len=4096 pgoff=0 dma=0x42a48000
[    2.471017] day32_edu_perf 0000:00:02.0: mmap ok: len=4096 pgoff=0 dma=0x42a48000
[    2.471267] day32_edu_perf 0000:00:02.0: mmap ok: len=4096 pgoff=0 dma=0x42a48000
[    2.471497] day32_edu_perf 0000:00:02.0: mmap ok: len=4096 pgoff=0 dma=0x42a48000
[    2.471727] day32_edu_perf 0000:00:02.0: mmap ok: len=4096 pgoff=0 dma=0x42a48000
[    2.471956] day32_edu_perf 0000:00:02.0: mmap ok: len=4096 pgoff=0 dma=0x42a48000
[    2.472184] day32_edu_perf 0000:00:02.0: mmap ok: len=4096 pgoff=0 dma=0x42a48000
[    2.472414] day32_edu_perf 0000:00:02.0: mmap ok: len=4096 pgoff=0 dma=0x42a48000
[    2.472644] day32_edu_perf 0000:00:02.0: mmap ok: len=4096 pgoff=0 dma=0x42a48000
[    2.473027] day32_edu_perf 0000:00:02.0: mmap ok: len=4096 pgoff=0 dma=0x42a48000
[    2.473520] day32_edu_perf 0000:00:02.0: mmap ok: len=4096 pgoff=0 dma=0x42a48000
[    2.473771] day32_edu_perf 0000:00:02.0: mmap ok: len=4096 pgoff=0 dma=0x42a48000
[    2.474012] day32_edu_perf 0000:00:02.0: mmap ok: len=4096 pgoff=0 dma=0x42a48000
[    2.474243] day32_edu_perf 0000:00:02.0: mmap ok: len=4096 pgoff=0 dma=0x42a48000
[    2.474480] day32_edu_perf 0000:00:02.0: mmap ok: len=4096 pgoff=0 dma=0x42a48000
[    2.474713] day32_edu_perf 0000:00:02.0: mmap ok: len=4096 pgoff=0 dma=0x42a48000
[    2.474943] day32_edu_perf 0000:00:02.0: mmap ok: len=4096 pgoff=0 dma=0x42a48000
[    2.475386] day32_edu_perf 0000:00:02.0: mmap ok: len=4096 pgoff=0 dma=0x42a48000
[    2.475637] day32_edu_perf 0000:00:02.0: mmap ok: len=4096 pgoff=0 dma=0x42a48000
[    2.475871] day32_edu_perf 0000:00:02.0: mmap ok: len=4096 pgoff=0 dma=0x42a48000
[    2.476102] day32_edu_perf 0000:00:02.0: mmap ok: len=4096 pgoff=0 dma=0x42a48000
[    2.476340] day32_edu_perf 0000:00:02.0: mmap ok: len=4096 pgoff=0 dma=0x42a48000
[    2.476573] day32_edu_perf 0000:00:02.0: mmap ok: len=4096 pgoff=0 dma=0x42a48000
[    2.476805] day32_edu_perf 0000:00:02.0: mmap ok: len=4096 pgoff=0 dma=0x42a48000
[    2.477181] day32_edu_perf 0000:00:02.0: mmap ok: len=4096 pgoff=0 dma=0x42a48000
[    2.477462] day32_edu_perf 0000:00:02.0: mmap ok: len=4096 pgoff=0 dma=0x42a48000
[    2.477698] day32_edu_perf 0000:00:02.0: mmap ok: len=4096 pgoff=0 dma=0x42a48000
[    2.477938] day32_edu_perf 0000:00:02.0: mmap ok: len=4096 pgoff=0 dma=0x42a48000
[    2.478171] day32_edu_perf 0000:00:02.0: mmap ok: len=4096 pgoff=0 dma=0x42a48000
[    2.478400] day32_edu_perf 0000:00:02.0: mmap ok: len=4096 pgoff=0 dma=0x42a48000
[    2.478630] day32_edu_perf 0000:00:02.0: mmap ok: len=4096 pgoff=0 dma=0x42a48000
[    2.478863] day32_edu_perf 0000:00:02.0: mmap ok: len=4096 pgoff=0 dma=0x42a48000
[    2.479131] day32_edu_perf 0000:00:02.0: mmap ok: len=4096 pgoff=0 dma=0x42a48000
[    2.479369] day32_edu_perf 0000:00:02.0: mmap ok: len=4096 pgoff=0 dma=0x42a48000
[    2.479600] day32_edu_perf 0000:00:02.0: mmap ok: len=4096 pgoff=0 dma=0x42a48000
[    2.479827] day32_edu_perf 0000:00:02.0: mmap ok: len=4096 pgoff=0 dma=0x42a48000
[    2.480057] day32_edu_perf 0000:00:02.0: mmap ok: len=4096 pgoff=0 dma=0x42a48000
[    2.480287] day32_edu_perf 0000:00:02.0: mmap ok: len=4096 pgoff=0 dma=0x42a48000
[    2.480517] day32_edu_perf 0000:00:02.0: mmap ok: len=4096 pgoff=0 dma=0x42a48000
[    2.480745] day32_edu_perf 0000:00:02.0: mmap ok: len=4096 pgoff=0 dma=0x42a48000
[    2.480974] day32_edu_perf 0000:00:02.0: mmap ok: len=4096 pgoff=0 dma=0x42a48000
[    2.481353] day32_edu_perf 0000:00:02.0: mmap ok: len=4096 pgoff=0 dma=0x42a48000
[    2.481869] day32_edu_perf 0000:00:02.0: mmap ok: len=4096 pgoff=0 dma=0x42a48000
[    2.482131] day32_edu_perf 0000:00:02.0: mmap ok: len=4096 pgoff=0 dma=0x42a48000
[    2.482367] day32_edu_perf 0000:00:02.0: mmap ok: len=4096 pgoff=0 dma=0x42a48000
[    2.482600] day32_edu_perf 0000:00:02.0: mmap ok: len=4096 pgoff=0 dma=0x42a48000
[    2.482834] day32_edu_perf 0000:00:02.0: mmap ok: len=4096 pgoff=0 dma=0x42a48000
[    2.483251] day32_edu_perf 0000:00:02.0: mmap ok: len=4096 pgoff=0 dma=0x42a48000
[    2.483520] day32_edu_perf 0000:00:02.0: mmap ok: len=4096 pgoff=0 dma=0x42a48000
[    2.483755] day32_edu_perf 0000:00:02.0: mmap ok: len=4096 pgoff=0 dma=0x42a48000
[    2.483985] day32_edu_perf 0000:00:02.0: mmap ok: len=4096 pgoff=0 dma=0x42a48000
[    2.484221] day32_edu_perf 0000:00:02.0: mmap ok: len=4096 pgoff=0 dma=0x42a48000
[    2.484455] day32_edu_perf 0000:00:02.0: mmap ok: len=4096 pgoff=0 dma=0x42a48000
[    2.484687] day32_edu_perf 0000:00:02.0: mmap ok: len=4096 pgoff=0 dma=0x42a48000
[    2.484916] day32_edu_perf 0000:00:02.0: mmap ok: len=4096 pgoff=0 dma=0x42a48000
[    2.485224] day32_edu_perf 0000:00:02.0: mmap ok: len=4096 pgoff=0 dma=0x42a48000
[    2.485516] day32_edu_perf 0000:00:02.0: mmap ok: len=4096 pgoff=0 dma=0x42a48000
[    2.485791] day32_edu_perf 0000:00:02.0: mmap ok: len=4096 pgoff=0 dma=0x42a48000
[    2.486029] day32_edu_perf 0000:00:02.0: mmap ok: len=4096 pgoff=0 dma=0x42a48000
[    2.486264] day32_edu_perf 0000:00:02.0: mmap ok: len=4096 pgoff=0 dma=0x42a48000
[    2.486505] day32_edu_perf 0000:00:02.0: mmap ok: len=4096 pgoff=0 dma=0x42a48000
[    2.486735] day32_edu_perf 0000:00:02.0: mmap ok: len=4096 pgoff=0 dma=0x42a48000
[    2.487007] day32_edu_perf 0000:00:02.0: mmap ok: len=4096 pgoff=0 dma=0x42a48000
[    2.487249] day32_edu_perf 0000:00:02.0: mmap ok: len=4096 pgoff=0 dma=0x42a48000
[    2.487481] day32_edu_perf 0000:00:02.0: mmap ok: len=4096 pgoff=0 dma=0x42a48000
[    2.487713] day32_edu_perf 0000:00:02.0: mmap ok: len=4096 pgoff=0 dma=0x42a48000
[    2.487943] day32_edu_perf 0000:00:02.0: mmap ok: len=4096 pgoff=0 dma=0x42a48000
[    2.488174] day32_edu_perf 0000:00:02.0: mmap ok: len=4096 pgoff=0 dma=0x42a48000
[    2.488404] day32_edu_perf 0000:00:02.0: mmap ok: len=4096 pgoff=0 dma=0x42a48000
[    2.488633] day32_edu_perf 0000:00:02.0: mmap ok: len=4096 pgoff=0 dma=0x42a48000
[    2.488898] day32_edu_perf 0000:00:02.0: mmap ok: len=4096 pgoff=0 dma=0x42a48000
[    2.489138] day32_edu_perf 0000:00:02.0: mmap ok: len=4096 pgoff=0 dma=0x42a48000
[    2.489367] day32_edu_perf 0000:00:02.0: mmap ok: len=4096 pgoff=0 dma=0x42a48000
[    2.489855] day32_edu_perf 0000:00:02.0: mmap ok: len=4096 pgoff=0 dma=0x42a48000
[    2.490160] day32_edu_perf 0000:00:02.0: mmap ok: len=4096 pgoff=0 dma=0x42a48000
[    2.490409] day32_edu_perf 0000:00:02.0: mmap ok: len=4096 pgoff=0 dma=0x42a48000
[    2.490646] day32_edu_perf 0000:00:02.0: mmap ok: len=4096 pgoff=0 dma=0x42a48000
[    2.490955] day32_edu_perf 0000:00:02.0: mmap ok: len=4096 pgoff=0 dma=0x42a48000
[    2.491198] day32_edu_perf 0000:00:02.0: mmap ok: len=4096 pgoff=0 dma=0x42a48000
[    2.491430] day32_edu_perf 0000:00:02.0: mmap ok: len=4096 pgoff=0 dma=0x42a48000
[    2.491663] day32_edu_perf 0000:00:02.0: mmap ok: len=4096 pgoff=0 dma=0x42a48000
[    2.491893] day32_edu_perf 0000:00:02.0: mmap ok: len=4096 pgoff=0 dma=0x42a48000
[    2.492124] day32_edu_perf 0000:00:02.0: mmap ok: len=4096 pgoff=0 dma=0x42a48000
[    2.492357] day32_edu_perf 0000:00:02.0: mmap ok: len=4096 pgoff=0 dma=0x42a48000
[    2.492589] day32_edu_perf 0000:00:02.0: mmap ok: len=4096 pgoff=0 dma=0x42a48000
[    2.492849] day32_edu_perf 0000:00:02.0: mmap ok: len=4096 pgoff=0 dma=0x42a48000
[    2.493097] day32_edu_perf 0000:00:02.0: mmap ok: len=4096 pgoff=0 dma=0x42a48000
[    2.493329] day32_edu_perf 0000:00:02.0: mmap ok: len=4096 pgoff=0 dma=0x42a48000
[    2.493565] day32_edu_perf 0000:00:02.0: mmap ok: len=4096 pgoff=0 dma=0x42a48000
[    2.494055] day32_edu_perf 0000:00:02.0: mmap ok: len=4096 pgoff=0 dma=0x42a48000
[    2.494314] day32_edu_perf 0000:00:02.0: mmap ok: len=4096 pgoff=0 dma=0x42a48000
[    2.494558] day32_edu_perf 0000:00:02.0: mmap ok: len=4096 pgoff=0 dma=0x42a48000
[    2.494855] day32_edu_perf 0000:00:02.0: mmap ok: len=4096 pgoff=0 dma=0x42a48000
[    2.495120] day32_edu_perf 0000:00:02.0: mmap ok: len=4096 pgoff=0 dma=0x42a48000
[    2.495356] day32_edu_perf 0000:00:02.0: mmap ok: len=4096 pgoff=0 dma=0x42a48000
[    2.495587] day32_edu_perf 0000:00:02.0: mmap ok: len=4096 pgoff=0 dma=0x42a48000
[    2.495818] day32_edu_perf 0000:00:02.0: mmap ok: len=4096 pgoff=0 dma=0x42a48000
[    2.496047] day32_edu_perf 0000:00:02.0: mmap ok: len=4096 pgoff=0 dma=0x42a48000
[    2.496278] day32_edu_perf 0000:00:02.0: mmap ok: len=4096 pgoff=0 dma=0x42a48000
[    2.496509] day32_edu_perf 0000:00:02.0: mmap ok: len=4096 pgoff=0 dma=0x42a48000
[    2.496739] day32_edu_perf 0000:00:02.0: mmap ok: len=4096 pgoff=0 dma=0x42a48000
[    2.497007] day32_edu_perf 0000:00:02.0: mmap ok: len=4096 pgoff=0 dma=0x42a48000
[    2.497242] day32_edu_perf 0000:00:02.0: mmap ok: len=4096 pgoff=0 dma=0x42a48000
[    2.497472] day32_edu_perf 0000:00:02.0: mmap ok: len=4096 pgoff=0 dma=0x42a48000
[    2.497701] day32_edu_perf 0000:00:02.0: mmap ok: len=4096 pgoff=0 dma=0x42a48000
[    2.498108] day32_edu_perf 0000:00:02.0: mmap ok: len=4096 pgoff=0 dma=0x42a48000
[    2.498764] day32_edu_perf 0000:00:02.0: mmap ok: len=4096 pgoff=0 dma=0x42a48000
[    2.499059] day32_edu_perf 0000:00:02.0: mmap ok: len=4096 pgoff=0 dma=0x42a48000
[    2.499485] day32_edu_perf 0000:00:02.0: mmap ok: len=4096 pgoff=0 dma=0x42a48000
[    2.499739] day32_edu_perf 0000:00:02.0: mmap ok: len=4096 pgoff=0 dma=0x42a48000
[    2.499972] day32_edu_perf 0000:00:02.0: mmap ok: len=4096 pgoff=0 dma=0x42a48000
[    2.500208] day32_edu_perf 0000:00:02.0: mmap ok: len=4096 pgoff=0 dma=0x42a48000
[    2.500444] day32_edu_perf 0000:00:02.0: mmap ok: len=4096 pgoff=0 dma=0x42a48000
[    2.500675] day32_edu_perf 0000:00:02.0: mmap ok: len=4096 pgoff=0 dma=0x42a48000
[    2.500974] day32_edu_perf 0000:00:02.0: mmap ok: len=4096 pgoff=0 dma=0x42a48000
[    2.501234] day32_edu_perf 0000:00:02.0: mmap ok: len=4096 pgoff=0 dma=0x42a48000
[    2.501468] day32_edu_perf 0000:00:02.0: mmap ok: len=4096 pgoff=0 dma=0x42a48000
[    2.501697] day32_edu_perf 0000:00:02.0: mmap ok: len=4096 pgoff=0 dma=0x42a48000
[    2.501957] day32_edu_perf 0000:00:02.0: mmap ok: len=4096 pgoff=0 dma=0x42a48000
[    2.502265] day32_edu_perf 0000:00:02.0: mmap ok: len=4096 pgoff=0 dma=0x42a48000
[    2.502530] day32_edu_perf 0000:00:02.0: mmap ok: len=4096 pgoff=0 dma=0x42a48000
[    2.502765] day32_edu_perf 0000:00:02.0: mmap ok: len=4096 pgoff=0 dma=0x42a48000
[    2.503130] day32_edu_perf 0000:00:02.0: mmap ok: len=4096 pgoff=0 dma=0x42a48000
[    2.503390] day32_edu_perf 0000:00:02.0: mmap ok: len=4096 pgoff=0 dma=0x42a48000
[    2.503629] day32_edu_perf 0000:00:02.0: mmap ok: len=4096 pgoff=0 dma=0x42a48000
[    2.503922] day32_edu_perf 0000:00:02.0: mmap ok: len=4096 pgoff=0 dma=0x42a48000
[    2.504188] day32_edu_perf 0000:00:02.0: mmap ok: len=4096 pgoff=0 dma=0x42a48000
[    2.504424] day32_edu_perf 0000:00:02.0: mmap ok: len=4096 pgoff=0 dma=0x42a48000
[    2.504656] day32_edu_perf 0000:00:02.0: mmap ok: len=4096 pgoff=0 dma=0x42a48000
[    2.504889] day32_edu_perf 0000:00:02.0: mmap ok: len=4096 pgoff=0 dma=0x42a48000
[    2.505121] day32_edu_perf 0000:00:02.0: mmap ok: len=4096 pgoff=0 dma=0x42a48000
[    2.505353] day32_edu_perf 0000:00:02.0: mmap ok: len=4096 pgoff=0 dma=0x42a48000
[    2.505583] day32_edu_perf 0000:00:02.0: mmap ok: len=4096 pgoff=0 dma=0x42a48000
[    2.505856] day32_edu_perf 0000:00:02.0: mmap ok: len=4096 pgoff=0 dma=0x42a48000
[    2.506106] day32_edu_perf 0000:00:02.0: mmap ok: len=4096 pgoff=0 dma=0x42a48000
[    2.506733] day32_edu_perf 0000:00:02.0: mmap ok: len=4096 pgoff=0 dma=0x42a48000
[    2.507037] day32_edu_perf 0000:00:02.0: mmap ok: len=4096 pgoff=0 dma=0x42a48000
[    2.507281] day32_edu_perf 0000:00:02.0: mmap ok: len=4096 pgoff=0 dma=0x42a48000
[    2.507516] day32_edu_perf 0000:00:02.0: mmap ok: len=4096 pgoff=0 dma=0x42a48000
[    2.507748] day32_edu_perf 0000:00:02.0: mmap ok: len=4096 pgoff=0 dma=0x42a48000
[    2.508240] day32_edu_perf 0000:00:02.0: mmap ok: len=4096 pgoff=0 dma=0x42a48000
[    2.508525] day32_edu_perf 0000:00:02.0: mmap ok: len=4096 pgoff=0 dma=0x42a48000
[    2.508765] day32_edu_perf 0000:00:02.0: mmap ok: len=4096 pgoff=0 dma=0x42a48000
[    2.508999] day32_edu_perf 0000:00:02.0: mmap ok: len=4096 pgoff=0 dma=0x42a48000
[    2.509237] day32_edu_perf 0000:00:02.0: mmap ok: len=4096 pgoff=0 dma=0x42a48000
[    2.509467] day32_edu_perf 0000:00:02.0: mmap ok: len=4096 pgoff=0 dma=0x42a48000
[    2.509698] day32_edu_perf 0000:00:02.0: mmap ok: len=4096 pgoff=0 dma=0x42a48000
[    2.509930] day32_edu_perf 0000:00:02.0: mmap ok: len=4096 pgoff=0 dma=0x42a48000
[    2.510158] day32_edu_perf 0000:00:02.0: mmap ok: len=4096 pgoff=0 dma=0x42a48000
[    2.510524] day32_edu_perf 0000:00:02.0: mmap ok: len=4096 pgoff=0 dma=0x42a48000
[    2.510783] day32_edu_perf 0000:00:02.0: mmap ok: len=4096 pgoff=0 dma=0x42a48000
[    2.511028] day32_edu_perf 0000:00:02.0: mmap ok: len=4096 pgoff=0 dma=0x42a48000
[    2.511265] day32_edu_perf 0000:00:02.0: mmap ok: len=4096 pgoff=0 dma=0x42a48000
[    2.511496] day32_edu_perf 0000:00:02.0: mmap ok: len=4096 pgoff=0 dma=0x42a48000
[    2.511735] day32_edu_perf 0000:00:02.0: mmap ok: len=4096 pgoff=0 dma=0x42a48000
[    2.511974] day32_edu_perf 0000:00:02.0: mmap ok: len=4096 pgoff=0 dma=0x42a48000
[    2.512203] day32_edu_perf 0000:00:02.0: mmap ok: len=4096 pgoff=0 dma=0x42a48000
[    2.512475] day32_edu_perf 0000:00:02.0: mmap ok: len=4096 pgoff=0 dma=0x42a48000
[    2.512709] day32_edu_perf 0000:00:02.0: mmap ok: len=4096 pgoff=0 dma=0x42a48000
[    2.512938] day32_edu_perf 0000:00:02.0: mmap ok: len=4096 pgoff=0 dma=0x42a48000
[    2.513168] day32_edu_perf 0000:00:02.0: mmap ok: len=4096 pgoff=0 dma=0x42a48000
[    2.513398] day32_edu_perf 0000:00:02.0: mmap ok: len=4096 pgoff=0 dma=0x42a48000
[    2.513628] day32_edu_perf 0000:00:02.0: mmap ok: len=4096 pgoff=0 dma=0x42a48000
[    2.513859] day32_edu_perf 0000:00:02.0: mmap ok: len=4096 pgoff=0 dma=0x42a48000
[    2.514089] day32_edu_perf 0000:00:02.0: mmap ok: len=4096 pgoff=0 dma=0x42a48000
[    2.514338] day32_edu_perf 0000:00:02.0: mmap ok: len=4096 pgoff=0 dma=0x42a48000
[    2.514803] day32_edu_perf 0000:00:02.0: mmap ok: len=4096 pgoff=0 dma=0x42a48000
[    2.515258] day32_edu_perf 0000:00:02.0: mmap ok: len=4096 pgoff=0 dma=0x42a48000
[    2.515519] day32_edu_perf 0000:00:02.0: mmap ok: len=4096 pgoff=0 dma=0x42a48000
[    2.515756] day32_edu_perf 0000:00:02.0: mmap ok: len=4096 pgoff=0 dma=0x42a48000
[    2.515991] day32_edu_perf 0000:00:02.0: mmap ok: len=4096 pgoff=0 dma=0x42a48000
[    2.516228] day32_edu_perf 0000:00:02.0: mmap ok: len=4096 pgoff=0 dma=0x42a48000
[    2.516541] day32_edu_perf 0000:00:02.0: mmap ok: len=4096 pgoff=0 dma=0x42a48000
[    2.516785] day32_edu_perf 0000:00:02.0: mmap ok: len=4096 pgoff=0 dma=0x42a48000
[    2.517018] day32_edu_perf 0000:00:02.0: mmap ok: len=4096 pgoff=0 dma=0x42a48000
[    2.517250] day32_edu_perf 0000:00:02.0: mmap ok: len=4096 pgoff=0 dma=0x42a48000
[    2.517486] day32_edu_perf 0000:00:02.0: mmap ok: len=4096 pgoff=0 dma=0x42a48000
[    2.517736] day32_edu_perf 0000:00:02.0: mmap ok: len=4096 pgoff=0 dma=0x42a48000
[    2.517968] day32_edu_perf 0000:00:02.0: mmap ok: len=4096 pgoff=0 dma=0x42a48000
[    2.518199] day32_edu_perf 0000:00:02.0: mmap ok: len=4096 pgoff=0 dma=0x42a48000
[    2.518469] day32_edu_perf 0000:00:02.0: mmap ok: len=4096 pgoff=0 dma=0x42a48000
[    2.518746] day32_edu_perf 0000:00:02.0: mmap ok: len=4096 pgoff=0 dma=0x42a48000
[    2.519022] day32_edu_perf 0000:00:02.0: mmap ok: len=4096 pgoff=0 dma=0x42a48000
[    2.519260] day32_edu_perf 0000:00:02.0: mmap ok: len=4096 pgoff=0 dma=0x42a48000
[    2.519550] day32_edu_perf 0000:00:02.0: mmap ok: len=4096 pgoff=0 dma=0x42a48000
[    2.519809] day32_edu_perf 0000:00:02.0: mmap ok: len=4096 pgoff=0 dma=0x42a48000
[    2.520123] day32_edu_perf 0000:00:02.0: mmap ok: len=4096 pgoff=0 dma=0x42a48000
[    2.520376] day32_edu_perf 0000:00:02.0: mmap ok: len=4096 pgoff=0 dma=0x42a48000
[    2.520608] day32_edu_perf 0000:00:02.0: mmap ok: len=4096 pgoff=0 dma=0x42a48000
[    2.520840] day32_edu_perf 0000:00:02.0: mmap ok: len=4096 pgoff=0 dma=0x42a48000
[    2.521073] day32_edu_perf 0000:00:02.0: mmap ok: len=4096 pgoff=0 dma=0x42a48000
[    2.521310] day32_edu_perf 0000:00:02.0: mmap ok: len=4096 pgoff=0 dma=0x42a48000
[    2.521543] day32_edu_perf 0000:00:02.0: mmap ok: len=4096 pgoff=0 dma=0x42a48000
[    2.521772] day32_edu_perf 0000:00:02.0: mmap ok: len=4096 pgoff=0 dma=0x42a48000
[    2.522002] day32_edu_perf 0000:00:02.0: mmap ok: len=4096 pgoff=0 dma=0x42a48000
[    2.522272] day32_edu_perf 0000:00:02.0: mmap ok: len=4096 pgoff=0 dma=0x42a48000
[    2.522507] day32_edu_perf 0000:00:02.0: mmap ok: len=4096 pgoff=0 dma=0x42a48000
[    2.522743] day32_edu_perf 0000:00:02.0: mmap ok: len=4096 pgoff=0 dma=0x42a48000
[    2.523234] day32_edu_perf 0000:00:02.0: mmap ok: len=4096 pgoff=0 dma=0x42a48000
[    2.523495] day32_edu_perf 0000:00:02.0: mmap ok: len=4096 pgoff=0 dma=0x42a48000
[    2.523731] day32_edu_perf 0000:00:02.0: mmap ok: len=4096 pgoff=0 dma=0x42a48000
[    2.523973] day32_edu_perf 0000:00:02.0: mmap ok: len=4096 pgoff=0 dma=0x42a48000
[    2.524287] day32_edu_perf 0000:00:02.0: mmap ok: len=4096 pgoff=0 dma=0x42a48000
[    2.524530] day32_edu_perf 0000:00:02.0: mmap ok: len=4096 pgoff=0 dma=0x42a48000
[    2.524762] day32_edu_perf 0000:00:02.0: mmap ok: len=4096 pgoff=0 dma=0x42a48000
[    2.524991] day32_edu_perf 0000:00:02.0: mmap ok: len=4096 pgoff=0 dma=0x42a48000
[    2.525228] day32_edu_perf 0000:00:02.0: mmap ok: len=4096 pgoff=0 dma=0x42a48000
[    2.525461] day32_edu_perf 0000:00:02.0: mmap ok: len=4096 pgoff=0 dma=0x42a48000
[    2.525691] day32_edu_perf 0000:00:02.0: mmap ok: len=4096 pgoff=0 dma=0x42a48000
[    2.525921] day32_edu_perf 0000:00:02.0: mmap ok: len=4096 pgoff=0 dma=0x42a48000
[    2.526182] day32_edu_perf 0000:00:02.0: mmap ok: len=4096 pgoff=0 dma=0x42a48000
[    2.526423] day32_edu_perf 0000:00:02.0: mmap ok: len=4096 pgoff=0 dma=0x42a48000
[    2.526652] day32_edu_perf 0000:00:02.0: mmap ok: len=4096 pgoff=0 dma=0x42a48000
[    2.526885] day32_edu_perf 0000:00:02.0: mmap ok: len=4096 pgoff=0 dma=0x42a48000
[    2.527221] day32_edu_perf 0000:00:02.0: mmap ok: len=4096 pgoff=0 dma=0x42a48000
[    2.527468] day32_edu_perf 0000:00:02.0: mmap ok: len=4096 pgoff=0 dma=0x42a48000
[    2.527710] day32_edu_perf 0000:00:02.0: mmap ok: len=4096 pgoff=0 dma=0x42a48000
[    2.528199] day32_edu_perf 0000:00:02.0: mmap ok: len=4096 pgoff=0 dma=0x42a48000
[    2.528450] day32_edu_perf 0000:00:02.0: mmap ok: len=4096 pgoff=0 dma=0x42a48000
[    2.528683] day32_edu_perf 0000:00:02.0: mmap ok: len=4096 pgoff=0 dma=0x42a48000
[    2.528998] day32_edu_perf 0000:00:02.0: mmap ok: len=4096 pgoff=0 dma=0x42a48000
[    2.529282] day32_edu_perf 0000:00:02.0: mmap ok: len=4096 pgoff=0 dma=0x42a48000
[    2.529517] day32_edu_perf 0000:00:02.0: mmap ok: len=4096 pgoff=0 dma=0x42a48000
[    2.529746] day32_edu_perf 0000:00:02.0: mmap ok: len=4096 pgoff=0 dma=0x42a48000
[    2.530002] day32_edu_perf 0000:00:02.0: mmap ok: len=4096 pgoff=0 dma=0x42a48000
[    2.530281] day32_edu_perf 0000:00:02.0: mmap ok: len=4096 pgoff=0 dma=0x42a48000
[    2.530527] day32_edu_perf 0000:00:02.0: mmap ok: len=4096 pgoff=0 dma=0x42a48000
[    2.530760] day32_edu_perf 0000:00:02.0: mmap ok: len=4096 pgoff=0 dma=0x42a48000
[    2.531316] day32_edu_perf 0000:00:02.0: mmap ok: len=4096 pgoff=0 dma=0x42a48000
[    2.531622] day32_edu_perf 0000:00:02.0: mmap ok: len=4096 pgoff=0 dma=0x42a48000
[    2.531907] day32_edu_perf 0000:00:02.0: mmap ok: len=4096 pgoff=0 dma=0x42a48000
[    2.532163] day32_edu_perf 0000:00:02.0: mmap ok: len=4096 pgoff=0 dma=0x42a48000
[    2.532400] day32_edu_perf 0000:00:02.0: mmap ok: len=4096 pgoff=0 dma=0x42a48000
[    2.532633] day32_edu_perf 0000:00:02.0: mmap ok: len=4096 pgoff=0 dma=0x42a48000
[    2.532867] day32_edu_perf 0000:00:02.0: mmap ok: len=4096 pgoff=0 dma=0x42a48000
[    2.533105] day32_edu_perf 0000:00:02.0: mmap ok: len=4096 pgoff=0 dma=0x42a48000
[    2.533339] day32_edu_perf 0000:00:02.0: mmap ok: len=4096 pgoff=0 dma=0x42a48000
[    2.533569] day32_edu_perf 0000:00:02.0: mmap ok: len=4096 pgoff=0 dma=0x42a48000
[    2.533799] day32_edu_perf 0000:00:02.0: mmap ok: len=4096 pgoff=0 dma=0x42a48000
[    2.534114] day32_edu_perf 0000:00:02.0: mmap ok: len=4096 pgoff=0 dma=0x42a48000
[    2.534356] day32_edu_perf 0000:00:02.0: mmap ok: len=4096 pgoff=0 dma=0x42a48000
[    2.534586] day32_edu_perf 0000:00:02.0: mmap ok: len=4096 pgoff=0 dma=0x42a48000
[    2.534817] day32_edu_perf 0000:00:02.0: mmap ok: len=4096 pgoff=0 dma=0x42a48000
[    2.535051] day32_edu_perf 0000:00:02.0: mmap ok: len=4096 pgoff=0 dma=0x42a48000
[    2.535340] day32_edu_perf 0000:00:02.0: mmap ok: len=4096 pgoff=0 dma=0x42a48000
[    2.535801] day32_edu_perf 0000:00:02.0: mmap ok: len=4096 pgoff=0 dma=0x42a48000
[    2.536089] day32_edu_perf 0000:00:02.0: mmap ok: len=4096 pgoff=0 dma=0x42a48000
[    2.536333] day32_edu_perf 0000:00:02.0: mmap ok: len=4096 pgoff=0 dma=0x42a48000
[    2.536571] day32_edu_perf 0000:00:02.0: mmap ok: len=4096 pgoff=0 dma=0x42a48000
[    2.536804] day32_edu_perf 0000:00:02.0: mmap ok: len=4096 pgoff=0 dma=0x42a48000
[    2.537051] day32_edu_perf 0000:00:02.0: mmap ok: len=4096 pgoff=0 dma=0x42a48000
[    2.537283] day32_edu_perf 0000:00:02.0: mmap ok: len=4096 pgoff=0 dma=0x42a48000
[    2.537514] day32_edu_perf 0000:00:02.0: mmap ok: len=4096 pgoff=0 dma=0x42a48000
[    2.537744] day32_edu_perf 0000:00:02.0: mmap ok: len=4096 pgoff=0 dma=0x42a48000
[    2.538052] day32_edu_perf 0000:00:02.0: mmap ok: len=4096 pgoff=0 dma=0x42a48000
[    2.538296] day32_edu_perf 0000:00:02.0: mmap ok: len=4096 pgoff=0 dma=0x42a48000
[    2.538529] day32_edu_perf 0000:00:02.0: mmap ok: len=4096 pgoff=0 dma=0x42a48000
[    2.538761] day32_edu_perf 0000:00:02.0: mmap ok: len=4096 pgoff=0 dma=0x42a48000
[    2.538998] day32_edu_perf 0000:00:02.0: mmap ok: len=4096 pgoff=0 dma=0x42a48000
[    2.539231] day32_edu_perf 0000:00:02.0: mmap ok: len=4096 pgoff=0 dma=0x42a48000
[    2.539519] day32_edu_perf 0000:00:02.0: mmap ok: len=4096 pgoff=0 dma=0x42a48000
[    2.540053] day32_edu_perf 0000:00:02.0: mmap ok: len=4096 pgoff=0 dma=0x42a48000
[    2.540313] day32_edu_perf 0000:00:02.0: mmap ok: len=4096 pgoff=0 dma=0x42a48000
[    2.540549] day32_edu_perf 0000:00:02.0: mmap ok: len=4096 pgoff=0 dma=0x42a48000
[    2.540780] day32_edu_perf 0000:00:02.0: mmap ok: len=4096 pgoff=0 dma=0x42a48000
[    2.541010] day32_edu_perf 0000:00:02.0: mmap ok: len=4096 pgoff=0 dma=0x42a48000
[    2.541248] day32_edu_perf 0000:00:02.0: mmap ok: len=4096 pgoff=0 dma=0x42a48000
[    2.541479] day32_edu_perf 0000:00:02.0: mmap ok: len=4096 pgoff=0 dma=0x42a48000
[    2.541708] day32_edu_perf 0000:00:02.0: mmap ok: len=4096 pgoff=0 dma=0x42a48000
[    2.542009] day32_edu_perf 0000:00:02.0: mmap ok: len=4096 pgoff=0 dma=0x42a48000
[    2.542276] day32_edu_perf 0000:00:02.0: mmap ok: len=4096 pgoff=0 dma=0x42a48000
[    2.542509] day32_edu_perf 0000:00:02.0: mmap ok: len=4096 pgoff=0 dma=0x42a48000
[    2.542738] day32_edu_perf 0000:00:02.0: mmap ok: len=4096 pgoff=0 dma=0x42a48000
[    2.542969] day32_edu_perf 0000:00:02.0: mmap ok: len=4096 pgoff=0 dma=0x42a48000
[    2.543204] day32_edu_perf 0000:00:02.0: mmap ok: len=4096 pgoff=0 dma=0x42a48000
[    2.543433] day32_edu_perf 0000:00:02.0: mmap ok: len=4096 pgoff=0 dma=0x42a48000
[    2.543709] day32_edu_perf 0000:00:02.0: mmap ok: len=4096 pgoff=0 dma=0x42a48000
[    2.544164] day32_edu_perf 0000:00:02.0: mmap ok: len=4096 pgoff=0 dma=0x42a48000
[    2.544430] day32_edu_perf 0000:00:02.0: mmap ok: len=4096 pgoff=0 dma=0x42a48000
[    2.544669] day32_edu_perf 0000:00:02.0: mmap ok: len=4096 pgoff=0 dma=0x42a48000
[    2.544902] day32_edu_perf 0000:00:02.0: mmap ok: len=4096 pgoff=0 dma=0x42a48000
[    2.545135] day32_edu_perf 0000:00:02.0: mmap ok: len=4096 pgoff=0 dma=0x42a48000
[    2.545371] day32_edu_perf 0000:00:02.0: mmap ok: len=4096 pgoff=0 dma=0x42a48000
[    2.545604] day32_edu_perf 0000:00:02.0: mmap ok: len=4096 pgoff=0 dma=0x42a48000
[    2.545833] day32_edu_perf 0000:00:02.0: mmap ok: len=4096 pgoff=0 dma=0x42a48000
[    2.546140] day32_edu_perf 0000:00:02.0: mmap ok: len=4096 pgoff=0 dma=0x42a48000
[    2.546380] day32_edu_perf 0000:00:02.0: mmap ok: len=4096 pgoff=0 dma=0x42a48000
[    2.546611] day32_edu_perf 0000:00:02.0: mmap ok: len=4096 pgoff=0 dma=0x42a48000
[    2.546840] day32_edu_perf 0000:00:02.0: mmap ok: len=4096 pgoff=0 dma=0x42a48000
[    2.547073] day32_edu_perf 0000:00:02.0: mmap ok: len=4096 pgoff=0 dma=0x42a48000
[    2.547304] day32_edu_perf 0000:00:02.0: mmap ok: len=4096 pgoff=0 dma=0x42a48000
[    2.547534] day32_edu_perf 0000:00:02.0: mmap ok: len=4096 pgoff=0 dma=0x42a48000
[    2.547763] day32_edu_perf 0000:00:02.0: mmap ok: len=4096 pgoff=0 dma=0x42a48000
[    2.548882] day32_edu_perf 0000:00:02.0: mmap ok: len=4096 pgoff=0 dma=0x42a48000
[    2.549172] day32_edu_perf 0000:00:02.0: mmap ok: len=4096 pgoff=0 dma=0x42a48000
[    2.549413] day32_edu_perf 0000:00:02.0: mmap ok: len=4096 pgoff=0 dma=0x42a48000
[    2.549732] day32_edu_perf 0000:00:02.0: mmap ok: len=4096 pgoff=0 dma=0x42a48000
[    2.550334] day32_edu_perf 0000:00:02.0: mmap ok: len=4096 pgoff=0 dma=0x42a48000
[    2.550868] day32_edu_perf 0000:00:02.0: mmap ok: len=4096 pgoff=0 dma=0x42a48000
[    2.551107] day32_edu_perf 0000:00:02.0: mmap ok: len=4096 pgoff=0 dma=0x42a48000
[    2.551340] day32_edu_perf 0000:00:02.0: mmap ok: len=4096 pgoff=0 dma=0x42a48000
[    2.551615] day32_edu_perf 0000:00:02.0: mmap ok: len=4096 pgoff=0 dma=0x42a48000
[    2.551850] day32_edu_perf 0000:00:02.0: mmap ok: len=4096 pgoff=0 dma=0x42a48000
[    2.552249] day32_edu_perf 0000:00:02.0: mmap ok: len=4096 pgoff=0 dma=0x42a48000
[    2.552829] day32_edu_perf 0000:00:02.0: mmap ok: len=4096 pgoff=0 dma=0x42a48000
[    2.553111] day32_edu_perf 0000:00:02.0: mmap ok: len=4096 pgoff=0 dma=0x42a48000
[    2.553353] day32_edu_perf 0000:00:02.0: mmap ok: len=4096 pgoff=0 dma=0x42a48000
[    2.553586] day32_edu_perf 0000:00:02.0: mmap ok: len=4096 pgoff=0 dma=0x42a48000
[    2.553898] day32_edu_perf 0000:00:02.0: mmap ok: len=4096 pgoff=0 dma=0x42a48000
[    2.554140] day32_edu_perf 0000:00:02.0: mmap ok: len=4096 pgoff=0 dma=0x42a48000
[    2.554410] day32_edu_perf 0000:00:02.0: mmap ok: len=4096 pgoff=0 dma=0x42a48000
[    2.554646] day32_edu_perf 0000:00:02.0: mmap ok: len=4096 pgoff=0 dma=0x42a48000
[    2.554882] day32_edu_perf 0000:00:02.0: mmap ok: len=4096 pgoff=0 dma=0x42a48000
[    2.555112] day32_edu_perf 0000:00:02.0: mmap ok: len=4096 pgoff=0 dma=0x42a48000
[    2.555340] day32_edu_perf 0000:00:02.0: mmap ok: len=4096 pgoff=0 dma=0x42a48000
[    2.555570] day32_edu_perf 0000:00:02.0: mmap ok: len=4096 pgoff=0 dma=0x42a48000
[    2.555797] day32_edu_perf 0000:00:02.0: mmap ok: len=4096 pgoff=0 dma=0x42a48000
[    2.556026] day32_edu_perf 0000:00:02.0: mmap ok: len=4096 pgoff=0 dma=0x42a48000
[    2.556870] day32_edu_perf 0000:00:02.0: mmap ok: len=4096 pgoff=0 dma=0x42a48000
[    2.557190] day32_edu_perf 0000:00:02.0: mmap ok: len=4096 pgoff=0 dma=0x42a48000
[    2.557548] day32_edu_perf 0000:00:02.0: mmap ok: len=4096 pgoff=0 dma=0x42a48000
[    2.557845] day32_edu_perf 0000:00:02.0: mmap ok: len=4096 pgoff=0 dma=0x42a48000
[    2.558082] day32_edu_perf 0000:00:02.0: mmap ok: len=4096 pgoff=0 dma=0x42a48000
[    2.558316] day32_edu_perf 0000:00:02.0: mmap ok: len=4096 pgoff=0 dma=0x42a48000
[    2.558551] day32_edu_perf 0000:00:02.0: mmap ok: len=4096 pgoff=0 dma=0x42a48000
[    2.558782] day32_edu_perf 0000:00:02.0: mmap ok: len=4096 pgoff=0 dma=0x42a48000
[    2.559012] day32_edu_perf 0000:00:02.0: mmap ok: len=4096 pgoff=0 dma=0x42a48000
[    2.559243] day32_edu_perf 0000:00:02.0: mmap ok: len=4096 pgoff=0 dma=0x42a48000
[    2.559473] day32_edu_perf 0000:00:02.0: mmap ok: len=4096 pgoff=0 dma=0x42a48000
[    2.559730] day32_edu_perf 0000:00:02.0: mmap ok: len=4096 pgoff=0 dma=0x42a48000
[    2.559977] day32_edu_perf 0000:00:02.0: mmap ok: len=4096 pgoff=0 dma=0x42a48000
[    2.560212] day32_edu_perf 0000:00:02.0: mmap ok: len=4096 pgoff=0 dma=0x42a48000
[    2.560634] day32_edu_perf 0000:00:02.0: mmap ok: len=4096 pgoff=0 dma=0x42a48000
[    2.561138] day32_edu_perf 0000:00:02.0: mmap ok: len=4096 pgoff=0 dma=0x42a48000
[    2.561409] day32_edu_perf 0000:00:02.0: mmap ok: len=4096 pgoff=0 dma=0x42a48000
[    2.561751] day32_edu_perf 0000:00:02.0: mmap ok: len=4096 pgoff=0 dma=0x42a48000
[    2.562023] day32_edu_perf 0000:00:02.0: mmap ok: len=4096 pgoff=0 dma=0x42a48000
[    2.562262] day32_edu_perf 0000:00:02.0: mmap ok: len=4096 pgoff=0 dma=0x42a48000
[    2.562494] day32_edu_perf 0000:00:02.0: mmap ok: len=4096 pgoff=0 dma=0x42a48000
[    2.562730] day32_edu_perf 0000:00:02.0: mmap ok: len=4096 pgoff=0 dma=0x42a48000
[    2.562963] day32_edu_perf 0000:00:02.0: mmap ok: len=4096 pgoff=0 dma=0x42a48000
[    2.563194] day32_edu_perf 0000:00:02.0: mmap ok: len=4096 pgoff=0 dma=0x42a48000
[    2.563424] day32_edu_perf 0000:00:02.0: mmap ok: len=4096 pgoff=0 dma=0x42a48000
[    2.563695] day32_edu_perf 0000:00:02.0: mmap ok: len=4096 pgoff=0 dma=0x42a48000
[    2.563928] day32_edu_perf 0000:00:02.0: mmap ok: len=4096 pgoff=0 dma=0x42a48000
[    2.564164] day32_edu_perf 0000:00:02.0: mmap ok: len=4096 pgoff=0 dma=0x42a48000
[    2.564426] day32_edu_perf 0000:00:02.0: mmap ok: len=4096 pgoff=0 dma=0x42a48000
[    2.565067] day32_edu_perf 0000:00:02.0: mmap ok: len=4096 pgoff=0 dma=0x42a48000
[    2.565485] day32_edu_perf 0000:00:02.0: mmap ok: len=4096 pgoff=0 dma=0x42a48000
[    2.565851] day32_edu_perf 0000:00:02.0: mmap ok: len=4096 pgoff=0 dma=0x42a48000
[    2.566326] day32_edu_perf 0000:00:02.0: mmap ok: len=4096 pgoff=0 dma=0x42a48000
[    2.566633] day32_edu_perf 0000:00:02.0: mmap ok: len=4096 pgoff=0 dma=0x42a48000
[    2.566878] day32_edu_perf 0000:00:02.0: mmap ok: len=4096 pgoff=0 dma=0x42a48000
[    2.567114] day32_edu_perf 0000:00:02.0: mmap ok: len=4096 pgoff=0 dma=0x42a48000
[    2.567474] day32_edu_perf 0000:00:02.0: mmap ok: len=4096 pgoff=0 dma=0x42a48000
[    2.567720] day32_edu_perf 0000:00:02.0: mmap ok: len=4096 pgoff=0 dma=0x42a48000
[    2.567953] day32_edu_perf 0000:00:02.0: mmap ok: len=4096 pgoff=0 dma=0x42a48000
[    2.568186] day32_edu_perf 0000:00:02.0: mmap ok: len=4096 pgoff=0 dma=0x42a48000
[    2.568416] day32_edu_perf 0000:00:02.0: mmap ok: len=4096 pgoff=0 dma=0x42a48000
[    2.568725] day32_edu_perf 0000:00:02.0: mmap ok: len=4096 pgoff=0 dma=0x42a48000
[    2.569192] day32_edu_perf 0000:00:02.0: mmap ok: len=4096 pgoff=0 dma=0x42a48000
[    2.569457] day32_edu_perf 0000:00:02.0: mmap ok: len=4096 pgoff=0 dma=0x42a48000
[    2.569696] day32_edu_perf 0000:00:02.0: mmap ok: len=4096 pgoff=0 dma=0x42a48000
[    2.569928] day32_edu_perf 0000:00:02.0: mmap ok: len=4096 pgoff=0 dma=0x42a48000
[    2.570160] day32_edu_perf 0000:00:02.0: mmap ok: len=4096 pgoff=0 dma=0x42a48000
[    2.570398] day32_edu_perf 0000:00:02.0: mmap ok: len=4096 pgoff=0 dma=0x42a48000
[    2.570633] day32_edu_perf 0000:00:02.0: mmap ok: len=4096 pgoff=0 dma=0x42a48000
[    2.570864] day32_edu_perf 0000:00:02.0: mmap ok: len=4096 pgoff=0 dma=0x42a48000
[    2.571125] day32_edu_perf 0000:00:02.0: mmap ok: len=4096 pgoff=0 dma=0x42a48000
[    2.571370] day32_edu_perf 0000:00:02.0: mmap ok: len=4096 pgoff=0 dma=0x42a48000
[    2.571601] day32_edu_perf 0000:00:02.0: mmap ok: len=4096 pgoff=0 dma=0x42a48000
[    2.571844] day32_edu_perf 0000:00:02.0: mmap ok: len=4096 pgoff=0 dma=0x42a48000
[    2.572074] day32_edu_perf 0000:00:02.0: mmap ok: len=4096 pgoff=0 dma=0x42a48000
[    2.572304] day32_edu_perf 0000:00:02.0: mmap ok: len=4096 pgoff=0 dma=0x42a48000
[    2.572534] day32_edu_perf 0000:00:02.0: mmap ok: len=4096 pgoff=0 dma=0x42a48000
[    2.572829] day32_edu_perf 0000:00:02.0: mmap ok: len=4096 pgoff=0 dma=0x42a48000
[    2.573422] day32_edu_perf 0000:00:02.0: mmap ok: len=4096 pgoff=0 dma=0x42a48000
[    2.573720] day32_edu_perf 0000:00:02.0: mmap ok: len=4096 pgoff=0 dma=0x42a48000
[    2.573963] day32_edu_perf 0000:00:02.0: mmap ok: len=4096 pgoff=0 dma=0x42a48000
[    2.574196] day32_edu_perf 0000:00:02.0: mmap ok: len=4096 pgoff=0 dma=0x42a48000
[    2.574428] day32_edu_perf 0000:00:02.0: mmap ok: len=4096 pgoff=0 dma=0x42a48000
[    2.574663] day32_edu_perf 0000:00:02.0: mmap ok: len=4096 pgoff=0 dma=0x42a48000
[    2.574978] day32_edu_perf 0000:00:02.0: mmap ok: len=4096 pgoff=0 dma=0x42a48000
[    2.575221] day32_edu_perf 0000:00:02.0: mmap ok: len=4096 pgoff=0 dma=0x42a48000
[    2.575452] day32_edu_perf 0000:00:02.0: mmap ok: len=4096 pgoff=0 dma=0x42a48000
[    2.575680] day32_edu_perf 0000:00:02.0: mmap ok: len=4096 pgoff=0 dma=0x42a48000
[    2.575915] day32_edu_perf 0000:00:02.0: mmap ok: len=4096 pgoff=0 dma=0x42a48000
[    2.576146] day32_edu_perf 0000:00:02.0: mmap ok: len=4096 pgoff=0 dma=0x42a48000
[    2.576377] day32_edu_perf 0000:00:02.0: mmap ok: len=4096 pgoff=0 dma=0x42a48000
[    2.576619] day32_edu_perf 0000:00:02.0: mmap ok: len=4096 pgoff=0 dma=0x42a48000
[    2.576893] day32_edu_perf 0000:00:02.0: mmap ok: len=4096 pgoff=0 dma=0x42a48000
[    2.577322] day32_edu_perf 0000:00:02.0: mmap ok: len=4096 pgoff=0 dma=0x42a48000
[    2.577582] day32_edu_perf 0000:00:02.0: mmap ok: len=4096 pgoff=0 dma=0x42a48000
[    2.577825] day32_edu_perf 0000:00:02.0: mmap ok: len=4096 pgoff=0 dma=0x42a48000
[    2.578068] day32_edu_perf 0000:00:02.0: mmap ok: len=4096 pgoff=0 dma=0x42a48000
[    2.578302] day32_edu_perf 0000:00:02.0: mmap ok: len=4096 pgoff=0 dma=0x42a48000
[    2.578532] day32_edu_perf 0000:00:02.0: mmap ok: len=4096 pgoff=0 dma=0x42a48000
[    2.578762] day32_edu_perf 0000:00:02.0: mmap ok: len=4096 pgoff=0 dma=0x42a48000
[    2.579081] day32_edu_perf 0000:00:02.0: mmap ok: len=4096 pgoff=0 dma=0x42a48000
[    2.579328] day32_edu_perf 0000:00:02.0: mmap ok: len=4096 pgoff=0 dma=0x42a48000
[    2.579562] day32_edu_perf 0000:00:02.0: mmap ok: len=4096 pgoff=0 dma=0x42a48000
[    2.579796] day32_edu_perf 0000:00:02.0: mmap ok: len=4096 pgoff=0 dma=0x42a48000
[    2.580033] day32_edu_perf 0000:00:02.0: mmap ok: len=4096 pgoff=0 dma=0x42a48000
[    2.580263] day32_edu_perf 0000:00:02.0: mmap ok: len=4096 pgoff=0 dma=0x42a48000
[    2.580492] day32_edu_perf 0000:00:02.0: mmap ok: len=4096 pgoff=0 dma=0x42a48000
[    2.580721] day32_edu_perf 0000:00:02.0: mmap ok: len=4096 pgoff=0 dma=0x42a48000
[    2.580993] day32_edu_perf 0000:00:02.0: mmap ok: len=4096 pgoff=0 dma=0x42a48000
[    2.581450] day32_edu_perf 0000:00:02.0: mmap ok: len=4096 pgoff=0 dma=0x42a48000
[    2.581742] day32_edu_perf 0000:00:02.0: mmap ok: len=4096 pgoff=0 dma=0x42a48000
[    2.581989] day32_edu_perf 0000:00:02.0: mmap ok: len=4096 pgoff=0 dma=0x42a48000
[    2.582228] day32_edu_perf 0000:00:02.0: mmap ok: len=4096 pgoff=0 dma=0x42a48000
[    2.582460] day32_edu_perf 0000:00:02.0: mmap ok: len=4096 pgoff=0 dma=0x42a48000
[    2.582692] day32_edu_perf 0000:00:02.0: mmap ok: len=4096 pgoff=0 dma=0x42a48000
[    2.583053] day32_edu_perf 0000:00:02.0: mmap ok: len=4096 pgoff=0 dma=0x42a48000
[    2.583305] day32_edu_perf 0000:00:02.0: mmap ok: len=4096 pgoff=0 dma=0x42a48000
[    2.583537] day32_edu_perf 0000:00:02.0: mmap ok: len=4096 pgoff=0 dma=0x42a48000
[    2.583766] day32_edu_perf 0000:00:02.0: mmap ok: len=4096 pgoff=0 dma=0x42a48000
[    2.583997] day32_edu_perf 0000:00:02.0: mmap ok: len=4096 pgoff=0 dma=0x42a48000
[    2.584226] day32_edu_perf 0000:00:02.0: mmap ok: len=4096 pgoff=0 dma=0x42a48000
[    2.584453] day32_edu_perf 0000:00:02.0: mmap ok: len=4096 pgoff=0 dma=0x42a48000
[    2.584682] day32_edu_perf 0000:00:02.0: mmap ok: len=4096 pgoff=0 dma=0x42a48000
[    2.584945] day32_edu_perf 0000:00:02.0: mmap ok: len=4096 pgoff=0 dma=0x42a48000
[    2.585185] day32_edu_perf 0000:00:02.0: mmap ok: len=4096 pgoff=0 dma=0x42a48000
[    2.585611] day32_edu_perf 0000:00:02.0: mmap ok: len=4096 pgoff=0 dma=0x42a48000
[    2.585939] day32_edu_perf 0000:00:02.0: mmap ok: len=4096 pgoff=0 dma=0x42a48000
[    2.586251] day32_edu_perf 0000:00:02.0: mmap ok: len=4096 pgoff=0 dma=0x42a48000
[    2.586494] day32_edu_perf 0000:00:02.0: mmap ok: len=4096 pgoff=0 dma=0x42a48000
[    2.586728] day32_edu_perf 0000:00:02.0: mmap ok: len=4096 pgoff=0 dma=0x42a48000
[    2.587038] day32_edu_perf 0000:00:02.0: mmap ok: len=4096 pgoff=0 dma=0x42a48000
[    2.587279] day32_edu_perf 0000:00:02.0: mmap ok: len=4096 pgoff=0 dma=0x42a48000
[    2.587511] day32_edu_perf 0000:00:02.0: mmap ok: len=4096 pgoff=0 dma=0x42a48000
[    2.587741] day32_edu_perf 0000:00:02.0: mmap ok: len=4096 pgoff=0 dma=0x42a48000
[    2.587970] day32_edu_perf 0000:00:02.0: mmap ok: len=4096 pgoff=0 dma=0x42a48000
[    2.588201] day32_edu_perf 0000:00:02.0: mmap ok: len=4096 pgoff=0 dma=0x42a48000
[    2.588437] day32_edu_perf 0000:00:02.0: mmap ok: len=4096 pgoff=0 dma=0x42a48000
[    2.588678] day32_edu_perf 0000:00:02.0: mmap ok: len=4096 pgoff=0 dma=0x42a48000
[    2.588942] day32_edu_perf 0000:00:02.0: mmap ok: len=4096 pgoff=0 dma=0x42a48000
[    2.589185] day32_edu_perf 0000:00:02.0: mmap ok: len=4096 pgoff=0 dma=0x42a48000
[    2.589447] day32_edu_perf 0000:00:02.0: mmap ok: len=4096 pgoff=0 dma=0x42a48000
[    2.590007] day32_edu_perf 0000:00:02.0: mmap ok: len=4096 pgoff=0 dma=0x42a48000
[    2.590272] day32_edu_perf 0000:00:02.0: mmap ok: len=4096 pgoff=0 dma=0x42a48000
[    2.590520] day32_edu_perf 0000:00:02.0: mmap ok: len=4096 pgoff=0 dma=0x42a48000
[    2.590818] day32_edu_perf 0000:00:02.0: mmap ok: len=4096 pgoff=0 dma=0x42a48000
[    2.591072] day32_edu_perf 0000:00:02.0: mmap ok: len=4096 pgoff=0 dma=0x42a48000
[    2.591337] day32_edu_perf 0000:00:02.0: mmap ok: len=4096 pgoff=0 dma=0x42a48000
[    2.591574] day32_edu_perf 0000:00:02.0: mmap ok: len=4096 pgoff=0 dma=0x42a48000
[    2.591805] day32_edu_perf 0000:00:02.0: mmap ok: len=4096 pgoff=0 dma=0x42a48000
[    2.592033] day32_edu_perf 0000:00:02.0: mmap ok: len=4096 pgoff=0 dma=0x42a48000
[    2.592262] day32_edu_perf 0000:00:02.0: mmap ok: len=4096 pgoff=0 dma=0x42a48000
[    2.592490] day32_edu_perf 0000:00:02.0: mmap ok: len=4096 pgoff=0 dma=0x42a48000
[    2.592718] day32_edu_perf 0000:00:02.0: mmap ok: len=4096 pgoff=0 dma=0x42a48000
[    2.592948] day32_edu_perf 0000:00:02.0: mmap ok: len=4096 pgoff=0 dma=0x42a48000
[    2.593177] day32_edu_perf 0000:00:02.0: mmap ok: len=4096 pgoff=0 dma=0x42a48000
[    2.593445] day32_edu_perf 0000:00:02.0: mmap ok: len=4096 pgoff=0 dma=0x42a48000
[    2.593730] day32_edu_perf 0000:00:02.0: mmap ok: len=4096 pgoff=0 dma=0x42a48000
[    2.594353] day32_edu_perf 0000:00:02.0: mmap ok: len=4096 pgoff=0 dma=0x42a48000
[    2.594628] day32_edu_perf 0000:00:02.0: mmap ok: len=4096 pgoff=0 dma=0x42a48000
[    2.594927] day32_edu_perf 0000:00:02.0: mmap ok: len=4096 pgoff=0 dma=0x42a48000
[    2.595331] day32_edu_perf 0000:00:02.0: mmap ok: len=4096 pgoff=0 dma=0x42a48000
[    2.595613] day32_edu_perf 0000:00:02.0: mmap ok: len=4096 pgoff=0 dma=0x42a48000
[    2.595877] day32_edu_perf 0000:00:02.0: mmap ok: len=4096 pgoff=0 dma=0x42a48000
[    2.596114] day32_edu_perf 0000:00:02.0: mmap ok: len=4096 pgoff=0 dma=0x42a48000
[    2.596353] day32_edu_perf 0000:00:02.0: mmap ok: len=4096 pgoff=0 dma=0x42a48000
[    2.596585] day32_edu_perf 0000:00:02.0: mmap ok: len=4096 pgoff=0 dma=0x42a48000
[    2.596817] day32_edu_perf 0000:00:02.0: mmap ok: len=4096 pgoff=0 dma=0x42a48000
[    2.597049] day32_edu_perf 0000:00:02.0: mmap ok: len=4096 pgoff=0 dma=0x42a48000
[    2.597282] day32_edu_perf 0000:00:02.0: mmap ok: len=4096 pgoff=0 dma=0x42a48000
[    2.597514] day32_edu_perf 0000:00:02.0: mmap ok: len=4096 pgoff=0 dma=0x42a48000
[    2.597928] day32_edu_perf 0000:00:02.0: mmap ok: len=4096 pgoff=0 dma=0x42a48000
[    2.598330] day32_edu_perf 0000:00:02.0: mmap ok: len=4096 pgoff=0 dma=0x42a48000
[    2.598587] day32_edu_perf 0000:00:02.0: mmap ok: len=4096 pgoff=0 dma=0x42a48000
[    2.598822] day32_edu_perf 0000:00:02.0: mmap ok: len=4096 pgoff=0 dma=0x42a48000
[    2.599052] day32_edu_perf 0000:00:02.0: mmap ok: len=4096 pgoff=0 dma=0x42a48000
[    2.599283] day32_edu_perf 0000:00:02.0: mmap ok: len=4096 pgoff=0 dma=0x42a48000
[    2.599522] day32_edu_perf 0000:00:02.0: mmap ok: len=4096 pgoff=0 dma=0x42a48000
[    2.599790] day32_edu_perf 0000:00:02.0: mmap ok: len=4096 pgoff=0 dma=0x42a48000
[    2.600033] day32_edu_perf 0000:00:02.0: mmap ok: len=4096 pgoff=0 dma=0x42a48000
[    2.600264] day32_edu_perf 0000:00:02.0: mmap ok: len=4096 pgoff=0 dma=0x42a48000
[    2.600493] day32_edu_perf 0000:00:02.0: mmap ok: len=4096 pgoff=0 dma=0x42a48000
[    2.600723] day32_edu_perf 0000:00:02.0: mmap ok: len=4096 pgoff=0 dma=0x42a48000
[    2.600952] day32_edu_perf 0000:00:02.0: mmap ok: len=4096 pgoff=0 dma=0x42a48000
[    2.601182] day32_edu_perf 0000:00:02.0: mmap ok: len=4096 pgoff=0 dma=0x42a48000
[    2.601412] day32_edu_perf 0000:00:02.0: mmap ok: len=4096 pgoff=0 dma=0x42a48000
[    2.601680] day32_edu_perf 0000:00:02.0: mmap ok: len=4096 pgoff=0 dma=0x42a48000
[    2.601944] day32_edu_perf 0000:00:02.0: mmap ok: len=4096 pgoff=0 dma=0x42a48000
[    2.602428] day32_edu_perf 0000:00:02.0: mmap ok: len=4096 pgoff=0 dma=0x42a48000
[    2.602685] day32_edu_perf 0000:00:02.0: mmap ok: len=4096 pgoff=0 dma=0x42a48000
[    2.602937] day32_edu_perf 0000:00:02.0: mmap ok: len=4096 pgoff=0 dma=0x42a48000
[    2.603188] day32_edu_perf 0000:00:02.0: mmap ok: len=4096 pgoff=0 dma=0x42a48000
[    2.603465] day32_edu_perf 0000:00:02.0: mmap ok: len=4096 pgoff=0 dma=0x42a48000
[    2.603865] day32_edu_perf 0000:00:02.0: mmap ok: len=4096 pgoff=0 dma=0x42a48000
[    2.604107] day32_edu_perf 0000:00:02.0: mmap ok: len=4096 pgoff=0 dma=0x42a48000
[    2.604341] day32_edu_perf 0000:00:02.0: mmap ok: len=4096 pgoff=0 dma=0x42a48000
[    2.604571] day32_edu_perf 0000:00:02.0: mmap ok: len=4096 pgoff=0 dma=0x42a48000
[    2.604804] day32_edu_perf 0000:00:02.0: mmap ok: len=4096 pgoff=0 dma=0x42a48000
[    2.605035] day32_edu_perf 0000:00:02.0: mmap ok: len=4096 pgoff=0 dma=0x42a48000
[    2.605266] day32_edu_perf 0000:00:02.0: mmap ok: len=4096 pgoff=0 dma=0x42a48000
[    2.605558] day32_edu_perf 0000:00:02.0: mmap ok: len=4096 pgoff=0 dma=0x42a48000
[    2.605810] day32_edu_perf 0000:00:02.0: mmap ok: len=4096 pgoff=0 dma=0x42a48000
[    2.606052] day32_edu_perf 0000:00:02.0: mmap ok: len=4096 pgoff=0 dma=0x42a48000
[    2.606457] day32_edu_perf 0000:00:02.0: mmap ok: len=4096 pgoff=0 dma=0x42a48000
[    2.606826] day32_edu_perf 0000:00:02.0: mmap ok: len=4096 pgoff=0 dma=0x42a48000
[    2.607088] day32_edu_perf 0000:00:02.0: mmap ok: len=4096 pgoff=0 dma=0x42a48000
[    2.607326] day32_edu_perf 0000:00:02.0: mmap ok: len=4096 pgoff=0 dma=0x42a48000
[    2.607602] day32_edu_perf 0000:00:02.0: mmap ok: len=4096 pgoff=0 dma=0x42a48000
[    2.607840] day32_edu_perf 0000:00:02.0: mmap ok: len=4096 pgoff=0 dma=0x42a48000
[    2.608078] day32_edu_perf 0000:00:02.0: mmap ok: len=4096 pgoff=0 dma=0x42a48000
[    2.608310] day32_edu_perf 0000:00:02.0: mmap ok: len=4096 pgoff=0 dma=0x42a48000
[    2.608538] day32_edu_perf 0000:00:02.0: mmap ok: len=4096 pgoff=0 dma=0x42a48000
[    2.608769] day32_edu_perf 0000:00:02.0: mmap ok: len=4096 pgoff=0 dma=0x42a48000
[    2.608999] day32_edu_perf 0000:00:02.0: mmap ok: len=4096 pgoff=0 dma=0x42a48000
[    2.609230] day32_edu_perf 0000:00:02.0: mmap ok: len=4096 pgoff=0 dma=0x42a48000
[    2.609484] day32_edu_perf 0000:00:02.0: mmap ok: len=4096 pgoff=0 dma=0x42a48000
[    2.609731] day32_edu_perf 0000:00:02.0: mmap ok: len=4096 pgoff=0 dma=0x42a48000
[    2.609964] day32_edu_perf 0000:00:02.0: mmap ok: len=4096 pgoff=0 dma=0x42a48000
[    2.610196] day32_edu_perf 0000:00:02.0: mmap ok: len=4096 pgoff=0 dma=0x42a48000
[    2.610621] day32_edu_perf 0000:00:02.0: mmap ok: len=4096 pgoff=0 dma=0x42a48000
[    2.610912] day32_edu_perf 0000:00:02.0: mmap ok: len=4096 pgoff=0 dma=0x42a48000
[    2.611161] day32_edu_perf 0000:00:02.0: mmap ok: len=4096 pgoff=0 dma=0x42a48000
[    2.611611] day32_edu_perf 0000:00:02.0: mmap ok: len=4096 pgoff=0 dma=0x42a48000
[    2.611879] day32_edu_perf 0000:00:02.0: mmap ok: len=4096 pgoff=0 dma=0x42a48000
[    2.612114] day32_edu_perf 0000:00:02.0: mmap ok: len=4096 pgoff=0 dma=0x42a48000
[    2.612460] day32_edu_perf 0000:00:02.0: mmap ok: len=4096 pgoff=0 dma=0x42a48000
[    2.612700] day32_edu_perf 0000:00:02.0: mmap ok: len=4096 pgoff=0 dma=0x42a48000
[    2.612931] day32_edu_perf 0000:00:02.0: mmap ok: len=4096 pgoff=0 dma=0x42a48000
[    2.613161] day32_edu_perf 0000:00:02.0: mmap ok: len=4096 pgoff=0 dma=0x42a48000
[    2.613431] day32_edu_perf 0000:00:02.0: mmap ok: len=4096 pgoff=0 dma=0x42a48000
[    2.613666] day32_edu_perf 0000:00:02.0: mmap ok: len=4096 pgoff=0 dma=0x42a48000
[    2.613897] day32_edu_perf 0000:00:02.0: mmap ok: len=4096 pgoff=0 dma=0x42a48000
[    2.614127] day32_edu_perf 0000:00:02.0: mmap ok: len=4096 pgoff=0 dma=0x42a48000
[    2.614358] day32_edu_perf 0000:00:02.0: mmap ok: len=4096 pgoff=0 dma=0x42a48000
[    2.614642] day32_edu_perf 0000:00:02.0: mmap ok: len=4096 pgoff=0 dma=0x42a48000
[    2.614931] day32_edu_perf 0000:00:02.0: mmap ok: len=4096 pgoff=0 dma=0x42a48000
[    2.615175] day32_edu_perf 0000:00:02.0: mmap ok: len=4096 pgoff=0 dma=0x42a48000
[    2.615453] day32_edu_perf 0000:00:02.0: mmap ok: len=4096 pgoff=0 dma=0x42a48000
[    2.615687] day32_edu_perf 0000:00:02.0: mmap ok: len=4096 pgoff=0 dma=0x42a48000
[    2.615925] day32_edu_perf 0000:00:02.0: mmap ok: len=4096 pgoff=0 dma=0x42a48000
[    2.616160] day32_edu_perf 0000:00:02.0: mmap ok: len=4096 pgoff=0 dma=0x42a48000
[    2.616392] day32_edu_perf 0000:00:02.0: mmap ok: len=4096 pgoff=0 dma=0x42a48000
[    2.616623] day32_edu_perf 0000:00:02.0: mmap ok: len=4096 pgoff=0 dma=0x42a48000
[    2.616852] day32_edu_perf 0000:00:02.0: mmap ok: len=4096 pgoff=0 dma=0x42a48000
[    2.617080] day32_edu_perf 0000:00:02.0: mmap ok: len=4096 pgoff=0 dma=0x42a48000
[    2.617348] day32_edu_perf 0000:00:02.0: mmap ok: len=4096 pgoff=0 dma=0x42a48000
[    2.617581] day32_edu_perf 0000:00:02.0: mmap ok: len=4096 pgoff=0 dma=0x42a48000
[    2.617811] day32_edu_perf 0000:00:02.0: mmap ok: len=4096 pgoff=0 dma=0x42a48000
[    2.618037] day32_edu_perf 0000:00:02.0: mmap ok: len=4096 pgoff=0 dma=0x42a48000
[    2.618265] day32_edu_perf 0000:00:02.0: mmap ok: len=4096 pgoff=0 dma=0x42a48000
[    2.618492] day32_edu_perf 0000:00:02.0: mmap ok: len=4096 pgoff=0 dma=0x42a48000
[    2.618786] day32_edu_perf 0000:00:02.0: mmap ok: len=4096 pgoff=0 dma=0x42a48000
[    2.619252] day32_edu_perf 0000:00:02.0: mmap ok: len=4096 pgoff=0 dma=0x42a48000
[    2.619521] day32_edu_perf 0000:00:02.0: mmap ok: len=4096 pgoff=0 dma=0x42a48000
[    2.619761] day32_edu_perf 0000:00:02.0: mmap ok: len=4096 pgoff=0 dma=0x42a48000
[    2.620050] day32_edu_perf 0000:00:02.0: mmap ok: len=4096 pgoff=0 dma=0x42a48000
[    2.620292] day32_edu_perf 0000:00:02.0: mmap ok: len=4096 pgoff=0 dma=0x42a48000
[    2.620524] day32_edu_perf 0000:00:02.0: mmap ok: len=4096 pgoff=0 dma=0x42a48000
[    2.620754] day32_edu_perf 0000:00:02.0: mmap ok: len=4096 pgoff=0 dma=0x42a48000
[    2.620988] day32_edu_perf 0000:00:02.0: mmap ok: len=4096 pgoff=0 dma=0x42a48000
[    2.621241] day32_edu_perf 0000:00:02.0: mmap ok: len=4096 pgoff=0 dma=0x42a48000
[    2.621494] day32_edu_perf 0000:00:02.0: mmap ok: len=4096 pgoff=0 dma=0x42a48000
[    2.621726] day32_edu_perf 0000:00:02.0: mmap ok: len=4096 pgoff=0 dma=0x42a48000
[    2.621956] day32_edu_perf 0000:00:02.0: mmap ok: len=4096 pgoff=0 dma=0x42a48000
[    2.622185] day32_edu_perf 0000:00:02.0: mmap ok: len=4096 pgoff=0 dma=0x42a48000
[    2.622414] day32_edu_perf 0000:00:02.0: mmap ok: len=4096 pgoff=0 dma=0x42a48000
[    2.622642] day32_edu_perf 0000:00:02.0: mmap ok: len=4096 pgoff=0 dma=0x42a48000
[    2.622917] day32_edu_perf 0000:00:02.0: mmap ok: len=4096 pgoff=0 dma=0x42a48000
[    2.623914] day32_edu_perf 0000:00:02.0: mmap ok: len=4096 pgoff=0 dma=0x42a48000
[    2.624275] day32_edu_perf 0000:00:02.0: mmap ok: len=4096 pgoff=0 dma=0x42a48000
[    2.624523] day32_edu_perf 0000:00:02.0: mmap ok: len=4096 pgoff=0 dma=0x42a48000
[    2.624763] day32_edu_perf 0000:00:02.0: mmap ok: len=4096 pgoff=0 dma=0x42a48000
[    2.624999] day32_edu_perf 0000:00:02.0: mmap ok: len=4096 pgoff=0 dma=0x42a48000
[    2.625235] day32_edu_perf 0000:00:02.0: mmap ok: len=4096 pgoff=0 dma=0x42a48000
[    2.625467] day32_edu_perf 0000:00:02.0: mmap ok: len=4096 pgoff=0 dma=0x42a48000
[    2.625698] day32_edu_perf 0000:00:02.0: mmap ok: len=4096 pgoff=0 dma=0x42a48000
[    2.626003] day32_edu_perf 0000:00:02.0: mmap ok: len=4096 pgoff=0 dma=0x42a48000
[    2.626241] day32_edu_perf 0000:00:02.0: mmap ok: len=4096 pgoff=0 dma=0x42a48000
[    2.626472] day32_edu_perf 0000:00:02.0: mmap ok: len=4096 pgoff=0 dma=0x42a48000
[    2.626702] day32_edu_perf 0000:00:02.0: mmap ok: len=4096 pgoff=0 dma=0x42a48000
[    2.626956] day32_edu_perf 0000:00:02.0: mmap ok: len=4096 pgoff=0 dma=0x42a48000
[    2.627605] day32_edu_perf 0000:00:02.0: mmap ok: len=4096 pgoff=0 dma=0x42a48000
[    2.627928] day32_edu_perf 0000:00:02.0: mmap ok: len=4096 pgoff=0 dma=0x42a48000
[    2.628172] day32_edu_perf 0000:00:02.0: mmap ok: len=4096 pgoff=0 dma=0x42a48000
[    2.628411] day32_edu_perf 0000:00:02.0: mmap ok: len=4096 pgoff=0 dma=0x42a48000
[    2.628648] day32_edu_perf 0000:00:02.0: mmap ok: len=4096 pgoff=0 dma=0x42a48000
[    2.628887] day32_edu_perf 0000:00:02.0: mmap ok: len=4096 pgoff=0 dma=0x42a48000
[    2.629127] day32_edu_perf 0000:00:02.0: mmap ok: len=4096 pgoff=0 dma=0x42a48000
[    2.629358] day32_edu_perf 0000:00:02.0: mmap ok: len=4096 pgoff=0 dma=0x42a48000
[    2.629588] day32_edu_perf 0000:00:02.0: mmap ok: len=4096 pgoff=0 dma=0x42a48000
[    2.629882] day32_edu_perf 0000:00:02.0: mmap ok: len=4096 pgoff=0 dma=0x42a48000
[    2.630140] day32_edu_perf 0000:00:02.0: mmap ok: len=4096 pgoff=0 dma=0x42a48000
[    2.630373] day32_edu_perf 0000:00:02.0: mmap ok: len=4096 pgoff=0 dma=0x42a48000
[    2.630604] day32_edu_perf 0000:00:02.0: mmap ok: len=4096 pgoff=0 dma=0x42a48000
[    2.630834] day32_edu_perf 0000:00:02.0: mmap ok: len=4096 pgoff=0 dma=0x42a48000
[    2.631085] day32_edu_perf 0000:00:02.0: mmap ok: len=4096 pgoff=0 dma=0x42a48000
[    2.631561] day32_edu_perf 0000:00:02.0: mmap ok: len=4096 pgoff=0 dma=0x42a48000
[    2.631849] day32_edu_perf 0000:00:02.0: mmap ok: len=4096 pgoff=0 dma=0x42a48000
[    2.632102] day32_edu_perf 0000:00:02.0: mmap ok: len=4096 pgoff=0 dma=0x42a48000
[    2.632339] day32_edu_perf 0000:00:02.0: mmap ok: len=4096 pgoff=0 dma=0x42a48000
[    2.632572] day32_edu_perf 0000:00:02.0: mmap ok: len=4096 pgoff=0 dma=0x42a48000
[    2.632803] day32_edu_perf 0000:00:02.0: mmap ok: len=4096 pgoff=0 dma=0x42a48000
[    2.633034] day32_edu_perf 0000:00:02.0: mmap ok: len=4096 pgoff=0 dma=0x42a48000
[    2.633271] day32_edu_perf 0000:00:02.0: mmap ok: len=4096 pgoff=0 dma=0x42a48000
[    2.633503] day32_edu_perf 0000:00:02.0: mmap ok: len=4096 pgoff=0 dma=0x42a48000
[    2.633737] day32_edu_perf 0000:00:02.0: mmap ok: len=4096 pgoff=0 dma=0x42a48000
[    2.634053] day32_edu_perf 0000:00:02.0: mmap ok: len=4096 pgoff=0 dma=0x42a48000
[    2.634296] day32_edu_perf 0000:00:02.0: mmap ok: len=4096 pgoff=0 dma=0x42a48000
[    2.634528] day32_edu_perf 0000:00:02.0: mmap ok: len=4096 pgoff=0 dma=0x42a48000
[    2.634760] day32_edu_perf 0000:00:02.0: mmap ok: len=4096 pgoff=0 dma=0x42a48000
[    2.634995] day32_edu_perf 0000:00:02.0: mmap ok: len=4096 pgoff=0 dma=0x42a48000
[    2.635230] day32_edu_perf 0000:00:02.0: mmap ok: len=4096 pgoff=0 dma=0x42a48000
[    2.635690] day32_edu_perf 0000:00:02.0: mmap ok: len=4096 pgoff=0 dma=0x42a48000
[    2.635980] day32_edu_perf 0000:00:02.0: mmap ok: len=4096 pgoff=0 dma=0x42a48000
[    2.636228] day32_edu_perf 0000:00:02.0: mmap ok: len=4096 pgoff=0 dma=0x42a48000
[    2.636461] day32_edu_perf 0000:00:02.0: mmap ok: len=4096 pgoff=0 dma=0x42a48000
[    2.636694] day32_edu_perf 0000:00:02.0: mmap ok: len=4096 pgoff=0 dma=0x42a48000
[    2.636924] day32_edu_perf 0000:00:02.0: mmap ok: len=4096 pgoff=0 dma=0x42a48000
[    2.637159] day32_edu_perf 0000:00:02.0: mmap ok: len=4096 pgoff=0 dma=0x42a48000
[    2.637391] day32_edu_perf 0000:00:02.0: mmap ok: len=4096 pgoff=0 dma=0x42a48000
[    2.637622] day32_edu_perf 0000:00:02.0: mmap ok: len=4096 pgoff=0 dma=0x42a48000
[    2.637917] day32_edu_perf 0000:00:02.0: mmap ok: len=4096 pgoff=0 dma=0x42a48000
[    2.638173] day32_edu_perf 0000:00:02.0: mmap ok: len=4096 pgoff=0 dma=0x42a48000
[    2.638407] day32_edu_perf 0000:00:02.0: mmap ok: len=4096 pgoff=0 dma=0x42a48000
[    2.638635] day32_edu_perf 0000:00:02.0: mmap ok: len=4096 pgoff=0 dma=0x42a48000
[    2.638869] day32_edu_perf 0000:00:02.0: mmap ok: len=4096 pgoff=0 dma=0x42a48000
[    2.639103] day32_edu_perf 0000:00:02.0: mmap ok: len=4096 pgoff=0 dma=0x42a48000
[    2.639331] day32_edu_perf 0000:00:02.0: mmap ok: len=4096 pgoff=0 dma=0x42a48000
[    2.639664] day32_edu_perf 0000:00:02.0: mmap ok: len=4096 pgoff=0 dma=0x42a48000
[    2.640269] day32_edu_perf 0000:00:02.0: mmap ok: len=4096 pgoff=0 dma=0x42a48000
[    2.640525] day32_edu_perf 0000:00:02.0: mmap ok: len=4096 pgoff=0 dma=0x42a48000
[    2.640761] day32_edu_perf 0000:00:02.0: mmap ok: len=4096 pgoff=0 dma=0x42a48000
[    2.640994] day32_edu_perf 0000:00:02.0: mmap ok: len=4096 pgoff=0 dma=0x42a48000
[    2.641232] day32_edu_perf 0000:00:02.0: mmap ok: len=4096 pgoff=0 dma=0x42a48000
[    2.641474] day32_edu_perf 0000:00:02.0: mmap ok: len=4096 pgoff=0 dma=0x42a48000
[    2.641705] day32_edu_perf 0000:00:02.0: mmap ok: len=4096 pgoff=0 dma=0x42a48000
[    2.642022] day32_edu_perf 0000:00:02.0: mmap ok: len=4096 pgoff=0 dma=0x42a48000
[    2.642266] day32_edu_perf 0000:00:02.0: mmap ok: len=4096 pgoff=0 dma=0x42a48000
[    2.642499] day32_edu_perf 0000:00:02.0: mmap ok: len=4096 pgoff=0 dma=0x42a48000
[    2.642731] day32_edu_perf 0000:00:02.0: mmap ok: len=4096 pgoff=0 dma=0x42a48000
[    2.642967] day32_edu_perf 0000:00:02.0: mmap ok: len=4096 pgoff=0 dma=0x42a48000
[    2.643197] day32_edu_perf 0000:00:02.0: mmap ok: len=4096 pgoff=0 dma=0x42a48000
[    2.643427] day32_edu_perf 0000:00:02.0: mmap ok: len=4096 pgoff=0 dma=0x42a48000
[    2.643903] day32_edu_perf 0000:00:02.0: mmap ok: len=4096 pgoff=0 dma=0x42a48000
[    2.644211] day32_edu_perf 0000:00:02.0: mmap ok: len=4096 pgoff=0 dma=0x42a48000
[    2.644461] day32_edu_perf 0000:00:02.0: mmap ok: len=4096 pgoff=0 dma=0x42a48000
[    2.644701] day32_edu_perf 0000:00:02.0: mmap ok: len=4096 pgoff=0 dma=0x42a48000
[    2.644934] day32_edu_perf 0000:00:02.0: mmap ok: len=4096 pgoff=0 dma=0x42a48000
[    2.645164] day32_edu_perf 0000:00:02.0: mmap ok: len=4096 pgoff=0 dma=0x42a48000
[    2.645401] day32_edu_perf 0000:00:02.0: mmap ok: len=4096 pgoff=0 dma=0x42a48000
[    2.645636] day32_edu_perf 0000:00:02.0: mmap ok: len=4096 pgoff=0 dma=0x42a48000
[    2.645925] day32_edu_perf 0000:00:02.0: mmap ok: len=4096 pgoff=0 dma=0x42a48000
[    2.646183] day32_edu_perf 0000:00:02.0: mmap ok: len=4096 pgoff=0 dma=0x42a48000
[    2.646415] day32_edu_perf 0000:00:02.0: mmap ok: len=4096 pgoff=0 dma=0x42a48000
[    2.646645] day32_edu_perf 0000:00:02.0: mmap ok: len=4096 pgoff=0 dma=0x42a48000
[    2.646875] day32_edu_perf 0000:00:02.0: mmap ok: len=4096 pgoff=0 dma=0x42a48000
[    2.647109] day32_edu_perf 0000:00:02.0: mmap ok: len=4096 pgoff=0 dma=0x42a48000
[    2.647340] day32_edu_perf 0000:00:02.0: mmap ok: len=4096 pgoff=0 dma=0x42a48000
[    2.647570] day32_edu_perf 0000:00:02.0: mmap ok: len=4096 pgoff=0 dma=0x42a48000
[    2.647903] day32_edu_perf 0000:00:02.0: mmap ok: len=4096 pgoff=0 dma=0x42a48000
[    2.648603] day32_edu_perf 0000:00:02.0: mmap ok: len=4096 pgoff=0 dma=0x42a48000
[    2.648945] day32_edu_perf 0000:00:02.0: mmap ok: len=4096 pgoff=0 dma=0x42a48000
[    2.649301] day32_edu_perf 0000:00:02.0: mmap ok: len=4096 pgoff=0 dma=0x42a48000
[    2.649562] day32_edu_perf 0000:00:02.0: mmap ok: len=4096 pgoff=0 dma=0x42a48000
[    2.650300] day32_edu_perf 0000:00:02.0: mmap ok: len=4096 pgoff=0 dma=0x42a48000
[    2.684022] day32_edu_perf 0000:00:02.0: mmap ok: len=4096 pgoff=0 dma=0x42a48000
===DAY32:DMESG_DRIVER:END===
===DAY32:COMPLETE===
[   10.293190] Flash device refused suspend due to active operation (state 20)
[   10.293422] Flash device refused suspend due to active operation (state 20)
[   10.293886] reboot: Power down
